,source,sink,name,reactance,limit
0,n_2415,n_6402,n_2415_n_6402,132.20405125642168,2531.1807807675123
1,n_6382,n_6384,n_6382_n_6384,499.5842904645514,1201.902334824396
2,n_9876,n_18868,n_9876_n_18868,251.6188988053708,769.0573513066853
3,n_30301,n_20153,n_30301_n_20153,1632.979342415421,2598.515412422379
4,n_18303,n_18301,n_18303_n_18301,787.489491072619,1616.330658125938
5,n_14283,n_29239,n_14283_n_29239,4811.262059662515,5250.8000969758195
6,n_18285,n_23854,n_18285_n_23854,19.011668349416805,716.2011144045956
7,n_9887,n_15226,n_9887_n_15226,90.99211346931419,396.6306851867467
8,n_28703,n_28702,n_28703_n_28702,77.9475498066247,358.62311137143024
9,n_18301,n_18304,n_18301_n_18304,599.5414720611946,1353.4280903487154
10,n_10013,n_23846,n_10013_n_23846,67.54345959013112,1634.750776246771
11,n_23782,n_9480,n_23782_n_9480,14.027519820463818,587.594041287924
12,n_9874,n_17072,n_9874_n_17072,175.35089375175107,607.9375441844676
13,n_30398,n_30399,n_30398_n_30399,34.10232604641608,209.37134975851512
14,n_6131,n_2416,n_6131_n_2416,54.953686848741704,1429.3242508216383
15,n_29016,n_23792,n_29016_n_23792,18.717263772638557,708.9614154554995
16,n_9842,n_9845,n_9842_n_9845,13.585746559391325,575.4799365802533
17,n_21559,n_21560,n_21559_n_21560,1077.4388073452471,1982.2684056552057
18,n_9851,n_23776,n_9851_n_23776,110.62225378094737,2253.8981755969817
19,n_4477,n_28505,n_4477_n_28505,20.13207844543429,743.403002232188
20,n_9956,n_30062,n_9956_n_30062,294.49944115663646,852.018177855655
21,n_6902,n_7700,n_6902_n_7700,40.69829003778968,234.9140266246301
22,n_15826,n_31016,n_15826_n_31016,60.679030234709415,304.6723317206142
23,n_319,n_29015,n_319_n_29015,70.75609695607446,1684.9580828129313
24,n_28504,n_18302,n_28504_n_18302,9.717267990530113,462.683576824639
25,n_9851,n_30518,n_9851_n_30518,118.92338830987417,2362.608807450692
26,n_6676,n_22544,n_6676_n_22544,1114.2778296310094,10138.7773208708
27,n_23598,n_28945,n_23598_n_28945,26.675505217555315,892.8780781766661
28,n_18283,n_30400,n_18283_n_30400,246.87956280151707,759.5960422179625
29,n_7067,n_9824,n_7067_n_9824,240.23484744468942,3734.1078900826606
30,n_9419,n_6664,n_9419_n_6664,15.911455695224252,637.8315196104514
31,n_9487,n_18868,n_9487_n_18868,117.76694463667577,469.1493358038175
32,n_322,n_7566,n_322_n_7566,96.87254630064687,2067.3284849250654
33,n_319,n_6894,n_319_n_6894,57.96703048408588,1479.8704166242917
34,n_14001,n_14015,n_14001_n_14015,173.55747560955584,603.8825381074029
35,n_23775,n_9848,n_23775_n_9848,476.3385147568285,5830.636170849107
36,n_20895,n_29873,n_20895_n_29873,91.6517543049204,1994.0978818290218
37,n_15511,n_15512,n_15511_n_15512,102.84989998673527,429.55580170943193
38,n_9904,n_9910,n_9904_n_9910,112.18190008113346,2274.5346661649496
39,n_6709,n_6711,n_6709_n_6711,87.77339888097397,387.43970527047736
40,n_14496,n_26258,n_14496_n_26258,1240.977084078231,2173.2769623176296
41,n_9839,n_9840,n_9839_n_9840,30.19195580093697,967.8365627717989
42,n_26271,n_26273,n_26271_n_26273,6182.668989082497,6182.020494536586
43,n_28663,n_28673,n_28663_n_28673,101.64380343772733,2133.0571617993014
44,n_26269,n_28302,n_26269_n_28302,316.3300698156248,892.6193928443544
45,n_7590,n_19223,n_7590_n_19223,1684.3184623214486,13267.67984003261
46,n_14522,n_28305,n_14522_n_28305,3700.6635458413075,4426.137366456401
47,n_26273,n_26276,n_26273_n_26276,9891.465222116058,8394.397613917568
48,n_6700,n_6703,n_6700_n_6703,102.26229141062304,2141.497769387617
49,n_29973,n_6897,n_29973_n_6897,15.384954867333535,624.0113175492587
50,n_20562,n_23861,n_20562_n_23861,389.9815237633735,5118.733128986021
51,n_29017,n_30068,n_29017_n_30068,283.3520649380408,4157.739711951676
52,n_2106,n_21118,n_2106_n_21118,3801.6096108175725,4504.36651008848
53,n_23857,n_29979,n_23857_n_29979,63.00487921949973,1562.3754866092331
54,n_10013,n_10012,n_10013_n_10012,59.90539286899564,1511.9002447119212
55,n_6684,n_28470,n_6684_n_28470,6.567641056120169,3190.4658980311465
56,n_23847,n_29015,n_23847_n_29015,46.369806721296,1279.7112678829978
57,n_1572,n_7041,n_1572_n_7041,28.070846839016273,923.011608253272
58,n_6701,n_28771,n_6701_n_28771,85.21003742631639,1901.7013078103198
59,n_1924,n_23766,n_1924_n_23766,54.12038547481009,1415.1769837026216
60,n_8330,n_8337,n_8330_n_8337,15.702598458898066,632.3685836812082
61,n_6134,n_6177,n_6134_n_6177,50.70352821765205,1356.3528326283904
62,n_9941,n_23814,n_9941_n_23814,340.61241744425035,4686.993953618341
63,n_1060,n_1061,n_1060_n_1061,277.0844548307617,4097.635654449401
64,n_6402,n_10053,n_6402_n_10053,30.064089151908224,965.166198552681
65,n_9942,n_18290,n_9942_n_18290,329.94308298195756,917.4421196195766
66,n_23802,n_30494,n_23802_n_30494,107.40669021756925,2211.027892342031
67,n_1834,n_6891,n_1834_n_6891,109.46360390852226,19919.80964515549
68,n_19634,n_28669,n_19634_n_28669,32.32212288483741,1011.7593881961644
69,n_9865,n_23787,n_9865_n_23787,123.19355729574043,2417.4951324850854
70,n_28470,n_4473,n_28470_n_4473,10.887312390371202,4433.594269658734
71,n_23783,n_9867,n_23783_n_9867,28.044894112167896,922.4559782074971
72,n_9847,n_23775,n_9847_n_23775,46.59702070718822,1283.7899707507281
73,n_10025,n_14045,n_10025_n_14045,160.80083063563916,574.6038647502687
74,n_26270,n_28300,n_26270_n_28300,589.4213758527777,1338.5115295236274
75,n_23848,n_28671,n_23848_n_28671,124.01862230848991,2428.023000901494
76,n_26274,n_28309,n_26274_n_28309,883.240965366495,1741.696298938194
77,n_26570,n_31224,n_26570_n_31224,91001.83749346226,35597.256056758575
78,n_28711,n_30943,n_28711_n_30943,101.71427497485865,2134.0198015466276
79,n_7703,n_9823,n_7703_n_9823,106.51928723587292,2199.118412880153
80,n_29004,n_9898,n_29004_n_9898,19.688130729827616,732.6894570104254
81,n_9483,n_23781,n_9483_n_23781,275.776618503608,4085.0343971674056
82,n_9864,n_9866,n_9864_n_9866,225.35075918654604,3581.822403709207
83,n_6691,n_25047,n_6691_n_25047,155.70434358840282,2815.6625006116624
84,n_7089,n_9821,n_7089_n_9821,66.23204474852243,1614.017343274766
85,n_4532,n_4534,n_4532_n_4534,21.177627231254363,768.3143505321399
86,n_18692,n_28635,n_18692_n_28635,50.34366592512276,1350.0781597656057
87,n_26276,n_28308,n_26276_n_28308,1213.2145690780146,2141.500873993751
88,n_3494,n_30304,n_3494_n_30304,605.378210390227,1361.991209187285
89,n_322,n_20897,n_322_n_20897,49.18146829592163,1329.7058920387476
90,n_2042,n_18704,n_2042_n_18704,5992.5158814678425,6057.570152975791
91,n_9956,n_29011,n_9956_n_29011,26.569455001599035,890.5656206030652
92,n_4093,n_7049,n_4093_n_7049,34.61676827317074,1057.9578078644574
93,n_6987,n_22602,n_6987_n_22602,205.9755685124285,675.101222911153
94,n_9480,n_23781,n_9480_n_23781,204.92696319450238,3367.005609003755
95,n_30412,n_6669,n_30412_n_6669,21.576141294740793,777.695797479035
96,n_9849,n_23777,n_9849_n_23777,64.58515326759422,1587.7759050320049
97,n_18706,n_18707,n_18706_n_18707,291.5988766201234,846.5457884165074
98,n_15691,n_15692,n_15691_n_15692,49.92003489676096,268.319239531821
99,n_6660,n_6682,n_6660_n_6682,25.30505725749438,862.7417024617796
100,n_18708,n_28211,n_18708_n_28211,442.05365433387516,1109.8878128545978
101,n_4517,n_28664,n_4517_n_28664,28.016118347985376,921.8396990391586
102,n_9886,n_23792,n_9886_n_23792,277.00571424355206,4096.87756167948
103,n_10014,n_14322,n_10014_n_14322,3684.3715352193276,4413.442295563878
104,n_18292,n_18294,n_18292_n_18294,80.77215668975731,367.0305549986326
105,n_14283,n_14301,n_14283_n_14301,1654.8634084963217,2621.132823906868
106,n_6660,n_6678,n_6660_n_6678,115.39162371241164,2316.691910402662
107,n_18268,n_18269,n_18268_n_18269,1829.1152275220215,2797.652703606481
108,n_6404,n_10053,n_6404_n_10053,123.46438110158248,483.8029402959556
109,n_9477,n_23596,n_9477_n_23596,46.97251114596644,1290.5151952494246
110,n_13841,n_29284,n_13841_n_29284,395.15325903512326,1031.7375862428114
111,n_18280,n_30525,n_18280_n_30525,25.151948815316132,859.3398683174578
112,n_6650,n_29015,n_6650_n_29015,727.3523225563666,7680.486095502986
113,n_9869,n_23788,n_9869_n_23788,3223.3692180095445,20244.29551516018
114,n_9855,n_28996,n_9855_n_28996,206.4672765684502,3383.4594285479607
115,n_6647,n_30416,n_6647_n_30416,673.0195676958464,1459.2204062982912
116,n_9884,n_31012,n_9884_n_31012,864.8048332405046,1717.9422308270118
117,n_7608,n_7607,n_7608_n_7607,194.62717981157274,3255.8492983584138
118,n_13301,n_31027,n_13301_n_31027,20.39705888586974,6671.892750321642
119,n_16281,n_29255,n_16281_n_29255,291.891421201427,847.098580291588
120,n_6978,n_28707,n_6978_n_28707,108.72325235792576,445.36980831603006
121,n_6930,n_28700,n_6930_n_28700,83.9720503135636,376.4320513203985
122,n_9859,n_9858,n_9859_n_9858,17.139758848537525,669.4680993257367
123,n_29873,n_29874,n_29873_n_29874,141.71573499096246,2648.2927331598717
124,n_4481,n_10025,n_4481_n_10025,59.55210515796959,1506.0897297024785
125,n_28502,n_28505,n_28502_n_28505,42.34488611189339,1206.2581312251577
126,n_1514,n_6177,n_1514_n_6177,359.3575211460373,4853.340146634948
127,n_2106,n_30943,n_2106_n_30943,4441.889377846258,4984.727998128229
128,n_1837,n_1924,n_1837_n_1924,4.754554411108341,2585.3483939756943
129,n_28108,n_28506,n_28108_n_28506,360.87782813814266,972.5598972152147
130,n_23805,n_9911,n_23805_n_9911,28.334818636600417,928.6529177173347
131,n_9946,n_9950,n_9946_n_9950,214.54332930243157,3469.0383280851565
132,n_18310,n_9883,n_18310_n_9883,325.07099355416636,908.599906260986
133,n_15782,n_31027,n_15782_n_31027,104.88105064911616,435.0594769530991
134,n_15628,n_15632,n_15628_n_15632,253.17840776152016,772.1570228748608
135,n_4095,n_21284,n_4095_n_21284,850.0756517299595,8500.993921606452
136,n_6658,n_6674,n_6658_n_6674,2601.795618474606,3518.9873545330397
137,n_3,n_19163,n_3_n_19163,120.44186388820269,476.05923990377926
138,n_9440,n_9479,n_9440_n_9479,19.6519763126034,731.8132694726909
139,n_6687,n_30413,n_6687_n_30413,2107.769586877371,15353.298127183643
140,n_28664,n_30882,n_28664_n_30882,2213.64655703606,15851.060128309191
141,n_8330,n_28842,n_8330_n_28842,333.5212586909109,4623.2378310149925
142,n_16289,n_29240,n_16289_n_29240,141.8230194916646,529.495150579554
143,n_7061,n_7064,n_7061_n_7064,57.39699306392941,1470.380226561142
144,n_11742,n_15662,n_11742_n_15662,58.36277756778794,297.0498739000007
145,n_27917,n_27921,n_27917_n_27921,8304.561511203072,37485.90487014844
146,n_17246,n_26258,n_17246_n_26258,91.35344227329924,397.65531177883645
147,n_26274,n_28310,n_26274_n_28310,567.9733137601619,1306.5990868021613
148,n_275,n_4531,n_275_n_4531,767.5621523552724,70783.08777561794
149,n_4484,n_4496,n_4484_n_4496,33.75692905634699,1040.775573638087
150,n_18865,n_28766,n_18865_n_28766,439.0373705617708,5529.187176095035
151,n_14503,n_28300,n_14503_n_28300,1658.24705433458,2624.6205142991184
152,n_12430,n_25047,n_12430_n_25047,225.92494288832705,3587.761002087129
153,n_9877,n_23790,n_9877_n_23790,31.624495528674604,997.4891736765616
154,n_7049,n_26833,n_7049_n_26833,185.58740390377287,630.8119888149378
155,n_6384,n_28635,n_6384_n_28635,1463.5179796386496,2419.630252509012
156,n_15512,n_11742,n_15512_n_11742,118.50340611391839,471.0571930257452
157,n_4477,n_29803,n_4477_n_29803,366.9120676271191,4919.519453172934
158,n_9970,n_9983,n_9970_n_9983,60.86979418401978,1527.7011883139608
159,n_14322,n_15629,n_14322_n_15629,293.95882034081006,850.999639589727
160,n_6974,n_6980,n_6974_n_6980,2178.431372644526,3134.7761584302866
161,n_9413,n_28669,n_9413_n_28669,14.323978028085406,595.6487800181188
162,n_23812,n_30400,n_23812_n_30400,39.983390098227225,1162.0276225305379
163,n_14577,n_21560,n_14577_n_21560,145.193401303479,537.653262750794
164,n_1754,n_22541,n_1754_n_22541,10.57254238663512,488.80274386208754
165,n_6955,n_28704,n_6955_n_28704,96.10713658951856,2056.680087793123
166,n_9418,n_9419,n_9418_n_9419,687.0376607971665,1478.9353902505393
167,n_6706,n_23814,n_6706_n_23814,28.169295656892512,925.117701968875
168,n_9440,n_23586,n_9440_n_23586,339.51615960489676,4677.168065527699
169,n_14015,n_14021,n_14015_n_14021,862.5016104861188,1714.9622778626845
170,n_6922,n_10051,n_6922_n_10051,32.55497291915649,1016.4984254906971
171,n_9893,n_23802,n_9893_n_23802,3536.6821084549474,21504.4745609927
172,n_6692,n_18710,n_6692_n_18710,549.5319791298217,1278.8225659378322
173,n_18688,n_30525,n_18688_n_30525,2910.7852086559637,18943.64020958887
174,n_3,n_28310,n_3_n_28310,120.81403167352413,477.01636649972113
175,n_6671,n_22544,n_6671_n_22544,1438.177286861491,11970.95262444148
176,n_6891,n_22779,n_6891_n_22779,236.7421591503863,3698.6755914123914
177,n_9831,n_28668,n_9831_n_28668,171.67247424067781,3000.4262534651393
178,n_18865,n_22779,n_18865_n_22779,16.32696861558058,648.6259819477898
179,n_11744,n_11747,n_11744_n_11747,177.72551619447063,613.2844835208983
180,n_9830,n_28993,n_9830_n_28993,85.97967497407689,1912.865736698809
181,n_13964,n_14006,n_13964_n_14006,322.9387460960326,904.7156189727707
182,n_26271,n_26272,n_26271_n_26272,848.0784119123125,1696.2376892481955
183,n_9859,n_28766,n_9859_n_28766,163.81439745692816,2910.28834264509
184,n_9942,n_30065,n_9942_n_30065,116.12364662412895,2326.248875504138
185,n_30520,n_30521,n_30520_n_30521,172.27723774721937,3007.302987443338
186,n_1517,n_20897,n_1517_n_20897,576.0672797823448,6598.737944361079
187,n_8320,n_8324,n_8320_n_8324,37.20368202498959,1108.7771298396478
188,n_7557,n_29872,n_7557_n_29872,69.85235986884571,1670.9163469394105
189,n_1834,n_6177,n_1834_n_6177,32.601977188669665,9054.039524718237
190,n_7065,n_29002,n_7065_n_29002,60.81172827132808,1526.7523086328179
191,n_23845,n_30523,n_23845_n_30523,244.13841238099317,3773.4963523258953
192,n_322,n_20895,n_322_n_20895,49.28178498516438,1331.4709290512644
193,n_16404,n_18693,n_16404_n_18693,79.09877180152786,362.06235184394956
194,n_6966,n_29661,n_6966_n_29661,164.73057073745184,583.7069624026423
195,n_10025,n_14003,n_10025_n_14003,231.87389620168258,729.2120353850893
196,n_2415,n_23859,n_2415_n_23859,314.3436403613373,4448.394228118359
197,n_18303,n_28842,n_18303_n_28842,19.988322404714566,147.87006660066308
198,n_15775,n_15776,n_15775_n_15776,3384.2063615814272,4175.911331313298
199,n_998,n_9900,n_998_n_9900,157.62183954422738,2838.1875716220566
200,n_23795,n_9890,n_23795_n_9890,525.9486756393508,6219.091609093214
201,n_4507,n_28470,n_4507_n_28470,13.809314519289009,5175.74215460802
202,n_14030,n_26041,n_14030_n_26041,174.1809792392979,605.2939612064735
203,n_15664,n_28707,n_15664_n_28707,175.22845958845025,607.6611763375719
204,n_28669,n_22612,n_28669_n_22612,6.200890829438007,345.36667745680154
205,n_4540,n_11744,n_4540_n_11744,1119.2429173635169,2032.0042985234782
206,n_28310,n_3,n_28310_n_3,120.81403167352413,477.01636649972113
207,n_1258,n_28625,n_1258_n_28625,352.9224516342825,958.5484813713222
208,n_18706,n_18709,n_18706_n_18709,210.5311156280186,684.7842662245826
209,n_7719,n_9967,n_7719_n_9967,69.75549249515069,1669.4075274499364
210,n_14496,n_14497,n_14496_n_14497,638.7686772144002,1410.4365659589714
211,n_15226,n_28662,n_15226_n_28662,37.75230932682209,223.69954495447686
212,n_4496,n_30852,n_4496_n_30852,47.833756458903665,1305.8700896316832
213,n_9830,n_9832,n_9830_n_9832,144.8616475686824,2686.417448469779
214,n_9941,n_23813,n_9941_n_23813,339.2622984420695,4674.891099976872
215,n_23767,n_9823,n_23767_n_9823,215.15773337968963,3475.502491924971
216,n_4481,n_14593,n_4481_n_14593,520.4740269661504,1234.385059775647
217,n_30065,n_9928,n_30065_n_9928,48.98473650997155,1326.2408124599785
218,n_10019,n_10018,n_10019_n_10018,1144.7294355045974,10318.305415202722
219,n_31012,n_30494,n_31012_n_30494,60.72132353662103,304.81055912652323
220,n_1851,n_13431,n_1851_n_13431,308.88121094171754,878.8790821527044
221,n_6705,n_6707,n_6705_n_6707,348.34690629017365,4756.008340240746
222,n_29024,n_30525,n_29024_n_30525,1841.8175046661136,14062.68850630881
223,n_7601,n_22817,n_7601_n_22817,489.8468021202988,5937.752120220544
224,n_14502,n_28300,n_14502_n_28300,234.95709911819344,3680.4962794744174
225,n_7601,n_22814,n_7601_n_22814,176.30085462906823,3052.842849562023
226,n_7045,n_15666,n_7045_n_15666,63.064552200297975,312.4173240769538
227,n_14522,n_28306,n_14522_n_28306,1715.251705278823,2683.0100783646667
228,n_26276,n_28305,n_26276_n_28305,1542.853861146423,2504.23053491022
229,n_6669,n_9412,n_6669_n_9412,68.5871572094135,1651.1513634427467
230,n_4532,n_10023,n_4532_n_10023,143.66151178836537,2671.9076561481957
231,n_10051,n_23858,n_10051_n_23858,59.12073735166575,1498.978694300526
232,n_30897,n_30898,n_30897_n_30898,6.9451388772040765,3308.6807898608527
233,n_9841,n_23774,n_9841_n_23774,12045.327959654998,9543.063087255177
234,n_10014,n_18690,n_10014_n_18690,294.09346328294447,851.2533701367846
235,n_6913,n_31027,n_6913_n_31027,15.701220490149753,5626.9522928074875
236,n_9933,n_30066,n_9933_n_30066,109.198497768107,2234.9708911650087
237,n_10017,n_29021,n_10017_n_29021,736.7568564820206,7744.990121942594
238,n_6177,n_22542,n_6177_n_22542,1093.0344241912157,10012.52129437305
239,n_4093,n_7046,n_4093_n_7046,823.3416235476689,1663.8627302574134
240,n_29011,n_23825,n_29011_n_23825,147.898428468428,2722.946447343101
241,n_29239,n_30640,n_29239_n_30640,3552.985532998177,4310.33670010693
242,n_23600,n_6661,n_23600_n_6661,52.10424983553883,1380.6297965603585
243,n_1258,n_28107,n_1258_n_28107,113.15616317307622,457.10859160063904
244,n_9881,n_28663,n_9881_n_28663,34.8122715739855,1061.8436913978308
245,n_26302,n_26303,n_26302_n_26303,627.493513614315,1394.1788276655543
246,n_6967,n_6972,n_6967_n_6972,2095.004945604981,3056.091384359159
247,n_16281,n_18691,n_16281_n_18691,118.00860918833155,469.77584325306293
248,n_18293,n_18290,n_18293_n_18290,56.87061528817276,292.08342178829815
249,n_6687,n_7062,n_6687_n_7062,61.45615393811714,1537.2655111941058
250,n_18689,n_22611,n_18689_n_22611,15.52707206407613,627.7578210364491
251,n_29018,n_29019,n_29018_n_29019,46.36018073638802,1279.5383186634076
252,n_10024,n_11731,n_10024_n_11731,50.336686220024,269.7750340106722
253,n_26268,n_28300,n_26268_n_28300,5252.7351019761445,5559.629204913597
254,n_6697,n_22546,n_6697_n_22546,216.36957039746414,3488.2334144085066
255,n_17633,n_29477,n_17633_n_29477,127.28767172399613,493.504112852431
256,n_6955,n_28703,n_6955_n_28703,180.25029296783035,3097.1916908507806
257,n_20881,n_30304,n_20881_n_30304,806.1816884074445,1641.2045199282845
258,n_2416,n_2417,n_2416_n_2417,54.68144588525023,1424.7106023451572
259,n_9902,n_9909,n_9902_n_9909,80.48846219232522,366.1908263739637
260,n_26302,n_29293,n_26302_n_29293,136.5094998234647,516.4947354841482
261,n_9426,n_23802,n_9426_n_23802,40.461370841691014,1171.0521851636327
262,n_9454,n_23779,n_9454_n_23779,6037.179304143081,30459.011545196256
263,n_9488,n_23600,n_9488_n_23600,184.65132458331752,3146.2139561072954
264,n_28471,n_28502,n_28471_n_28502,25.873757881113534,875.3149858224101
265,n_23804,n_30061,n_23804_n_30061,23.79811914674168,828.9380555541146
266,n_14502,n_26265,n_14502_n_26265,280.5588942766791,825.5407549466858
267,n_3,n_28779,n_3_n_28779,117.44852015353656,468.3231452027393
268,n_28311,n_28779,n_28311_n_28779,700.8963673215844,1498.2886756387993
269,n_22537,n_30518,n_22537_n_30518,790.67991353465,1620.590642878681
270,n_6661,n_31010,n_6661_n_31010,81.41686610246798,1846.1538288043141
271,n_23771,n_23772,n_23771_n_23772,16.558401820100833,654.5967016147811
272,n_9945,n_23819,n_9945_n_23819,205.79157173846653,3376.24675842471
273,n_6647,n_28664,n_6647_n_28664,1120.1634466579778,2033.0921173207576
274,n_14522,n_28307,n_14522_n_28307,3569.973284363183,4323.741888534299
275,n_26272,n_28303,n_26272_n_28303,180.5109189752088,619.5247070272201
276,n_9440,n_23773,n_9440_n_23773,133.4176511247761,2546.283026450847
277,n_1517,n_28509,n_1517_n_28509,37.8374714331832,1121.037431674415
278,n_9901,n_9905,n_9901_n_9905,67.35581448333862,1631.7927826129267
279,n_18869,n_23842,n_18869_n_23842,471.18710395393833,5789.508868275073
280,n_13964,n_28275,n_13964_n_28275,507.14174660826626,1213.7076296179762
281,n_13843,n_29240,n_13843_n_29240,1316.6413370853086,11302.282450422501
282,n_319,n_19222,n_319_n_19222,258.02876100745,3911.9092125267953
283,n_7049,n_28707,n_7049_n_28707,126.7393408494399,2462.567667546425
284,n_14576,n_26302,n_14576_n_26302,1652.1678365198406,13102.25607792194
285,n_6707,n_6711,n_6707_n_6711,235.74892582080352,3688.5662854159377
286,n_6913,n_28504,n_6913_n_28504,44.56599114631766,1247.0795190652664
287,n_1572,n_1575,n_1572_n_1575,120.88543217579274,477.19987381411977
288,n_23856,n_30493,n_23856_n_30493,203.2291284012951,3348.819033654881
289,n_23772,n_28994,n_23772_n_28994,234.98265853948072,3680.7569197779135
290,n_26303,n_14569,n_26303_n_14569,1971.4807291548207,2937.5468952945216
291,n_28505,n_30343,n_28505_n_30343,909.4282759556748,8882.824586696386
292,n_6191,n_18291,n_6191_n_18291,85.38339066258851,380.5388039526169
293,n_4479,n_30205,n_4479_n_30205,433.2188066338778,1095.3964288602651
294,n_28699,n_17633,n_28699_n_17633,178.83450623218104,615.7730486114057
295,n_6968,n_26833,n_6968_n_26833,34.74837678598319,211.9450320184507
296,n_4478,n_30957,n_4478_n_30957,30.15333947672232,967.0305170567212
297,n_9874,n_9876,n_9874_n_9876,33.0943234809903,1027.4302693298905
298,n_20880,n_20881,n_20880_n_20881,705.5241178228351,1504.721377609402
299,n_2042,n_23859,n_2042_n_23859,435.2085559812564,1098.6690511431243
300,n_6132,n_6135,n_6132_n_6135,271.65883028604514,4045.2217525760725
301,n_6969,n_22602,n_6969_n_22602,375.2220381684117,997.5543699921371
302,n_9929,n_23812,n_9929_n_23812,376.9692752406471,5006.889414870132
303,n_4477,n_4521,n_4477_n_4521,44.59888613411872,1247.6786825976276
304,n_9903,n_9908,n_9903_n_9908,52.41348440623195,1385.9585338863271
305,n_9949,n_23815,n_9949_n_23815,42.964375871246254,1217.7172584202624
306,n_9865,n_28955,n_9865_n_28955,673.4194077546326,7304.773716034918
307,n_6942,n_28471,n_6942_n_28471,91.30260906206968,397.51124873578107
308,n_10038,n_10037,n_10038_n_10037,335.8606925455076,4644.323347397569
309,n_23846,n_30068,n_23846_n_30068,346.98079106112107,4743.857771727689
310,n_29021,n_6669,n_29021_n_6669,35.578467132213184,1077.000020616087
311,n_9984,n_9986,n_9984_n_9986,1241.0881836254568,10875.72811650496
312,n_9856,n_30061,n_9856_n_30061,223.1899967545182,711.3152404583908
313,n_10043,n_23813,n_10043_n_23813,72.78654977562978,1716.2798783409155
314,n_30415,n_30416,n_30415_n_30416,778.8051601067875,1604.7043481131539
315,n_6656,n_22539,n_6656_n_22539,1638.742542016415,13032.84730521731
316,n_1837,n_22589,n_1837_n_22589,102.79892323357079,2148.8068472151576
317,n_6646,n_6652,n_6646_n_6652,1424.21922588744,11895.189045228833
318,n_11709,n_28665,n_11709_n_28665,337.2341942147513,930.589914595724
319,n_6651,n_6663,n_6651_n_6663,37.00546415065196,1104.927786114529
320,n_6888,n_22590,n_6888_n_22590,189.89429720936553,640.3038731671413
321,n_6135,n_6134,n_6135_n_6134,68.66337510168553,330.20446242268383
322,n_9822,n_22867,n_9822_n_22867,101.37792217413568,2129.423129902691
323,n_7045,n_22609,n_7045_n_22609,741.5801600718005,1554.346329519888
324,n_10040,n_23855,n_10040_n_23855,440.99393883108286,5545.215887494558
325,n_6400,n_28636,n_6400_n_28636,183.96202836876543,627.2099201623921
326,n_9853,n_9855,n_9853_n_9855,21.71033016194229,780.8411054932474
327,n_8318,n_8320,n_8318_n_8320,780.7831018962088,8043.223133294059
328,n_6938,n_28698,n_6938_n_28698,98.39412070265433,417.34746830070947
329,n_14000,n_14015,n_14000_n_14015,467.7034592924824,1151.3986509877932
330,n_10014,n_4099,n_10014_n_4099,14.921891989134666,611.7192912795741
331,n_28470,n_30882,n_28470_n_30882,89.39165778365603,1961.946517516476
332,n_29803,n_4517,n_29803_n_4517,33.3641581541991,1032.8760670015952
333,n_15626,n_15629,n_15626_n_15629,507.2449651801854,1213.8684377960121
334,n_10024,n_10022,n_10024_n_10022,1279.5654662892684,11094.060178679734
335,n_6709,n_18277,n_6709_n_18277,36.51182109778008,218.88654812960428
336,n_18289,n_19629,n_18289_n_19629,166.6589913496491,588.1463186068004
337,n_9439,n_9440,n_9439_n_9440,90.65539310079097,1979.958493672361
338,n_18283,n_18282,n_18283_n_18282,1307.3681559144777,2248.277435898691
339,n_27920,n_27921,n_27920_n_27921,7490.889017391522,35052.100007659894
340,n_6689,n_6688,n_6689_n_6688,25.588430690622967,869.0189369898143
341,n_29015,n_29973,n_29015_n_29973,3653.848514245245,4389.605258921907
342,n_26269,n_26268,n_26269_n_26268,2998.6053855163764,3859.662607567658
343,n_7597,n_22818,n_7597_n_22818,4394.542241836956,24770.20522665536
344,n_30942,n_30944,n_30942_n_30944,544.1590785016823,6358.436965883648
345,n_340,n_6903,n_340_n_6903,579.3619100228843,1323.5954872597624
346,n_29240,n_29275,n_29240_n_29275,230.1332676481496,725.6437505694929
347,n_207,n_29228,n_207_n_29228,53.37540843728141,1402.4647408823323
348,n_9906,n_9908,n_9906_n_9908,106.88005109133984,2203.9642411148893
349,n_6888,n_28954,n_6888_n_28954,81.98367638269183,1854.5107429230115
350,n_340,n_6661,n_340_n_6661,28.62141982181035,934.7571100828233
351,n_10025,n_14001,n_10025_n_14001,326.54929157475647,911.2876841773872
352,n_6688,n_28669,n_6688_n_28669,197.8911726826949,3291.2920726803354
353,n_9868,n_23786,n_9868_n_23786,27.54473810096953,911.7126536734056
354,n_7050,n_23857,n_7050_n_23857,1654.1937242562988,13112.712795982288
355,n_1837,n_6893,n_1837_n_6893,55.49556882522801,1438.4838188300025
356,n_26303,n_26304,n_26303_n_26304,1618.6179822253332,2583.615291414987
357,n_7720,n_30957,n_7720_n_30957,62.90452000564061,1560.754907420575
358,n_9927,n_23810,n_9927_n_23810,35.58313855784169,1077.0920759497162
359,n_18278,n_18284,n_18278_n_18284,46.4010427924429,255.84941398698066
360,n_17983,n_21770,n_17983_n_21770,1872.9298091172172,2841.0989853522
361,n_1572,n_23849,n_1572_n_23849,38.074673474899974,1125.6075074909552
362,n_23856,n_10044,n_23856_n_10044,5883.098217486822,29950.65974620348
363,n_1575,n_28509,n_1575_n_28509,11.991639002661383,530.5700810773626
364,n_28770,n_28771,n_28770_n_28771,236.25649748708375,3693.734293582245
365,n_7587,n_19221,n_7587_n_19221,527.9809226176839,6234.724836464916
366,n_6669,n_6939,n_6669_n_6939,86.37666811782815,1918.6109128577427
367,n_13964,n_14027,n_13964_n_14027,343.9151384298395,942.5505671108256
368,n_6664,n_23768,n_6664_n_23768,251.13981860791262,3843.597153615447
369,n_23785,n_28652,n_23785_n_28652,182.62704983917325,3123.7171745120136
370,n_6897,n_6902,n_6897_n_6902,2183.2959786199594,15709.238570886766
371,n_7699,n_22867,n_7699_n_22867,509.2465095461048,6089.799450265745
372,n_6709,n_6710,n_6709_n_6710,3546.1598276019336,4304.944177459996
373,n_28332,n_18271,n_28332_n_18271,2283.3422167726158,3232.247383099259
374,n_28719,n_7062,n_28719_n_7062,18.267938420543366,697.8349438959084
375,n_1508,n_3484,n_1508_n_3484,281.8466892006836,828.0056299088989
376,n_4534,n_14031,n_4534_n_14031,957.6104403671694,1835.8146160489466
377,n_9961,n_31016,n_9961_n_31016,194.64365460112407,3256.0287119145855
378,n_6705,n_18281,n_6705_n_18281,1764.779663317383,2733.19348367785
379,n_28504,n_29228,n_28504_n_29228,3.044167922611706,1934.0096810449527
380,n_9969,n_9971,n_9969_n_9971,29.07036932673871,944.2763890025516
381,n_15661,n_18700,n_15661_n_18700,89.47613002945072,392.3162066765543
382,n_1506,n_29226,n_1506_n_29226,194.7413608103147,650.8968290618499
383,n_18303,n_30976,n_18303_n_30976,33.83751893012359,208.31152508613965
384,n_29000,n_31012,n_29000_n_31012,36.97544540855585,1104.3442026046646
385,n_340,n_18493,n_340_n_18493,107.20094170275667,2208.26969167837
386,n_20896,n_23861,n_20896_n_23861,710.0639193250748,7561.143141300117
387,n_23582,n_28946,n_23582_n_28946,1053.8266755326874,1953.878745031464
388,n_21284,n_28664,n_21284_n_28664,72.43199044921272,1710.8326360177248
389,n_23815,n_23816,n_23815_n_23816,32.63996779939866,1018.225318593644
390,n_9961,n_9962,n_9961_n_9962,246.82220996598903,3800.4494553589925
391,n_14549,n_26292,n_14549_n_26292,1201.860555947771,10650.69211503856
392,n_7557,n_29874,n_7557_n_29874,69.85032850501695,1670.8847136370473
393,n_9943,n_23816,n_9943_n_23816,67.77126729317314,1638.338032108735
394,n_6977,n_18870,n_6977_n_18870,41.708757993897045,238.69471980125954
395,n_4481,n_18308,n_4481_n_18308,26.43884531955239,887.713204724762
396,n_7067,n_23767,n_7067_n_23767,89.03604243591661,1956.8619551754907
397,n_6687,n_22611,n_6687_n_22611,3174.3981097078017,20043.538244148796
398,n_25970,n_30630,n_25970_n_30630,1174.0535472290921,2096.2433288868024
399,n_15628,n_15626,n_15628_n_15626,136.34623674713723,516.0925164080326
400,n_18282,n_18283,n_18282_n_18283,1307.3681559144777,2248.277435898691
401,n_23812,n_29005,n_23812_n_29005,41.501012878799365,1190.5538238631027
402,n_9994,n_10012,n_9994_n_10012,96.42219211790734,2061.0667183454257
403,n_18267,n_18269,n_18267_n_18269,1331.4698527609846,2275.173748501612
404,n_6984,n_18870,n_6984_n_18870,976.7253551002457,1859.5880213875344
405,n_6981,n_6982,n_6981_n_6982,195.54915689472617,652.653226528683
406,n_6707,n_30400,n_6707_n_30400,44.50544018340656,1245.9762139361517
407,n_7702,n_7703,n_7702_n_7703,334.5391331267121,4632.418342506382
408,n_319,n_6650,n_319_n_6650,77.38615183978754,1786.128085456708
409,n_14503,n_26267,n_14503_n_26267,3603.871116001601,4350.424637609437
410,n_26268,n_26269,n_26268_n_26269,2998.6053855163764,3859.662607567658
411,n_6968,n_6981,n_6968_n_6981,174.15846993790572,605.2430376869047
412,n_9955,n_29006,n_9955_n_29006,92.63135960158543,2007.9472803829735
413,n_4093,n_28617,n_4093_n_28617,10.518804745575949,4335.315453930538
414,n_1572,n_7031,n_1572_n_7031,148.78730022497405,546.2799292153036
415,n_9871,n_23789,n_9871_n_23789,43.73702782740706,1231.9290482386234
416,n_20562,n_20896,n_20562_n_20896,252.02693673799192,3852.430339590136
417,n_17892,n_28106,n_17892_n_28106,446.25814537228365,1116.7486985444286
418,n_6913,n_6641,n_6913_n_6641,26.65658082851728,892.4656615739124
419,n_2042,n_22521,n_2042_n_22521,287.6226485265266,4198.4274103650705
420,n_4540,n_21559,n_4540_n_21559,592.1732401460903,1342.576440274099
421,n_997,n_19629,n_997_n_19629,525.3016172381218,1241.826592733281
422,n_9963,n_29011,n_9963_n_29011,37.67141576486196,1117.8321527845062
423,n_7045,n_30086,n_7045_n_30086,109.21464097099656,2235.1859784304124
424,n_18867,n_28636,n_18867_n_28636,181.99690508615623,622.8400531845708
425,n_13300,n_18297,n_13300_n_18297,197.15915207238731,656.1463184223779
426,n_6177,n_22543,n_6177_n_22543,371.3685309079239,4958.335881023282
427,n_7044,n_30087,n_7044_n_30087,3297.872345450276,4106.247266129633
428,n_3485,n_20883,n_3485_n_20883,623.811233366863,6949.802298741895
429,n_10023,n_10024,n_10023_n_10024,24.159484809749973,837.1107043997157
430,n_6650,n_29973,n_6650_n_29973,1320.5471538744646,2263.005789621004
431,n_18699,n_29017,n_18699_n_29017,196.61003434848396,3277.4050611411635
432,n_9967,n_18301,n_9967_n_18301,4437.259752087574,4981.345172453253
433,n_18696,n_18705,n_18696_n_18705,18.961092841868453,714.96021150279
434,n_23822,n_23823,n_23822_n_23823,116.91813168567718,2336.597556996575
435,n_4479,n_15609,n_4479_n_15609,150.1336807958313,549.4929583853552
436,n_9882,n_29000,n_9882_n_29000,38.7955203449825,1139.4352014899705
437,n_6666,n_6678,n_6666_n_6678,4070.207952972131,4709.071374219228
438,n_12432,n_25047,n_12432_n_25047,3416.28417315323,21025.022526957477
439,n_4096,n_21285,n_4096_n_21285,289.661106694199,4217.774276644419
440,n_6400,n_22425,n_6400_n_22425,77.81350682333863,358.22151360945855
441,n_333,n_334,n_333_n_334,142.977143318396,2663.6146185078755
442,n_9870,n_23789,n_9870_n_23789,187.6420662939918,3179.2947107347395
443,n_18708,n_10875,n_18708_n_10875,149.1355727631729,547.112023155573
444,n_23813,n_23814,n_23813_n_23814,29665.512124833025,85867.49181748256
445,n_18280,n_18279,n_18280_n_18279,145.6784831056973,538.8219505032348
446,n_23803,n_9856,n_23803_n_9856,1745.0853679150464,13577.36457670461
447,n_28707,n_29661,n_28707_n_29661,48.3563059408756,262.81723760987785
448,n_28108,n_28504,n_28108_n_28504,103.72838702461759,431.9407927286926
449,n_18271,n_28332,n_18271_n_28332,2283.3422167726158,3232.247383099259
450,n_9506,n_18869,n_9506_n_18869,107.69000364700557,442.60982214214835
451,n_1924,n_28663,n_1924_n_28663,5.649715500125626,2892.6100077695046
452,n_9508,n_23786,n_9508_n_23786,246.03854267745317,3792.5897850882848
453,n_6652,n_28470,n_6652_n_28470,567.0406705528255,6531.24045824188
454,n_14494,n_30260,n_14494_n_30260,1032.541350506569,1928.0958472330774
455,n_23793,n_9887,n_23793_n_9887,39.26553116004332,1148.4029364063676
456,n_9839,n_7069,n_9839_n_7069,58.492114264246695,297.4782530874687
457,n_16490,n_31089,n_16490_n_31089,923.57813135016,1793.0739770500963
458,n_9938,n_18295,n_9938_n_18295,54.30157390734206,283.4247362723464
459,n_22540,n_6665,n_22540_n_6665,500.74566811597936,6023.426576197472
460,n_2907,n_30301,n_2907_n_30301,1282.262443442375,2220.076009207993
461,n_9994,n_29016,n_9994_n_29016,74.86243286567071,1747.988800345614
462,n_9961,n_29011,n_9961_n_29011,189.1214109741659,3195.5897409363065
463,n_4531,n_7797,n_4531_n_7797,123.5285039545774,483.96650187441594
464,n_328,n_12439,n_328_n_12439,636.2988159940853,1406.8838791307744
465,n_6660,n_7026,n_6660_n_7026,120.05622520793416,2377.235747915569
466,n_10029,n_10037,n_10029_n_10037,48.026955803872916,1309.3012931668088
467,n_23782,n_9484,n_23782_n_9484,3112.205779997701,19787.015295633508
468,n_9479,n_23781,n_9479_n_23781,78.82766374001609,1807.7177716173678
469,n_18692,n_20562,n_18692_n_20562,74.16815735464567,1737.4183681611732
470,n_23850,n_29020,n_23850_n_29020,726.5441715751048,7674.9295918094485
471,n_18493,n_22818,n_18493_n_22818,31.560546307114716,996.175600733161
472,n_9456,n_23780,n_9456_n_23780,963.5883573371261,9223.722277901943
473,n_30522,n_23843,n_30522_n_23843,135.52612840943823,2572.407794085417
474,n_17892,n_17983,n_17892_n_17983,1034.7828960106476,1930.8197106272194
475,n_23850,n_28673,n_23850_n_28673,100.37952214992148,2115.7473161335306
476,n_23817,n_30519,n_23817_n_30519,296.1280098228012,4278.839236457249
477,n_1517,n_20880,n_1517_n_20880,122.07123673260395,2403.1346766911524
478,n_1572,n_7026,n_1572_n_7026,28.734945780441596,937.1691450777362
479,n_29015,n_30069,n_29015_n_30069,718.4733754432706,7619.319322139193
480,n_9833,n_28993,n_9833_n_28993,146.91503747977424,2711.146288049493
481,n_30401,n_29024,n_30401_n_29024,43.32535894319271,1224.3680138084508
482,n_22611,n_30413,n_22611_n_30413,5615.161891885899,29055.45418377002
483,n_4452,n_13267,n_4452_n_13267,89.74546268560121,393.08457807310504
484,n_18271,n_18296,n_18271_n_18296,58.19764964724624,296.50246789146144
485,n_30067,n_9930,n_30067_n_9930,122.88758346151316,2413.5846415468973
486,n_9898,n_9903,n_9898_n_9903,85.87486372984519,1911.3473933964576
487,n_7566,n_28767,n_7566_n_28767,91.39261317318065,1990.425587124085
488,n_23809,n_23810,n_23809_n_23810,1131.2384846506413,10238.977497232798
489,n_9835,n_23770,n_9835_n_23770,989.2324771163206,9382.791360396426
490,n_18268,n_18262,n_18268_n_18262,194.1780333129606,649.6704764905539
491,n_6894,n_22592,n_6894_n_22592,114.10910503468934,2299.8967404536593
492,n_9440,n_23772,n_9440_n_23772,82.05167627541464,1855.5119602135735
493,n_9883,n_9856,n_9883_n_9856,3364.5194989596234,4160.080864508423
494,n_6954,n_31267,n_6954_n_31267,101.2139561477566,425.0953633711675
495,n_6707,n_6708,n_6707_n_6708,490.3604177307735,5941.804419927847
496,n_9898,n_23805,n_9898_n_23805,86.35798206922759,1918.3407004288574
497,n_17984,n_21770,n_17984_n_21770,4420.796906511636,4969.305928182828
498,n_218,n_29226,n_218_n_29226,620.9783729894541,1384.73813506493
499,n_23842,n_10002,n_23842_n_10002,3428.5773211567966,21074.243957580115
500,n_10043,n_28996,n_10043_n_28996,124.92336697032117,2439.539527187327
501,n_23784,n_28652,n_23784_n_28652,475.1982844732054,5821.546349036154
502,n_15689,n_29983,n_15689_n_29983,8794.437910207072,7775.965624549739
503,n_9480,n_9867,n_9480_n_9867,434.8104974187969,5494.474173057351
504,n_6688,n_6690,n_6688_n_6690,485.190013290349,1179.2434800556773
505,n_28504,n_28505,n_28504_n_28505,95.27389147988485,2045.054257229573
506,n_30523,n_28998,n_30523_n_28998,105.28999505407971,2182.563200884891
507,n_4534,n_11735,n_4534_n_11735,42.86150895509095,1215.8184713477149
508,n_6965,n_6968,n_6965_n_6968,124.12512166313364,485.48690889033014
509,n_9458,n_23584,n_9458_n_23584,872.5847897791955,8646.863347832203
510,n_9933,n_23795,n_9933_n_23795,4653.150108062832,25709.64979276285
511,n_13988,n_17889,n_13988_n_17889,878.6483693403144,1735.7952765690743
512,n_28714,n_30086,n_28714_n_30086,34.27662770606235,1051.1787621561555
513,n_9820,n_7091,n_9820_n_7091,34.46953363029444,1055.0262690220616
514,n_28471,n_29962,n_28471_n_29962,165.93833535964575,586.4894279844088
515,n_1754,n_22817,n_1754_n_22817,671.2583484531186,7289.504656322868
516,n_2417,n_18867,n_2417_n_18867,118.62047840983739,471.3600956863936
517,n_4534,n_30912,n_4534_n_30912,1537.2197512059831,2498.2734617587485
518,n_9831,n_23770,n_9831_n_23770,65.40825787474155,1600.9200134038038
519,n_6664,n_6674,n_6664_n_6674,262.4518605741766,3955.4340605921607
520,n_323,n_19224,n_323_n_19224,5932.2773135145635,30113.413204015633
521,n_4098,n_21285,n_4098_n_21285,9504.441981018439,40928.23864856543
522,n_23857,n_7061,n_23857_n_7061,68.0233779918879,1642.3030817635824
523,n_9851,n_28662,n_9851_n_28662,183.65403872532252,626.5261206508251
524,n_4473,n_30940,n_4473_n_30940,19.91758190836134,6569.368381811079
525,n_1258,n_10026,n_1258_n_10026,44.43120904945208,1244.6229259936724
526,n_6895,n_22591,n_6895_n_22591,63.236482529288615,1566.1119331519326
527,n_6691,n_7607,n_6691_n_7607,130.63818676849817,2511.623203496516
528,n_29016,n_29019,n_29016_n_29019,25.56294051045332,868.4552798626055
529,n_6904,n_18493,n_6904_n_18493,6047.000820700997,30491.260679157753
530,n_18707,n_18710,n_18707_n_18710,443.6420145303998,1112.4823633746005
531,n_27913,n_6939,n_27913_n_6939,468.1838685019284,1152.1684363220595
532,n_29000,n_23800,n_29000_n_23800,676.7456179919049,7328.2418290341275
533,n_15691,n_29983,n_15691_n_29983,51.41013653450796,273.50647249476236
534,n_6971,n_6974,n_6971_n_6974,836.2228830986921,1680.7631602538847
535,n_6684,n_4484,n_6684_n_4484,562.4813357326628,1298.360370044334
536,n_18262,n_18267,n_18262_n_18267,225.85558910159972,716.834246855517
537,n_30212,n_27690,n_30212_n_27690,1228.9412691589148,2159.531941311118
538,n_7064,n_7066,n_7064_n_7066,347.96200291364795,4752.586599268477
539,n_1506,n_28509,n_1506_n_28509,133.94293945830955,510.1520941766616
540,n_9871,n_23788,n_9871_n_23788,96.64652880972994,2064.1871895364766
541,n_22815,n_22816,n_22815_n_22816,121.29761087110278,2393.2090457348936
542,n_29018,n_28673,n_29018_n_28673,150.6865211557048,2756.254155992117
543,n_23803,n_9907,n_23803_n_9907,17.043572114728054,667.0198958565431
544,n_9414,n_28704,n_9414_n_28704,78.77127114829774,1806.8757771362489
545,n_6024,n_7798,n_6024_n_7798,292.2179405270733,847.7153425097364
546,n_18698,n_28663,n_18698_n_28663,13.415210120038678,570.7669033003501
547,n_6710,n_18282,n_6710_n_18282,200.31572211960798,662.9661527771789
548,n_9874,n_23789,n_9874_n_23789,40.83537291573863,1178.0876449048176
549,n_7046,n_7047,n_7046_n_7047,337.7863938327001,931.5816134452429
550,n_9870,n_18693,n_9870_n_18693,55.48954492967403,1438.3821674399144
551,n_9833,n_23769,n_9833_n_23769,196.13048869404463,3272.1988665525673
552,n_15641,n_30941,n_15641_n_30941,28.31167745794767,8259.432123657001
553,n_18278,n_18279,n_18278_n_18279,1432.9967178799966,2386.659644214662
554,n_13988,n_15609,n_13988_n_15609,156.52040013233443,564.5995861050734
555,n_9850,n_23776,n_9850_n_23776,635.9502359062546,7037.5465803351635
556,n_9934,n_9890,n_9934_n_9890,14709.87978252208,54388.40994515573
557,n_7699,n_23766,n_7699_n_23766,94.61605368906058,2035.8507084049882
558,n_9891,n_23794,n_9891_n_23794,214.85478977822237,3472.3160194168536
559,n_9927,n_30064,n_9927_n_30064,591.2783363726151,6711.651436218083
560,n_7031,n_30941,n_7031_n_30941,17.311135652728066,5996.122832197837
561,n_9854,n_23778,n_9854_n_23778,109.15104820014136,2234.3386228859486
562,n_6706,n_30398,n_6706_n_30398,66.23085638436154,1613.9984906454636
563,n_9480,n_12417,n_9480_n_12417,865.1385651199312,1718.3737895396873
564,n_6667,n_22538,n_6667_n_22538,285.11213657678604,834.2382357679968
565,n_12439,n_25052,n_12439_n_25052,510.71563658409707,6101.230783037541
566,n_14508,n_28300,n_14508_n_28300,152.6517337153563,555.4752342551668
567,n_9845,n_9847,n_9845_n_9847,412.75579382185697,5311.40088897137
568,n_15690,n_15691,n_15690_n_15691,78.032339899961,358.87702119475034
569,n_9834,n_23769,n_9834_n_23769,1031.4652549103141,9641.65904710427
570,n_6930,n_28698,n_6930_n_28698,160.19515771061424,2868.266972739569
571,n_14027,n_14029,n_14027_n_14029,471.3594905124369,1157.24999031492
572,n_30212,n_29284,n_30212_n_29284,485.63121860622596,1179.9414624432723
573,n_27914,n_27913,n_27914_n_27913,15337.938095173744,55889.10144701271
574,n_7589,n_28767,n_7589_n_28767,134.82115041186876,2563.6887616014833
575,n_328,n_19233,n_328_n_19233,331.6731226300488,4606.543906998764
576,n_9823,n_28718,n_9823_n_28718,2108.9593617910864,15358.939458103443
577,n_15628,n_30412,n_15628_n_30412,289.78158875851364,843.1074969352575
578,n_30399,n_9943,n_30399_n_9943,47.00430840568461,1291.0838369942778
579,n_4481,n_28107,n_4481_n_28107,806.2244341888937,1641.2611699402996
580,n_18707,n_30524,n_18707_n_30524,3235.255344851982,20292.86179992834
581,n_29262,n_30421,n_29262_n_30421,257.6208634595564,780.9505207652219
582,n_6685,n_28700,n_6685_n_28700,35.393298046240524,1073.347664483194
583,n_9939,n_9940,n_9939_n_9940,122.305320934851,2406.1336502453105
584,n_11856,n_28998,n_11856_n_28998,538.4486659710764,6314.918729431024
585,n_325,n_19223,n_325_n_19223,493.2788040342737,5964.8017093636845
586,n_9961,n_18302,n_9961_n_18302,41.79630182415389,1196.0616557704082
587,n_11709,n_28601,n_11709_n_28601,142.22577183878815,530.4735570923104
588,n_26569,n_31089,n_26569_n_31089,469.4255944523065,1154.1568441759437
589,n_23854,n_23855,n_23854_n_23855,204.11121999736235,3358.2742611170447
590,n_6673,n_6938,n_6673_n_6938,224.03374550132162,713.0646658002906
591,n_1586,n_16162,n_1586_n_16162,2747.214822880036,3645.8094279446905
592,n_3484,n_20882,n_3484_n_20882,354.1434598550263,960.7060891983084
593,n_15690,n_29983,n_15690_n_29983,115.27276815099916,462.65681483608313
594,n_18291,n_18292,n_18291_n_18292,143.80031730205192,534.2893604942863
595,n_13478,n_29012,n_13478_n_29012,287.2525370418612,4194.909581709021
596,n_7091,n_7092,n_7091_n_7092,1659.5086030413142,13140.124581360911
597,n_17985,n_28106,n_17985_n_28106,1991.6907617594218,2957.1157885740495
598,n_6685,n_31267,n_6685_n_31267,2389.953408744965,3329.709837880356
599,n_23844,n_29630,n_23844_n_29630,16354.424377122701,58273.26865569108
600,n_2417,n_28636,n_2417_n_28636,73.76330224267903,345.97039375473645
601,n_14496,n_26270,n_14496_n_26270,163.11810165043946,579.9810081412867
602,n_998,n_9907,n_998_n_9907,348.0613939606512,949.932680726126
603,n_1069,n_8325,n_1069_n_8325,34.55755662026263,1056.7793889372072
604,n_14574,n_14575,n_14574_n_14575,313.5804446973066,4441.360272361185
605,n_6692,n_30524,n_6692_n_30524,159.06602901039773,2855.0895598007774
606,n_6971,n_18870,n_6971_n_18870,885.6516729487616,1744.7895281785977
607,n_1754,n_7608,n_1754_n_7608,78.99161329846663,1810.1644997235805
608,n_13267,n_9905,n_13267_n_9905,136.75839794065453,517.1076043184567
609,n_27918,n_27920,n_27918_n_27920,2946.4262718630853,3815.8060195270887
610,n_29630,n_30523,n_29630_n_30523,230.6551179129783,3636.484979789727
611,n_18688,n_23858,n_18688_n_23858,51.068222797187566,1362.695926183833
612,n_1500,n_28711,n_1500_n_28711,238.5076680582009,742.7264575802185
613,n_9847,n_29005,n_9847_n_29005,431.2450902393419,5465.101767288214
614,n_18990,n_18704,n_18990_n_18704,4983.558377002739,5372.459055412402
615,n_9984,n_9968,n_9984_n_9968,85.67057195193055,1908.386069664871
616,n_9902,n_18289,n_9902_n_18289,873.0521853757919,1728.5901741078183
617,n_6711,n_9937,n_6711_n_9937,61.56343403981047,1539.0119423194478
618,n_9968,n_23825,n_9968_n_23825,12.73363184070258,551.717504617082
619,n_23819,n_30399,n_23819_n_30399,42.31536917364165,1205.7106812760917
620,n_2907,n_28509,n_2907_n_28509,221.0610158744794,706.8907267261224
621,n_14035,n_26041,n_14035_n_26041,7369.03260403459,6930.412561269083
622,n_326,n_5117,n_326_n_5117,153.75806332769628,558.0926980417001
623,n_4538,n_11735,n_4538_n_11735,111.4169711879982,452.52251799011424
624,n_18297,n_18299,n_18297_n_18299,196.64457563420382,655.0309647002356
625,n_9868,n_23784,n_9868_n_23784,22.99891673586477,810.7077560886078
626,n_17983,n_17889,n_17983_n_17889,494.56296641985455,1194.024186703685
627,n_23849,n_30524,n_23849_n_30524,331.6830323896607,4606.633506744929
628,n_1500,n_3861,n_1500_n_3861,247.59496201491473,761.0282552637103
629,n_9846,n_29001,n_9846_n_29001,208.68015657073911,3407.0229117833915
630,n_9938,n_9939,n_9938_n_9939,161.76292054257794,576.8396210099003
631,n_1258,n_4532,n_1258_n_4532,55.610290318525124,1440.4189745057897
632,n_1837,n_6703,n_1837_n_6703,41.23670088757576,1185.61217403846
633,n_18293,n_18295,n_18293_n_18295,171.4465632996179,599.0908763456321
634,n_6684,n_30898,n_6684_n_30898,481.75771244790866,52268.74224427593
635,n_28698,n_30950,n_28698_n_30950,30.11389451877839,966.2068030852867
636,n_6687,n_28990,n_6687_n_28990,25.764594079772866,174.44199250059705
637,n_9890,n_31013,n_9890_n_31013,3152.7512598003045,19954.452797383157
638,n_30212,n_14521,n_30212_n_14521,111.52445848450505,452.80667206553915
639,n_30519,n_30520,n_30519_n_30520,1589.816180529692,12778.19946706172
640,n_30640,n_29239,n_30640_n_29239,3552.985532998177,4310.33670010693
641,n_18277,n_18298,n_18277_n_18298,33.4761690458804,206.8606295488839
642,n_7699,n_9885,n_7699_n_9885,103.92929953329131,2164.1594785763496
643,n_10014,n_18691,n_10014_n_18691,117.21173037342076,467.7082587604187
644,n_14000,n_14492,n_14000_n_14492,514.6930298578168,1225.442116112181
645,n_7045,n_24341,n_7045_n_24341,848.7366055903703,1697.0945822497856
646,n_322,n_1837,n_322_n_1837,15.21674660366374,5513.305766636815
647,n_4539,n_21560,n_4539_n_21560,260.8961716490807,787.3998798501951
648,n_23853,n_28996,n_23853_n_28996,25.69134876952208,871.2927454724003
649,n_27917,n_27922,n_27917_n_27922,2719.959265155459,3622.2213805625856
650,n_6662,n_28667,n_6662_n_28667,107.59269807867743,2213.5198692472304
651,n_6922,n_26871,n_6922_n_26871,127.60256688141803,494.29855831731606
652,n_10707,n_30421,n_10707_n_30421,100.88745592396174,2122.7107583616985
653,n_7619,n_22867,n_7619_n_22867,55.61730587801731,1440.537269784407
654,n_4531,n_29228,n_4531_n_29228,27.701559292795693,8143.119836998624
655,n_12414,n_6888,n_12414_n_6888,22.715866566830645,804.1983970188347
656,n_28673,n_23792,n_28673_n_23792,151.7089627376938,2768.4146549037437
657,n_28662,n_30518,n_28662_n_30518,2279.2512004170594,16155.319079951278
658,n_6965,n_6967,n_6965_n_6967,176.59452013468334,610.7409488603662
659,n_1517,n_7592,n_1517_n_7592,80.29582662581416,1829.5654429008039
660,n_4532,n_275,n_4532_n_275,19.349712022731246,724.4658631202136
661,n_1048,n_28300,n_1048_n_28300,41.67443270986076,1193.7901619514448
662,n_18992,n_22425,n_18992_n_22425,49.46494994690939,266.72430242823333
663,n_18293,n_9937,n_18293_n_9937,197.11721544619903,656.0554580834261
664,n_23584,n_9453,n_23584_n_9453,450.68489737586424,5624.243941691974
665,n_6696,n_23848,n_6696_n_23848,969.4112062067335,9259.969457918734
666,n_1508,n_5117,n_1508_n_5117,371.0878525155757,990.3853870711309
667,n_29239,n_13841,n_29239_n_13841,532.5570771178267,1252.9658598704164
668,n_14194,n_14258,n_14194_n_14258,1306.1755697365802,2246.9420957304656
669,n_28803,n_9986,n_28803_n_9986,17.17395899675814,670.3374260855124
670,n_7600,n_22816,n_7600_n_22816,2683.5646732808095,17967.36448732316
671,n_4099,n_28470,n_4099_n_28470,87.08185185800694,1928.7934700036974
672,n_207,n_19163,n_207_n_19163,2612.776793899833,3528.649086333707
673,n_28662,n_9822,n_28662_n_9822,17.075808502885526,667.8409320256383
674,n_6964,n_18694,n_6964_n_18694,6671.985986398806,6496.283269656849
675,n_9455,n_23584,n_9455_n_23584,192.12139936732635,3228.498809045743
676,n_7089,n_6689,n_7089_n_6689,15.215579111172882,619.5304082992709
677,n_10018,n_10014,n_10018_n_10014,14.123300175340521,590.202822991669
678,n_6660,n_6683,n_6660_n_6683,2292.2377134783355,3240.439383243569
679,n_9455,n_23583,n_9455_n_23583,277.23737554348423,4099.107718355467
680,n_28954,n_10002,n_28954_n_10002,247.86296883360725,3810.874136140004
681,n_9885,n_23793,n_9885_n_23793,460.88604975610406,5706.79447948307
682,n_7014,n_6666,n_7014_n_6666,41.49770208823889,237.90771343856932
683,n_6178,n_6654,n_6178_n_6654,321.004830803739,901.1848834123396
684,n_19230,n_25052,n_19230_n_25052,2266.8890559525025,16098.222512670776
685,n_9440,n_9484,n_9440_n_9484,13.7896673326186,581.0885790726054
686,n_9505,n_9506,n_9505_n_9506,5042.740600550777,5413.907639820156
687,n_6692,n_18706,n_6692_n_18706,140.44715075142383,2632.835604587649
688,n_29006,n_31014,n_29006_n_31014,123.16958077557949,2417.1888236642912
689,n_1514,n_6178,n_1514_n_6178,682.6975306551803,7370.135409241139
690,n_28666,n_30413,n_28666_n_30413,30.90351642011713,982.625353283124
691,n_18699,n_30068,n_18699_n_30068,707.6450058241758,1507.6645478357614
692,n_207,n_18308,n_207_n_18308,404.5901115000641,5242.757375342562
693,n_15777,n_26871,n_15777_n_26871,338.6348962310498,933.1043424688111
694,n_18267,n_18268,n_18267_n_18268,1164.66126555629,2085.310969085998
695,n_3492,n_20880,n_3492_n_20880,804.3452678859005,1638.7697626398663
696,n_9413,n_9441,n_9413_n_9441,61.09318494556177,1531.34876996688
697,n_6699,n_22549,n_6699_n_22549,79.46064601200392,1817.1544189771346
698,n_31014,n_29010,n_31014_n_29010,377.87448539668037,5014.71308677716
699,n_28501,n_30882,n_28501_n_30882,74.38537555831506,347.8670296793851
700,n_10058,n_18692,n_10058_n_18692,42.756836197029095,1213.8847175697779
701,n_10239,n_17246,n_10239_n_17246,118.88882443320476,472.05399745377116
702,n_8330,n_30976,n_8330_n_30976,25.238477856040003,861.2632957470179
703,n_15512,n_30898,n_15512_n_30898,121.15499744295178,477.89234613377965
704,n_6953,n_6954,n_6953_n_6954,83.21856386144847,374.2296801478593
705,n_7557,n_1514,n_7557_n_1514,23.733928221437836,827.481796353368
706,n_14033,n_26042,n_14033_n_26042,8187.176572099514,7422.072690925209
707,n_6902,n_9877,n_6902_n_9877,137.9817026170201,2602.6550960417485
708,n_4536,n_4521,n_4536_n_4521,23.010436073024373,810.9720745360047
709,n_22426,n_22521,n_22426_n_22521,152.13322628399712,2773.4522688851393
710,n_14029,n_14488,n_14029_n_14488,269.8076025849293,804.8058794859344
711,n_9883,n_9882,n_9883_n_9882,43.852038059852255,1234.0369715499978
712,n_28704,n_9412,n_28704_n_9412,9.758442635119236,463.958928993868
713,n_6705,n_6706,n_6705_n_6706,288.01268062144203,4202.132870835287
714,n_207,n_14502,n_207_n_14502,22.706620186630605,803.9852803191656
715,n_23790,n_28999,n_23790_n_28999,208.87099433048454,3409.0509209643783
716,n_28470,n_28664,n_28470_n_28664,92.37788033679865,2004.3685804962338
717,n_6901,n_6902,n_6901_n_6902,57.72676442274012,1475.8743691162801
718,n_7702,n_22868,n_7702_n_22868,269.589134929024,4025.1315228332132
719,n_9942,n_29007,n_9942_n_29007,68.18291970838179,1644.809610963629
720,n_28295,n_28296,n_28295_n_28296,199.1493088374288,660.4504925618022
721,n_23784,n_9863,n_23784_n_9863,706.08693633032,7533.546891939258
722,n_6700,n_22548,n_6700_n_22548,190.57815744265832,3211.592437095365
723,n_14573,n_10025,n_14573_n_10025,167.16532934554346,2948.906512408573
724,n_324,n_19224,n_324_n_19224,72.66134973048422,1714.357437919588
725,n_321,n_28770,n_321_n_28770,98.67920233576486,2092.346988530782
726,n_12414,n_22589,n_12414_n_22589,82.0272341632584,1855.1521126231742
727,n_23582,n_23583,n_23582_n_23583,415.33130890281245,5332.952968238928
728,n_18270,n_29803,n_18270_n_29803,942.8142541782959,1817.2985681461873
729,n_6890,n_22590,n_6890_n_22590,11187.773081825633,9095.089622127238
730,n_23779,n_23780,n_23779_n_23780,117.03788083771978,2338.1552357499477
731,n_29017,n_30069,n_29017_n_30069,43.169784082673594,1221.5040818228156
732,n_13956,n_17072,n_13956_n_17072,751.9721715311496,1568.49167816609
733,n_26267,n_26270,n_26267_n_26270,963.2508038004022,1842.8466766478336
734,n_27919,n_27920,n_27919_n_27920,3935.830692037373,23054.80878825879
735,n_30944,n_21135,n_30944_n_21135,541.2705939307347,6336.444264182338
736,n_23776,n_23777,n_23776_n_23777,42.556452019016724,1210.1781487020617
737,n_18310,n_10584,n_18310_n_10584,91.48354495397075,398.0238998119415
738,n_23843,n_23844,n_23843_n_23844,3682.554525256436,22077.807532358645
739,n_15628,n_15630,n_15628_n_15630,220.2594871852299,705.2211156158064
740,n_23793,n_9886,n_23793_n_9886,10.807995765761484,495.862112121979
741,n_23843,n_23845,n_23843_n_23845,1964.954999131674,14667.8132278249
742,n_6692,n_10016,n_6692_n_10016,17.158405834236202,669.9421583194086
743,n_319,n_22546,n_319_n_22546,36.4274908160251,1093.6623701366336
744,n_6678,n_6682,n_6678_n_6682,22.727839203361224,804.4743053063138
745,n_1514,n_22543,n_1514_n_22543,2783.1927935868703,18398.842662590047
746,n_1258,n_4538,n_1258_n_4538,1025.2225396191177,1919.187826138099
747,n_4095,n_4098,n_4095_n_4098,191.95912235525557,3226.7232835538166
748,n_18699,n_18709,n_18699_n_18709,23.223145295764223,163.0382345487798
749,n_6940,n_18703,n_6940_n_18703,68.27829286540302,328.9977100815664
750,n_9866,n_23783,n_9866_n_23783,3033.692081054115,19460.601882206498
751,n_9872,n_23788,n_9872_n_23788,1494.8243063911425,12275.834119523892
752,n_6705,n_18284,n_6705_n_18284,73.36620721070913,344.7567735429555
753,n_6641,n_6922,n_6641_n_6922,19.554015777921627,729.4364038173612
754,n_28295,n_28310,n_28295_n_28310,448.2810050247236,1120.0415571051071
755,n_20896,n_1514,n_20896_n_1514,3871.2175399795988,22807.7054416429
756,n_10836,n_30087,n_10836_n_30087,2905.540056145565,3781.251443483331
757,n_23797,n_23798,n_23797_n_23798,67.54424011259788,1634.763074226475
758,n_26264,n_28298,n_26264_n_28298,409.6466175265084,1056.2175254254748
759,n_6922,n_15782,n_6922_n_15782,34.48755752525341,210.90802963605853
760,n_4491,n_30890,n_4491_n_30890,636.9788160669721,1407.862481196208
761,n_9950,n_23817,n_9950_n_23817,251.78047775657728,3849.9773957350235
762,n_23844,n_23845,n_23844_n_23845,4150.914012130738,23867.360653725693
763,n_9943,n_30521,n_9943_n_30521,364.1890433024958,4895.720538838168
764,n_6177,n_18705,n_6177_n_18705,401.6966413873973,5218.318125250856
765,n_12162,n_18700,n_12162_n_18700,10510.826600846827,8732.939886449565
766,n_22548,n_6691,n_22548_n_6691,327.88949812073736,4572.265386002076
767,n_23585,n_23586,n_23585_n_23586,432.8893239320339,5478.657720853399
768,n_31089,n_29239,n_31089_n_29239,3481.3630415495213,4253.570850058769
769,n_4475,n_28505,n_4475_n_28505,31.935588890803658,1003.8661302948894
770,n_26569,n_26570,n_26569_n_26570,226891.1442701363,64522.634170046695
771,n_6942,n_28698,n_6942_n_28698,82.48183732825385,1861.8388726437672
772,n_9928,n_30064,n_9928_n_30064,134.5480705052826,511.6513248214171
773,n_9419,n_9836,n_9419_n_9836,22.89574934984155,808.3384516597561
774,n_18296,n_18297,n_18296_n_18297,207.49780964439648,678.3450600608031
775,n_19221,n_28770,n_19221_n_28770,229.52277277503237,3624.8530647989483
776,n_7065,n_7699,n_7065_n_7699,66.5365394587509,1618.844072583062
777,n_26569,n_31224,n_26569_n_31224,83295.06186513454,33604.54367656735
778,n_207,n_229,n_207_n_229,364.0656238888719,978.144089044277
779,n_6893,n_6903,n_6893_n_6903,38.82728798614716,1140.04251364117
780,n_6673,n_21285,n_6673_n_21285,130.80739738345926,502.3454786426404
781,n_28697,n_28470,n_28697_n_28470,58.574910895654384,1489.9548163358854
782,n_9900,n_9905,n_9900_n_9905,38.47149970400433,1133.2308471485817
783,n_14032,n_26042,n_14032_n_26042,954.6553922127091,1832.1246733373287
784,n_26274,n_26275,n_26274_n_26275,202.67309587066225,668.0348655100846
785,n_29872,n_20897,n_29872_n_20897,55.78574046040641,1443.375826301686
786,n_28664,n_29962,n_28664_n_29962,168.12456346154616,591.5081853353067
787,n_23801,n_29000,n_23801_n_29000,544.1911900370615,6358.681231354069
788,n_7045,n_7046,n_7045_n_7046,130.11736998568662,2505.100121018242
789,n_23780,n_28945,n_23780_n_28945,30.24210658605897,968.8828325858533
790,n_6657,n_22544,n_6657_n_22544,3871.055670350742,4557.763832782648
791,n_10026,n_29228,n_10026_n_29228,24.915848710505525,854.0798857403358
792,n_6659,n_28502,n_6659_n_28502,375.9229020653322,998.7669808586028
793,n_7618,n_6897,n_7618_n_6897,32.60676729424726,1017.5509505772502
794,n_17246,n_28842,n_17246_n_28842,34.60065532286792,211.35803488761218
795,n_9907,n_998,n_9907_n_998,217.46805040871126,3499.7519816225695
796,n_6655,n_22540,n_6655_n_22540,508.33454098456616,6082.6975987214755
797,n_9457,n_28947,n_9457_n_28947,82.87016149518713,1867.5405546136847
798,n_22539,n_22540,n_22539_n_22540,1175.1316101205448,10495.886847195954
799,n_18694,n_28706,n_18694_n_28706,162.20480905661944,577.8649494159204
800,n_10022,n_28665,n_10022_n_28665,25.95590261568842,877.1230974840195
801,n_29001,n_9881,n_29001_n_9881,103.68357072002463,2160.8269976692773
802,n_340,n_6906,n_340_n_6906,107.83743052937255,2216.7962995605085
803,n_9946,n_23818,n_9946_n_23818,238.23207483074833,3713.812509416023
804,n_28114,n_28625,n_28114_n_28625,602.7492276796651,1358.1377934494324
805,n_9833,n_23770,n_9833_n_23770,196.80994959351727,3279.574134863841
806,n_1517,n_20895,n_1517_n_20895,592.7625088300293,6722.614015031045
807,n_14029,n_26041,n_14029_n_26041,1372.879732746935,2320.9918783727053
808,n_6707,n_28996,n_6707_n_28996,16.34737393285519,649.1535985487989
809,n_14510,n_26273,n_14510_n_26273,254.0865853041303,773.9590412481854
810,n_9874,n_23790,n_9874_n_23790,33.00767951447046,1025.6783392786785
811,n_30061,n_9856,n_30061_n_9856,139.4486556311925,2620.6350964256503
812,n_9969,n_30975,n_9969_n_30975,709.9081879623975,7560.063539228436
813,n_9951,n_23816,n_9951_n_23816,16.054197153691494,641.5507195015891
814,n_28666,n_23768,n_28666_n_23768,205.43357081903704,3372.422003199816
815,n_6891,n_7559,n_6891_n_7559,377.8805639695362,5014.765601359688
816,n_31027,n_28663,n_31027_n_28663,6.27099312011408,3095.8971810682974
817,n_2415,n_10054,n_2415_n_10054,1084.7567638142516,9963.09321792158
818,n_10015,n_23847,n_10015_n_23847,48.515925275908856,1317.9638985446245
819,n_9962,n_29011,n_9962_n_29011,763.5745618303916,7927.369802063887
820,n_15641,n_30940,n_15641_n_30940,158.35645290419166,25332.81577043664
821,n_30260,n_14492,n_30260_n_14492,1692.6534614156762,2659.9450827725495
822,n_21118,n_21135,n_21118_n_21135,1547.475908180329,2509.111863877775
823,n_7599,n_22815,n_7599_n_22815,5798.573940041469,29669.82083458776
824,n_6982,n_6966,n_6982_n_6966,310.6094735650498,882.0772789868078
825,n_9914,n_29004,n_9914_n_29004,3763.4873933480217,22392.481086869124
826,n_26271,n_28308,n_26271_n_28308,929.4805776366919,1800.5256603738662
827,n_6651,n_22539,n_6651_n_22539,208.3962585176726,3404.004764324585
828,n_10041,n_23855,n_10041_n_23855,187.7412459993851,3180.388577265982
829,n_4472,n_6922,n_4472_n_6922,20.64517771619155,755.6831669310544
830,n_26272,n_28304,n_26272_n_28304,6546.093711897462,6416.220661094048
831,n_9852,n_28995,n_9852_n_28995,815.5366424289404,8274.514621206645
832,n_28704,n_7041,n_28704_n_7041,37.3616027352367,1111.8387916697502
833,n_18277,n_18278,n_18277_n_18278,166.02653034981174,586.6923354809082
834,n_1508,n_29226,n_1508_n_29226,519.5583873349761,1232.970925746156
835,n_26264,n_26265,n_26264_n_26265,524.0758815422013,1239.939440111409
836,n_18291,n_31014,n_18291_n_31014,318.21008506248654,896.069390225788
837,n_8318,n_8330,n_8318_n_8330,16.704155596829505,658.3420414854255
838,n_6900,n_22591,n_6900_n_22591,6466.53572417968,31852.24792215858
839,n_29873,n_30304,n_29873_n_30304,278.1346713626747,4107.7396738256975
840,n_22612,n_28662,n_22612_n_28662,1567.2267728522195,12659.706935873264
841,n_4474,n_28504,n_4474_n_28504,62.522776089697174,13833.79973473033
842,n_17632,n_18703,n_17632_n_18703,908.2110289673627,1773.594999218754
843,n_6665,n_28998,n_6665_n_28998,62.63734688903715,1556.436247804414
844,n_9858,n_28998,n_9858_n_28998,32.55617353497259,1016.5228300868706
845,n_4474,n_4507,n_4474_n_4507,85.83045239623905,17002.826924678848
846,n_7014,n_28710,n_7014_n_28710,102.91134830643152,429.72285746675203
847,n_6685,n_30940,n_6685_n_30940,200.20318241366576,662.7236561685548
848,n_7044,n_22609,n_7044_n_22609,559.986432395347,1294.6084071653206
849,n_9839,n_9853,n_9839_n_9853,54.00772382625174,1413.258470269788
850,n_22591,n_6897,n_22591_n_6897,72.40335382099215,1710.3922739091593
851,n_9457,n_23582,n_9457_n_23582,422.5295616119765,5392.942557525621
852,n_6661,n_6907,n_6661_n_6907,104.05907140867298,2165.918285815568
853,n_9426,n_10045,n_9426_n_10045,54.60585466986378,1423.428142430003
854,n_27914,n_27915,n_27914_n_27915,480.8947522127602,5866.882597292656
855,n_9892,n_23801,n_9892_n_23801,2655.431803873403,17844.517405613173
856,n_6662,n_9414,n_6662_n_9414,146.4712636191504,2705.812219724517
857,n_7065,n_28663,n_7065_n_28663,10.128113917061073,475.3263900188817
858,n_23767,n_28991,n_23767_n_28991,5008.325326960289,26970.727497347816
859,n_1754,n_28766,n_1754_n_28766,26.02765758825599,175.59943226589414
860,n_9873,n_31010,n_9873_n_31010,20.739268879832046,757.9234666771389
861,n_23799,n_23801,n_23799_n_23801,604.0108614551319,6805.388989234521
862,n_28470,n_4472,n_28470_n_4472,26.86182524155647,896.9330891304924
863,n_15692,n_30941,n_15692_n_30941,26.407208696655967,177.2622319620221
864,n_275,n_6024,n_275_n_6024,18.046598985966632,692.3189313914474
865,n_6701,n_19222,n_6701_n_19222,224.8816367007489,3576.9664991270165
866,n_1924,n_28719,n_1924_n_28719,19.605904206930504,730.6959151375515
867,n_4452,n_9900,n_4452_n_9900,83.57087674318781,375.260320576699
868,n_7602,n_22814,n_7602_n_22814,351.248442615948,4781.760301211696
869,n_7066,n_28718,n_7066_n_28718,152.31961816961314,2775.6638954718496
870,n_14488,n_29293,n_14488_n_29293,219.33988760850775,703.3029446186582
871,n_10029,n_23786,n_10029_n_23786,33.68588991743241,1039.3492028300884
872,n_322,n_6891,n_322_n_6891,8.201350309165797,3686.888066283615
873,n_28670,n_28671,n_28670_n_28671,32.350090234578914,1012.3292166276862
874,n_24341,n_30087,n_24341_n_30087,901.3952650421842,1764.9187204564937
875,n_30950,n_6940,n_30950_n_6940,1144.6834595188232,2061.9544516760757
876,n_9846,n_28995,n_9846_n_28995,216.1050294367764,3485.4564138453907
877,n_9969,n_23825,n_9969_n_23825,32.79776542808323,1021.4272342855878
878,n_14006,n_28625,n_14006_n_28625,177.7038373261382,613.2357823914307
879,n_6953,n_18694,n_6953_n_18694,95.7982202707134,410.14607644729386
880,n_9951,n_13478,n_9951_n_13478,42.77978663343558,1214.308851627955
881,n_22542,n_22543,n_22542_n_22543,404.56839302688036,5242.574161263673
882,n_2042,n_20311,n_2042_n_20311,1321.1368726441797,2263.6636350376866
883,n_326,n_30944,n_326_n_30944,133.47458638239922,2546.9903584858707
884,n_6178,n_23861,n_6178_n_23861,3722.381515987815,22232.956475306295
885,n_20311,n_23859,n_20311_n_23859,262.1637391505982,3952.606680060572
886,n_18285,n_6705,n_18285_n_6705,326.81360830074897,4562.492976120854
887,n_23842,n_30522,n_23842_n_30522,361.3193990976131,4870.572875092015
888,n_18269,n_18270,n_18269_n_18270,255.03667242866834,775.8418129868616
889,n_28502,n_28664,n_28502_n_28664,36.79294126543108,1100.7926398978814
890,n_10048,n_22426,n_10048_n_22426,37.72082152940772,1118.7863187568942
891,n_6673,n_28699,n_6673_n_28699,202.62606860118714,667.9339515228958
892,n_14001,n_14722,n_14001_n_14722,283.26154150107567,830.7091693106139
893,n_10014,n_29255,n_10014_n_29255,49.16628682600972,265.6747933908177
894,n_3861,n_21135,n_3861_n_21135,6588.500528935041,6443.249285385466
895,n_30640,n_14366,n_30640_n_14366,372.03071556381224,992.0228245002791
896,n_9505,n_28953,n_9505_n_28953,32.17543412578847,1008.7678146007617
897,n_4459,n_28502,n_4459_n_28502,59.68962821348077,1508.3529944995582
898,n_9487,n_31010,n_9487_n_31010,4341.593712834501,24575.504323531262
899,n_6673,n_6940,n_6673_n_6940,131.04459887795144,502.93831013755425
900,n_9484,n_9873,n_9484_n_9873,186.45389773692,3166.17450623946
901,n_28303,n_28779,n_28303_n_28779,796.1444825189905,1627.8732530970926
902,n_1850,n_1851,n_1850_n_1851,205.6051284271714,674.310565159582
903,n_13300,n_18294,n_13300_n_18294,52.676635501364416,277.8741862277244
904,n_9484,n_23600,n_9484_n_23600,22.305138894013623,794.7022336042704
905,n_9955,n_30062,n_9955_n_30062,35.03768385018258,1066.3146146917434
906,n_14528,n_28779,n_14528_n_28779,217.92132315278863,700.3384807313158
907,n_15824,n_15825,n_15824_n_15825,234.406689235292,734.3876045129198
908,n_218,n_1586,n_218_n_1586,779.4375266263761,1605.5524627323853
909,n_6663,n_6677,n_6663_n_6677,214.42499927356357,3467.7926327209084
910,n_9901,n_9904,n_9901_n_9904,92.43622579358173,2005.192623301958
911,n_322,n_22816,n_322_n_22816,145.74031750164485,2697.0140880818262
912,n_17891,n_13988,n_17891_n_13988,675.931295323583,1463.3271498220065
913,n_7065,n_7067,n_7065_n_7067,208.40187537306932,3404.064491562471
914,n_9821,n_9840,n_9821_n_9840,21.461006158163148,774.9916521355805
915,n_28673,n_30401,n_28673_n_30401,1908.0198685401258,14389.718104411824
916,n_7559,n_18705,n_7559_n_18705,63.588852243353095,1571.7875519316501
917,n_28470,n_28471,n_28470_n_28471,62.38885146965035,1552.4137256543538
918,n_18296,n_18299,n_18296_n_18299,153.8717339910679,558.361258340957
919,n_14194,n_18690,n_14194_n_18690,247.11047215372759,760.0584756317111
920,n_9937,n_29007,n_9937_n_29007,31.068798055176792,986.0434246009926
921,n_30942,n_30943,n_30942_n_30943,735.1481683546019,7733.9768812349985
922,n_18693,n_18868,n_18693_n_18868,66.58068982572071,323.64924960450435
923,n_1517,n_20882,n_1517_n_20882,358.57199440580064,4846.431042425118
924,n_3498,n_20883,n_3498_n_20883,10483.993704460656,43627.03900876603
925,n_9441,n_9439,n_9441_n_9439,16.205839962945177,645.4892282751
926,n_14029,n_14034,n_14029_n_14034,756.539993215035,1574.6876757771083
927,n_10052,n_23858,n_10052_n_23858,134.32417019870954,2557.532641424737
928,n_16289,n_18700,n_16289_n_18700,132.28608759864937,506.03504373954974
929,n_322,n_19224,n_322_n_19224,100.6768696006051,2119.825244873203
930,n_23819,n_30398,n_23819_n_30398,42.73686822728424,1213.515636153385
931,n_6687,n_28669,n_6687_n_28669,15.34536460171849,622.9654881578497
932,n_9907,n_9909,n_9907_n_9909,52.586029506802625,1388.9270652400896
933,n_9825,n_23768,n_9825_n_23768,753.2044842229018,7857.115165782616
934,n_18708,n_18709,n_18708_n_18709,211.81668240112887,687.5035301888275
935,n_19163,n_30205,n_19163_n_30205,528.7938194040337,1247.194808695559
936,n_6941,n_6939,n_6941_n_6939,181.98318095438066,3116.543320152248
937,n_9418,n_17163,n_9418_n_17163,59.228953254789516,1500.764314414861
938,n_10047,n_30493,n_10047_n_30493,59.79272085168799,1510.0484326425737
939,n_10016,n_23850,n_10016_n_23850,15.306427224949175,621.935986792721
940,n_18282,n_18284,n_18282_n_18284,112.31651980112201,454.8976316362931
941,n_328,n_19230,n_328_n_19230,1651.1898589496566,13097.206597739545
942,n_26264,n_28297,n_26264_n_28297,1205.8515466117349,2133.030965759701
943,n_326,n_1517,n_326_n_1517,45.814179619574084,1269.7077402753894
944,n_9930,n_23809,n_9930_n_23809,27.448610118808524,909.6400562036704
945,n_9835,n_23769,n_9835_n_23769,957.2695584349045,9184.30121376753
946,n_9970,n_9971,n_9970_n_9971,43.701633607315344,1231.2799489830652
947,n_14575,n_14576,n_14575_n_14576,106.08298056512399,2193.250224028433
948,n_30976,n_30975,n_30976_n_30975,17.458318627117293,677.5422708938385
949,n_6889,n_22589,n_6889_n_22589,5336.037933836279,28106.86011768007
950,n_19358,n_22602,n_19358_n_22602,929.1445583394398,1800.101889011764
951,n_14002,n_28275,n_14002_n_28275,287.45665094748193,838.6977436736577
952,n_7588,n_22813,n_7588_n_22813,3990.8727618535436,23264.19417032671
953,n_4478,n_4484,n_4478_n_4484,19.359913928133548,724.7145001175435
954,n_9937,n_9938,n_9937_n_9938,31.34685618909093,991.7794639140564
955,n_6966,n_6969,n_6966_n_6969,172.2449727875848,600.9056324812901
956,n_14045,n_28625,n_14045_n_28625,203.61593911501302,670.0563552948485
957,n_23799,n_23800,n_23799_n_23800,4178.687136046755,23971.199664639993
958,n_28953,n_28955,n_28953_n_28955,47.57666925397453,1301.29673326321
959,n_9911,n_9912,n_9911_n_9912,39.99922377168772,1162.3271726544658
960,n_322,n_334,n_322_n_334,71.58822944738122,1697.8320147269465
961,n_6695,n_19222,n_6695_n_19222,2615.7854787707192,17670.620747813296
962,n_14034,n_26042,n_14034_n_26042,450.7633068402026,1124.0752289709862
963,n_22541,n_22542,n_22541_n_22542,71.70917596097311,1699.6988219907485
964,n_6707,n_23818,n_6707_n_23818,12.492378889478513,544.8899705051701
965,n_13843,n_25970,n_13843_n_25970,576.421342902659,1319.2182228689494
966,n_9995,n_23846,n_9995_n_23846,165.30922692488602,2927.5493971033234
967,n_9457,n_23583,n_9457_n_23583,230.31552053443244,3632.9985922675246
968,n_6892,n_22590,n_6892_n_22590,373.04664592367857,993.7855352345842
969,n_28711,n_1572,n_28711_n_1572,6.678050429237268,3225.280810111214
970,n_7720,n_30912,n_7720_n_30912,105.77966903674972,2189.1658144882017
971,n_3493,n_20881,n_3493_n_20881,1643.0749948180578,2608.9624343095275
972,n_6971,n_6978,n_6971_n_6978,131.52136184254837,504.128739796935
973,n_15622,n_18690,n_15622_n_18690,189.33908114863266,639.0844932719157
974,n_10875,n_23849,n_10875_n_23849,442.6809754691092,1110.912915879324
975,n_23803,n_23805,n_23803_n_23805,18.427669055608305,701.8011185019305
976,n_28667,n_6682,n_28667_n_6682,46.4647647488578,1281.4166994699806
977,n_9505,n_9507,n_9505_n_9507,169.96023354866549,595.7046252676432
978,n_17890,n_21770,n_17890_n_21770,15769.713588584542,11372.558116071983
979,n_9981,n_9983,n_9981_n_9983,232.28782463911375,3653.2217941664753
980,n_4474,n_30343,n_4474_n_30343,809.94072777579,8237.50859753308
981,n_28501,n_28664,n_28501_n_28664,46.565999801009674,1283.2335263696132
982,n_6675,n_22537,n_6675_n_22537,359.8640434071211,970.7804053630168
983,n_23598,n_23599,n_23598_n_23599,3431.0388331927106,21084.092378745656
984,n_4474,n_4478,n_4474_n_4478,11.033834050525137,502.5829376683262
985,n_6991,n_19358,n_6991_n_19358,936.1503785274559,1808.9262630883359
986,n_18865,n_18866,n_18865_n_18866,139.20505398568974,2617.653932218458
987,n_14000,n_14002,n_14000_n_14002,667.6557641704921,1451.6389473385261
988,n_28945,n_9477,n_28945_n_9477,101.49852119284867,2131.071873909223
989,n_14570,n_26304,n_14570_n_26304,5515.031031485128,5738.819820374609
990,n_30066,n_30067,n_30066_n_30067,132.76251047096738,507.2207235753183
991,n_9506,n_28954,n_9506_n_28954,72.9460113684428,1718.7267329589993
992,n_6685,n_28702,n_6685_n_28702,59.01957400288959,1497.3084132214865
993,n_29006,n_29007,n_29006_n_29007,45.67075293763945,1267.118619470358
994,n_10038,n_10039,n_10038_n_10039,114.9451861578788,2310.8530334887355
995,n_9829,n_9831,n_9829_n_9831,128.35027118089087,2482.8994577602193
996,n_23596,n_28951,n_23596_n_28951,892.734161403842,8776.330005299667
997,n_4472,n_28471,n_4472_n_28471,46.88972412856682,1289.034054871949
998,n_27922,n_27919,n_27922_n_27919,2358.1740689540993,16517.32474458206
999,n_18298,n_18299,n_18298_n_18299,78.85731789289662,361.3424712776685
1000,n_18691,n_14194,n_18691_n_14194,349.79591712581566,953.0117615177995
1001,n_14626,n_15689,n_14626_n_15689,107.01680056818526,440.80660691535155
1002,n_30897,n_275,n_30897_n_275,13.38139534184314,5070.759280262453
1003,n_9902,n_23804,n_9902_n_23804,3063.0881321614916,3913.494222874393
1004,n_6679,n_23782,n_6679_n_23782,27.523514811613875,911.2552797216082
1005,n_23854,n_30401,n_23854_n_30401,23.330673481410695,818.3017489988538
1006,n_9887,n_18698,n_9887_n_18698,333.1016850130261,4619.450726257726
1007,n_23848,n_6692,n_23848_n_6692,24.544387301236476,845.7688816528981
1008,n_6670,n_22541,n_6670_n_22541,821.2947463948221,8312.50081915777
1009,n_1258,n_4481,n_1258_n_4481,66.7825262102857,1622.7377297903404
1010,n_333,n_19233,n_333_n_19233,297.1679205676791,4288.615158786047
1011,n_14510,n_26275,n_14510_n_26275,404.10891115415234,1046.9003464609018
1012,n_324,n_19233,n_324_n_19233,396.3015723862451,5172.584758774407
1013,n_22426,n_22427,n_22426_n_22427,1585.5220628188367,12755.720177602978
1014,n_22421,n_22422,n_22421_n_22422,3154.6673116302145,3989.2719066468508
1015,n_6905,n_22592,n_6905_n_22592,970.3932499256114,9266.075173718775
1016,n_14502,n_28299,n_14502_n_28299,2609.166971729534,3525.4745689177303
1017,n_28502,n_30890,n_28502_n_30890,257.87976054835406,781.4613485494808
1018,n_20153,n_30301,n_20153_n_30301,1632.979342415421,2598.515412422379
1019,n_23847,n_28670,n_23847_n_28670,541.4749977173959,6338.001923567743
1020,n_23785,n_9862,n_23785_n_9862,90.06700145129392,1971.5831437009324
1021,n_9458,n_23585,n_9458_n_23585,2700.153220509614,18039.590599196865
1022,n_2042,n_2416,n_2042_n_2416,325.59419504268465,4551.40334425685
1023,n_6400,n_18992,n_6400_n_18992,30.496756000684456,194.68118911915374
1024,n_3497,n_20882,n_3497_n_20882,430.97832076931587,1091.705124224721
1025,n_26292,n_2106,n_26292_n_2106,4317.631883735928,4893.501894997088
1026,n_4491,n_28506,n_4491_n_28506,120.5867083561313,476.43186777301827
1027,n_7591,n_19221,n_7591_n_19221,3376.490166757165,20865.262676035425
1028,n_14573,n_14574,n_14573_n_14574,973.1460599043328,9283.178891049783
1029,n_28697,n_6669,n_28697_n_6669,81.43229845259229,1846.381628005346
1030,n_207,n_30205,n_207_n_30205,442.04442012917264,1109.8727194863914
1031,n_23773,n_9836,n_23773_n_9836,56.95564240922499,1463.0098505162223
1032,n_9842,n_9856,n_9842_n_9856,13.05383596434609,560.7100744521272
1033,n_29630,n_30522,n_29630_n_30522,130.81345287479016,2513.8163197108756
1034,n_18270,n_30852,n_18270_n_30852,879.7910869752245,1737.2645573535553
1035,n_7798,n_13721,n_7798_n_13721,67.05557334164945,325.1501617109126
1036,n_9837,n_23771,n_9837_n_23771,280.0084282002083,4125.7338800874095
1037,n_18303,n_30975,n_18303_n_30975,158.65604736672444,569.6028239142662
1038,n_18285,n_23853,n_18285_n_23853,26.05154090132533,879.2257055020605
1039,n_7555,n_22779,n_7555_n_22779,1515.1790969858914,12384.397060254754
1040,n_13721,n_1063,n_13721_n_1063,8.160602202927056,412.975207941163
1041,n_18689,n_28669,n_18689_n_28669,2205.7296587180485,15814.13198466499
1042,n_10047,n_10045,n_10047_n_10045,58.294645701243994,1485.30993251685
1043,n_7701,n_22868,n_7701_n_22868,902.5302091928505,1766.3650576028201
1044,n_9909,n_9906,n_9909_n_9906,35.39538730177735,1073.3889110171153
1045,n_6897,n_7619,n_6897_n_7619,22.795193759380922,806.0255404932514
1046,n_23779,n_28947,n_23779_n_28947,176.1456938633018,3051.0934877067098
1047,n_17955,n_18292,n_17955_n_18292,4469.399337334595,5004.803959918097
1048,n_7590,n_22813,n_7590_n_22813,183.68014070644736,3135.4315016527835
1049,n_9838,n_23773,n_9838_n_23773,4981.281972180895,26875.830668869086
1050,n_9508,n_23787,n_9508_n_23787,935.8626469628018,9050.069386794401
1051,n_23797,n_23799,n_23797_n_23799,56.713977103090315,1458.9656950439967
1052,n_1048,n_1061,n_1048_n_1061,849.3648327045148,8496.365685038658
1053,n_25970,n_14783,n_25970_n_14783,1013.0806150917434,1904.360280835364
1054,n_6916,n_6969,n_6916_n_6969,374.53544685250756,996.3656863224511
1055,n_6901,n_6906,n_6901_n_6906,33.53857221006419,1036.3879100013241
1056,n_3,n_18308,n_3_n_18308,143.41228569487834,533.3503521098911
1057,n_6698,n_22546,n_6698_n_22546,3422.628347444782,21050.432133201226
1058,n_6697,n_6703,n_6697_n_6703,58.898474490543215,1495.3076569290415
1059,n_13964,n_14034,n_13964_n_14034,204.03733928077094,670.9587956859768
1060,n_18710,n_6692,n_18710_n_6692,343.34646189491855,4711.451558718329
1061,n_23777,n_9852,n_23777_n_9852,42.35183655708935,1206.3870215915238
1062,n_1517,n_20883,n_1517_n_20883,148.42377232224356,545.410661707436
1063,n_6403,n_18867,n_6403_n_18867,226.47307890411312,718.1094861668804
1064,n_9891,n_23800,n_9891_n_23800,25.825156415856384,874.2442615291467
1065,n_23771,n_28993,n_23771_n_28993,40.46310192473462,1171.084801209169
1066,n_10014,n_14521,n_10014_n_14521,104.56380323921803,434.20232037105404
1067,n_340,n_6907,n_340_n_6907,35.94648558242915,1084.2393456990799
1068,n_8330,n_28300,n_8330_n_28300,18.72414683699439,709.1311284876114
1069,n_22548,n_22818,n_22548_n_22818,100.40812551312042,2116.1397759272977
1070,n_14503,n_14505,n_14503_n_14505,8522.896291118062,7618.8098929510925
1071,n_4477,n_30852,n_4477_n_30852,1394.138701330757,11731.026562266039
1072,n_9834,n_28666,n_9834_n_28666,72.31759826305623,1709.0731970350678
1073,n_1837,n_22549,n_1837_n_22549,1996.397314135129,14820.184316501489
1074,n_23783,n_28652,n_23783_n_28652,42.12205471443893,1202.1219818002232
1075,n_29872,n_29874,n_29872_n_29874,23994.58467332799,74790.51784870066
1076,n_19358,n_29661,n_19358_n_29661,495.9030744213891,1196.1294536417797
1077,n_26833,n_28707,n_26833_n_28707,933.1614600287394,1805.1643171387168
1078,n_4169,n_13431,n_4169_n_13431,936.6198764656298,1809.5168066301153
1079,n_7092,n_1924,n_7092_n_1924,46.41288419209181,1280.4850835415357
1080,n_4534,n_14030,n_4534_n_14030,260.8353173537974,787.2803111406408
1081,n_9948,n_23815,n_9948_n_23815,173.5856603863529,3022.152230978191
1082,n_15847,n_10239,n_15847_n_10239,29.453004370341738,190.317286994044
1083,n_8337,n_28300,n_8337_n_28300,49.336357090810715,1332.4305795045184
1084,n_6941,n_30950,n_6941_n_30950,874.3481024958672,8658.23459901292
1085,n_6967,n_28707,n_6967_n_28707,16.31611756431845,648.3453145512863
1086,n_19634,n_28668,n_19634_n_28668,390.5279284917307,5123.400880896409
1087,n_6404,n_6655,n_6404_n_6655,92.22680775680159,2002.2340604510148
1088,n_9821,n_23774,n_9821_n_23774,60.0286271372171,302.54236184121567
1089,n_18869,n_30522,n_18869_n_30522,1549.4380904157372,12565.976567096022
1090,n_6967,n_6986,n_6967_n_6986,220.09162095909105,704.871176272342
1091,n_10017,n_28707,n_10017_n_28707,12.319406643983417,539.9664504518116
1092,n_28601,n_18137,n_28601_n_18137,8.700744780367867,430.57028912629386
1093,n_18293,n_18294,n_18293_n_18294,67.51423318156185,326.5962796488353
1094,n_7719,n_18302,n_7719_n_18302,39.67574872656703,1156.199250029497
1095,n_6681,n_22521,n_6681_n_22521,234.51081547583112,3675.9437390058674
1096,n_4097,n_21284,n_4097_n_21284,5792.211935142439,5924.976067942275
1097,n_7619,n_22868,n_7619_n_22868,163.55954862130585,2907.3400841484763
1098,n_89,n_19629,n_89_n_19629,5175.895268115525,5506.547816631713
1099,n_9480,n_23599,n_9480_n_23599,115.72548680957672,463.83888815118235
1100,n_29979,n_30069,n_29979_n_30069,82.52734529675067,1862.5075404281904
1101,n_6956,n_28703,n_6956_n_28703,283.5000003618257,831.1643586318778
1102,n_9829,n_9832,n_9829_n_9832,170.42840489328765,2986.253360479782
1103,n_18310,n_9882,n_18310_n_9882,89.33867054508914,391.9237413927585
1104,n_7011,n_28710,n_7011_n_28710,36.92317130855724,1103.3275658903885
1105,n_15847,n_30957,n_15847_n_30957,75.46834255010975,351.1557304378416
1106,n_18866,n_18696,n_18866_n_18696,46.52255882450176,1282.4540767384044
1107,n_6677,n_10039,n_6677_n_10039,39.78715599493951,1158.3117148461954
1108,n_29962,n_18703,n_29962_n_18703,156.0811365902738,563.5675648213047
1109,n_28296,n_10239,n_28296_n_10239,127.09487689353068,493.01737440102625
1110,n_6912,n_6922,n_6912_n_6922,179.40454348663297,3087.7234122648806
1111,n_28766,n_18866,n_28766_n_18866,120.14505040295086,2378.3805981340297
1112,n_9912,n_23794,n_9912_n_23794,324.1310141041847,4538.077681557357
1113,n_9910,n_23804,n_9910_n_23804,122.97923596093156,2414.7563601482066
1114,n_9840,n_23774,n_9840_n_23774,80.27437711293481,365.5564558620397
1115,n_14571,n_26304,n_14571_n_26304,15663.765997035034,11322.759550641935
1116,n_1514,n_28509,n_1514_n_28509,14.321524949253345,595.5823702317274
1117,n_30630,n_29240,n_30630_n_29240,337.595304477106,931.2384989058723
1118,n_6703,n_7618,n_6703_n_7618,42.236562388103316,1204.248400367764
1119,n_30412,n_10014,n_30412_n_10014,54.924034599519466,1428.8221239562904
1120,n_6691,n_22549,n_6691_n_22549,76.93439693543486,1779.3332873639874
1121,n_15776,n_26871,n_15776_n_26871,143.52754374157772,533.629360705715
1122,n_10240,n_18289,n_10240_n_18289,604.0708777016698,1360.0757256876905
1123,n_207,n_244,n_207_n_244,2642.795083572957,3554.9884941924456
1124,n_1850,n_20153,n_1850_n_20153,283.0812001137294,830.3648304445909
1125,n_28669,n_9419,n_28669_n_9419,8.184887486653299,413.77485925899254
1126,n_22592,n_6895,n_22592_n_6895,103.86045550165652,2163.2261194947937
1127,n_23775,n_9846,n_23775_n_9846,53.58931250563993,1406.121088721335
1128,n_9926,n_9928,n_9926_n_9928,208.57901172527153,3405.9477956418823
1129,n_10042,n_23853,n_10042_n_23853,72.19496915123877,1707.1859887823216
1130,n_321,n_19230,n_321_n_19230,110.4307957748675,2251.357919192038
1131,n_7602,n_22815,n_7602_n_22815,240.82637573224508,3740.0909165890953
1132,n_9940,n_18298,n_9940_n_18298,710.7804588055262,1512.0100033490905
1133,n_10835,n_24341,n_10835_n_24341,7789.764639920603,7185.503580524265
1134,n_9839,n_9842,n_9839_n_9842,329.1065936312415,4583.306900450008
1135,n_22612,n_23778,n_22612_n_23778,16.15437303997186,644.1539628563263
1136,n_6668,n_22537,n_6668_n_22537,1361.3480997743723,2308.2817062583
1137,n_14523,n_26275,n_14523_n_26275,928.8823379073158,1799.7711520694018
1138,n_6967,n_6682,n_6967_n_6682,31.46160344783669,994.1413958658688
1139,n_4093,n_28470,n_4093_n_28470,5.909596265834896,2978.5487798809263
1140,n_6682,n_7011,n_6682_n_7011,32.69952072028903,1019.4343568570962
1141,n_9856,n_9883,n_9856_n_9883,2102.1449339008286,15326.613711346821
1142,n_9913,n_29004,n_9913_n_29004,379.5541979617545,5029.213425545266
1143,n_9947,n_23818,n_9947_n_23818,1414.0365871508695,11839.754681313843
1144,n_30421,n_18696,n_30421_n_18696,349.8143844861655,4769.041944353152
1145,n_13841,n_30630,n_13841_n_30630,511.83971980505834,1221.0152596171527
1146,n_10043,n_23856,n_10043_n_23856,129.0602277211338,2491.831622824386
1147,n_10009,n_29015,n_10009_n_29015,43.79519503514177,1232.9953862590273
1148,n_2106,n_26292,n_2106_n_26292,4317.631883735928,4893.501894997088
1149,n_18290,n_29007,n_18290_n_29007,162.9467385386649,579.5842831239405
1150,n_14504,n_26267,n_14504_n_26267,3583.93681426881,4334.743973633583
1151,n_9892,n_30494,n_9892_n_30494,439.8215805910843,5535.614614233535
1152,n_27913,n_27914,n_27913_n_27914,15337.938095173744,55889.10144701271
1153,n_9853,n_23778,n_9853_n_23778,98.73902298575733,2093.1726352561877
1154,n_14492,n_30260,n_14492_n_30260,1692.6534614156762,2659.9450827725495
1155,n_6646,n_28470,n_6646_n_28470,701.7586209042282,7503.451028715388
1156,n_18688,n_29024,n_18688_n_29024,1209.951651774887,10697.315428026577
1157,n_18689,n_22544,n_18689_n_22544,423.27234970889975,5399.112505169935
1158,n_6048,n_28509,n_6048_n_28509,101.13320599355745,424.8745472402644
1159,n_9419,n_9872,n_9419_n_9872,67.16873926085094,1628.8409082318235
1160,n_14576,n_14577,n_14576_n_14577,158.8787529638974,570.1232047562837
1161,n_9937,n_18295,n_9937_n_18295,651.8061166041838,1429.1110140426997
1162,n_22813,n_28767,n_22813_n_28767,221.05535104993595,3537.2275180008783
1163,n_7089,n_9820,n_7089_n_9820,25.65391370036076,870.4660466748323
1164,n_28300,n_28301,n_28300_n_28301,402.8951598436375,1044.8522732117258
1165,n_18026,n_28300,n_18026_n_28300,148.53616269232174,545.679488702511
1166,n_4534,n_14032,n_4534_n_14032,150.27544827184263,549.830688710638
1167,n_9480,n_9484,n_9480_n_9484,13.96513248465259,585.8914456522737
1168,n_6680,n_22538,n_6680_n_22538,1655.3243548083274,2621.608090296095
1169,n_6659,n_22538,n_6659_n_22538,367.5839034597723,984.2874308342333
1170,n_1850,n_28509,n_1850_n_28509,110.34123935540676,449.67341513250113
1171,n_4534,n_4536,n_4534_n_4536,28.673623222036788,935.8666661414601
1172,n_26265,n_28305,n_26265_n_28305,155.3879967578764,561.937013359552
1173,n_15825,n_15826,n_15825_n_15826,2659.7398702433916,3569.8105014811467
1174,n_9926,n_30064,n_9926_n_30064,132.0924355792366,2529.789391691287
1175,n_28106,n_28107,n_28106_n_28107,606.759861185485,1364.014014007599
1176,n_6974,n_6976,n_6974_n_6976,2210.6298060075273,3164.8621409815078
1177,n_7046,n_22609,n_7046_n_22609,215.34632996851695,694.9400855301341
1178,n_13431,n_4166,n_13431_n_4166,1069.1881300985729,1972.3732556624673
1179,n_319,n_29979,n_319_n_29979,46.02018115764078,1273.4215110741927
1180,n_18704,n_22427,n_18704_n_22427,94.91199774019894,2039.9938991411607
1181,n_7587,n_19223,n_7587_n_19223,155.41915417905338,2812.304094970199
1182,n_27917,n_27913,n_27917_n_27913,331.08166166712937,4601.194480299031
1183,n_9846,n_18698,n_9846_n_18698,24.113774917769504,836.0792978309107
1184,n_4534,n_7720,n_4534_n_7720,161.24145840068888,575.6283970249209
1185,n_2416,n_20311,n_2416_n_20311,535.7773864314505,6294.5060302313605
1186,n_29000,n_9882,n_29000_n_9882,62.09290452241303,309.27526897584914
1187,n_10029,n_29970,n_10029_n_29970,16.862196576180377,662.3902530434376
1188,n_1069,n_6712,n_1069_n_6712,61.90761352790921,1544.6077437861486
1189,n_18992,n_16911,n_18992_n_16911,29.473419283256728,952.7788170684887
1190,n_18992,n_22421,n_18992_n_22421,25923.01438392908,78650.6079578425
1191,n_18992,n_22422,n_18992_n_22422,1835.4323338253448,14030.931589640117
1192,n_10123,n_18704,n_10123_n_18704,5.580210534019344,322.449979411434
1193,n_23795,n_23798,n_23795_n_23798,31.71338325379436,999.3134665942954
1194,n_23823,n_23822,n_23823_n_23822,116.91813168567718,2336.597556996575
1195,n_23823,n_29012,n_23823_n_29012,42.88917511645668,1216.3293082576627
1196,n_23822,n_29011,n_23822_n_29011,31.532256472375177,995.5942064728896
1197,n_10048,n_22427,n_10048_n_22427,38.630638573046255,1136.2803111508788
1198,n_18704,n_2416,n_18704_n_2416,301.4047675951814,4328.3218752204875
1199,n_29004,n_23794,n_29004_n_23794,49.69818473283825,1338.783975423488
1200,n_29008,n_18286,n_29008_n_18286,19186.712068825975,64658.58353666612
1201,n_10123,n_20980,n_10123_n_20980,5.600698461948333,323.2201960919283
1202,n_10123,n_29953,n_10123_n_29953,6.114132239672929,342.21323028206035
1203,n_18704,n_1837,n_18704_n_1837,6.573364838879846,358.73408255925074
1204,n_18704,n_6133,n_18704_n_6133,2683.986430905947,17969.20273630347
1205,n_22422,n_6394,n_22422_n_6394,108.24208384955854,2222.208032577974
1206,n_6133,n_18990,n_6133_n_18990,1462.1037975200197,12100.230252563279
1207,n_18697,n_29970,n_18697_n_29970,103.37295672148112,2156.6106215412847
1208,n_10123,n_18697,n_10123_n_18697,9.234021255379385,447.57135066126125
1209,n_6712,n_1081,n_6712_n_1081,7791.344660965218,35961.06177035191
1210,n_6712,n_29228,n_6712_n_29228,16.495979938758214,652.989170747485
1211,n_9890,n_23795,n_9890_n_23795,525.9486756393508,6219.091609093214
1212,n_9890,n_23794,n_9890_n_23794,25.004530818907075,856.0576312985366
1213,n_9913,n_9914,n_9913_n_9914,421.6342314374447,5385.500489865329
1214,n_9949,n_18286,n_9949_n_18286,127.64266410914841,2473.9796778232317
1215,n_9951,n_23826,n_9951_n_23826,66.59833631568127,1619.8227100147456
1216,n_9951,n_23827,n_9951_n_23827,158.82602657711243,2852.2844275723683
1217,n_9951,n_18286,n_9951_n_18286,9.234298595700837,447.58010177113044
1218,n_9951,n_29022,n_9951_n_29022,15.73889571338153,633.3197982496745
1219,n_23822,n_31016,n_23822_n_31016,36.7297636602416,1099.5617608776752
1220,n_23822,n_9963,n_23822_n_9963,79.60886979336648,1819.360377534904
