,0
0,n_10002
1,n_10009
2,n_10012
3,n_10013
4,n_10014
5,n_10015
6,n_10016
7,n_10017
8,n_10018
9,n_10019
10,n_10022
11,n_10023
12,n_10024
13,n_10025
14,n_10026
15,n_10029
16,n_10037
17,n_10038
18,n_10039
19,n_10040
20,n_10041
21,n_10042
22,n_10043
23,n_10044
24,n_10045
25,n_10047
26,n_10048
27,n_10051
28,n_10052
29,n_10053
30,n_10054
31,n_10058
32,n_10123
33,n_10239
34,n_10240
35,n_1048
36,n_10584
37,n_1060
38,n_1061
39,n_1063
40,n_1069
41,n_10707
42,n_1081
43,n_10835
44,n_10836
45,n_10875
46,n_11709
47,n_11731
48,n_11735
49,n_11742
50,n_11744
51,n_11747
52,n_11856
53,n_12162
54,n_12414
55,n_12417
56,n_12430
57,n_12432
58,n_12439
59,n_1258
60,n_13267
61,n_13300
62,n_13301
63,n_13431
64,n_13478
65,n_13721
66,n_13841
67,n_13843
68,n_13956
69,n_13964
70,n_13988
71,n_14000
72,n_14001
73,n_14002
74,n_14003
75,n_14006
76,n_14015
77,n_14021
78,n_14027
79,n_14029
80,n_14030
81,n_14031
82,n_14032
83,n_14033
84,n_14034
85,n_14035
86,n_14045
87,n_14194
88,n_14258
89,n_14283
90,n_14301
91,n_14322
92,n_14366
93,n_14488
94,n_14492
95,n_14494
96,n_14496
97,n_14497
98,n_14502
99,n_14503
100,n_14504
101,n_14505
102,n_14508
103,n_14510
104,n_14521
105,n_14522
106,n_14523
107,n_14528
108,n_14549
109,n_14569
110,n_14570
111,n_14571
112,n_14573
113,n_14574
114,n_14575
115,n_14576
116,n_14577
117,n_14593
118,n_14626
119,n_14722
120,n_14783
121,n_1500
122,n_1506
123,n_1508
124,n_1514
125,n_1517
126,n_15226
127,n_15511
128,n_15512
129,n_15609
130,n_15622
131,n_15626
132,n_15628
133,n_15629
134,n_15630
135,n_15632
136,n_15641
137,n_15661
138,n_15662
139,n_15664
140,n_15666
141,n_15689
142,n_15690
143,n_15691
144,n_15692
145,n_1572
146,n_1575
147,n_15775
148,n_15776
149,n_15777
150,n_15782
151,n_15824
152,n_15825
153,n_15826
154,n_15847
155,n_1586
156,n_16162
157,n_16281
158,n_16289
159,n_16404
160,n_16490
161,n_16911
162,n_17072
163,n_17163
164,n_17246
165,n_1754
166,n_17632
167,n_17633
168,n_17889
169,n_17890
170,n_17891
171,n_17892
172,n_17955
173,n_17983
174,n_17984
175,n_17985
176,n_18026
177,n_18137
178,n_18262
179,n_18267
180,n_18268
181,n_18269
182,n_18270
183,n_18271
184,n_18277
185,n_18278
186,n_18279
187,n_18280
188,n_18281
189,n_18282
190,n_18283
191,n_18284
192,n_18285
193,n_18286
194,n_18289
195,n_18290
196,n_18291
197,n_18292
198,n_18293
199,n_18294
200,n_18295
201,n_18296
202,n_18297
203,n_18298
204,n_18299
205,n_18301
206,n_18302
207,n_18303
208,n_18304
209,n_18308
210,n_18310
211,n_1834
212,n_1837
213,n_18493
214,n_1850
215,n_1851
216,n_18688
217,n_18689
218,n_18690
219,n_18691
220,n_18692
221,n_18693
222,n_18694
223,n_18696
224,n_18697
225,n_18698
226,n_18699
227,n_18700
228,n_18703
229,n_18704
230,n_18705
231,n_18706
232,n_18707
233,n_18708
234,n_18709
235,n_18710
236,n_18865
237,n_18866
238,n_18867
239,n_18868
240,n_18869
241,n_18870
242,n_18990
243,n_18992
244,n_19163
245,n_19221
246,n_19222
247,n_19223
248,n_19224
249,n_19230
250,n_19233
251,n_1924
252,n_19358
253,n_19629
254,n_19634
255,n_20153
256,n_20311
257,n_2042
258,n_20562
259,n_207
260,n_20880
261,n_20881
262,n_20882
263,n_20883
264,n_20895
265,n_20896
266,n_20897
267,n_20980
268,n_2106
269,n_21118
270,n_21135
271,n_21284
272,n_21285
273,n_21559
274,n_21560
275,n_21770
276,n_218
277,n_22421
278,n_22422
279,n_22425
280,n_22426
281,n_22427
282,n_22521
283,n_22537
284,n_22538
285,n_22539
286,n_22540
287,n_22541
288,n_22542
289,n_22543
290,n_22544
291,n_22546
292,n_22548
293,n_22549
294,n_22589
295,n_22590
296,n_22591
297,n_22592
298,n_22602
299,n_22609
300,n_22611
301,n_22612
302,n_22779
303,n_22813
304,n_22814
305,n_22815
306,n_22816
307,n_22817
308,n_22818
309,n_22867
310,n_22868
311,n_229
312,n_23582
313,n_23583
314,n_23584
315,n_23585
316,n_23586
317,n_23596
318,n_23598
319,n_23599
320,n_23600
321,n_23766
322,n_23767
323,n_23768
324,n_23769
325,n_23770
326,n_23771
327,n_23772
328,n_23773
329,n_23774
330,n_23775
331,n_23776
332,n_23777
333,n_23778
334,n_23779
335,n_23780
336,n_23781
337,n_23782
338,n_23783
339,n_23784
340,n_23785
341,n_23786
342,n_23787
343,n_23788
344,n_23789
345,n_23790
346,n_23792
347,n_23793
348,n_23794
349,n_23795
350,n_23797
351,n_23798
352,n_23799
353,n_23800
354,n_23801
355,n_23802
356,n_23803
357,n_23804
358,n_23805
359,n_23809
360,n_23810
361,n_23812
362,n_23813
363,n_23814
364,n_23815
365,n_23816
366,n_23817
367,n_23818
368,n_23819
369,n_23822
370,n_23823
371,n_23825
372,n_23826
373,n_23827
374,n_23842
375,n_23843
376,n_23844
377,n_23845
378,n_23846
379,n_23847
380,n_23848
381,n_23849
382,n_23850
383,n_23853
384,n_23854
385,n_23855
386,n_23856
387,n_23857
388,n_23858
389,n_23859
390,n_23861
391,n_2415
392,n_2416
393,n_2417
394,n_24341
395,n_244
396,n_25047
397,n_25052
398,n_25970
399,n_26041
400,n_26042
401,n_26258
402,n_26264
403,n_26265
404,n_26267
405,n_26268
406,n_26269
407,n_26270
408,n_26271
409,n_26272
410,n_26273
411,n_26274
412,n_26275
413,n_26276
414,n_26292
415,n_26302
416,n_26303
417,n_26304
418,n_26569
419,n_26570
420,n_26833
421,n_26871
422,n_275
423,n_27690
424,n_27913
425,n_27914
426,n_27915
427,n_27917
428,n_27918
429,n_27919
430,n_27920
431,n_27921
432,n_27922
433,n_28106
434,n_28107
435,n_28108
436,n_28114
437,n_28211
438,n_28275
439,n_28295
440,n_28296
441,n_28297
442,n_28298
443,n_28299
444,n_28300
445,n_28301
446,n_28302
447,n_28303
448,n_28304
449,n_28305
450,n_28306
451,n_28307
452,n_28308
453,n_28309
454,n_28310
455,n_28311
456,n_28332
457,n_28470
458,n_28471
459,n_28501
460,n_28502
461,n_28504
462,n_28505
463,n_28506
464,n_28509
465,n_28601
466,n_28617
467,n_28625
468,n_28635
469,n_28636
470,n_28652
471,n_28662
472,n_28663
473,n_28664
474,n_28665
475,n_28666
476,n_28667
477,n_28668
478,n_28669
479,n_28670
480,n_28671
481,n_28673
482,n_28697
483,n_28698
484,n_28699
485,n_28700
486,n_28702
487,n_28703
488,n_28704
489,n_28706
490,n_28707
491,n_28710
492,n_28711
493,n_28714
494,n_28718
495,n_28719
496,n_28766
497,n_28767
498,n_28770
499,n_28771
500,n_28779
501,n_28803
502,n_28842
503,n_28945
504,n_28946
505,n_28947
506,n_28951
507,n_28953
508,n_28954
509,n_28955
510,n_28990
511,n_28991
512,n_28993
513,n_28994
514,n_28995
515,n_28996
516,n_28998
517,n_28999
518,n_29000
519,n_29001
520,n_29002
521,n_29004
522,n_29005
523,n_29006
524,n_29007
525,n_29008
526,n_29010
527,n_29011
528,n_29012
529,n_29015
530,n_29016
531,n_29017
532,n_29018
533,n_29019
534,n_29020
535,n_29021
536,n_29022
537,n_29024
538,n_2907
539,n_29226
540,n_29228
541,n_29239
542,n_29240
543,n_29255
544,n_29262
545,n_29275
546,n_29284
547,n_29293
548,n_29477
549,n_29630
550,n_29661
551,n_29803
552,n_29872
553,n_29873
554,n_29874
555,n_29953
556,n_29962
557,n_29970
558,n_29973
559,n_29979
560,n_29983
561,n_3
562,n_30061
563,n_30062
564,n_30064
565,n_30065
566,n_30066
567,n_30067
568,n_30068
569,n_30069
570,n_30086
571,n_30087
572,n_30205
573,n_30212
574,n_30260
575,n_30301
576,n_30304
577,n_30343
578,n_30398
579,n_30399
580,n_30400
581,n_30401
582,n_30412
583,n_30413
584,n_30415
585,n_30416
586,n_30421
587,n_30493
588,n_30494
589,n_30518
590,n_30519
591,n_30520
592,n_30521
593,n_30522
594,n_30523
595,n_30524
596,n_30525
597,n_30630
598,n_30640
599,n_30852
600,n_30882
601,n_30890
602,n_30897
603,n_30898
604,n_30912
605,n_30940
606,n_30941
607,n_30942
608,n_30943
609,n_30944
610,n_30950
611,n_30957
612,n_30975
613,n_30976
614,n_31010
615,n_31012
616,n_31013
617,n_31014
618,n_31016
619,n_31027
620,n_31089
621,n_31224
622,n_31267
623,n_319
624,n_321
625,n_322
626,n_323
627,n_324
628,n_325
629,n_326
630,n_328
631,n_333
632,n_334
633,n_340
634,n_3484
635,n_3485
636,n_3492
637,n_3493
638,n_3494
639,n_3497
640,n_3498
641,n_3861
642,n_4093
643,n_4095
644,n_4096
645,n_4097
646,n_4098
647,n_4099
648,n_4166
649,n_4169
650,n_4452
651,n_4459
652,n_4472
653,n_4473
654,n_4474
655,n_4475
656,n_4477
657,n_4478
658,n_4479
659,n_4481
660,n_4484
661,n_4491
662,n_4496
663,n_4507
664,n_4517
665,n_4521
666,n_4531
667,n_4532
668,n_4534
669,n_4536
670,n_4538
671,n_4539
672,n_4540
673,n_5117
674,n_6024
675,n_6048
676,n_6131
677,n_6132
678,n_6133
679,n_6134
680,n_6135
681,n_6177
682,n_6178
683,n_6191
684,n_6382
685,n_6384
686,n_6394
687,n_6400
688,n_6402
689,n_6403
690,n_6404
691,n_6641
692,n_6646
693,n_6647
694,n_6650
695,n_6651
696,n_6652
697,n_6654
698,n_6655
699,n_6656
700,n_6657
701,n_6658
702,n_6659
703,n_6660
704,n_6661
705,n_6662
706,n_6663
707,n_6664
708,n_6665
709,n_6666
710,n_6667
711,n_6668
712,n_6669
713,n_6670
714,n_6671
715,n_6673
716,n_6674
717,n_6675
718,n_6676
719,n_6677
720,n_6678
721,n_6679
722,n_6680
723,n_6681
724,n_6682
725,n_6683
726,n_6684
727,n_6685
728,n_6687
729,n_6688
730,n_6689
731,n_6690
732,n_6691
733,n_6692
734,n_6695
735,n_6696
736,n_6697
737,n_6698
738,n_6699
739,n_6700
740,n_6701
741,n_6703
742,n_6705
743,n_6706
744,n_6707
745,n_6708
746,n_6709
747,n_6710
748,n_6711
749,n_6712
750,n_6888
751,n_6889
752,n_6890
753,n_6891
754,n_6892
755,n_6893
756,n_6894
757,n_6895
758,n_6897
759,n_6900
760,n_6901
761,n_6902
762,n_6903
763,n_6904
764,n_6905
765,n_6906
766,n_6907
767,n_6912
768,n_6913
769,n_6916
770,n_6922
771,n_6930
772,n_6938
773,n_6939
774,n_6940
775,n_6941
776,n_6942
777,n_6953
778,n_6954
779,n_6955
780,n_6956
781,n_6964
782,n_6965
783,n_6966
784,n_6967
785,n_6968
786,n_6969
787,n_6971
788,n_6972
789,n_6974
790,n_6976
791,n_6977
792,n_6978
793,n_6980
794,n_6981
795,n_6982
796,n_6984
797,n_6986
798,n_6987
799,n_6991
800,n_7011
801,n_7014
802,n_7026
803,n_7031
804,n_7041
805,n_7044
806,n_7045
807,n_7046
808,n_7047
809,n_7049
810,n_7050
811,n_7061
812,n_7062
813,n_7064
814,n_7065
815,n_7066
816,n_7067
817,n_7069
818,n_7089
819,n_7091
820,n_7092
821,n_7555
822,n_7557
823,n_7559
824,n_7566
825,n_7587
826,n_7588
827,n_7589
828,n_7590
829,n_7591
830,n_7592
831,n_7597
832,n_7599
833,n_7600
834,n_7601
835,n_7602
836,n_7607
837,n_7608
838,n_7618
839,n_7619
840,n_7699
841,n_7700
842,n_7701
843,n_7702
844,n_7703
845,n_7719
846,n_7720
847,n_7797
848,n_7798
849,n_8318
850,n_8320
851,n_8324
852,n_8325
853,n_8330
854,n_8337
855,n_89
856,n_9412
857,n_9413
858,n_9414
859,n_9418
860,n_9419
861,n_9426
862,n_9439
863,n_9440
864,n_9441
865,n_9453
866,n_9454
867,n_9455
868,n_9456
869,n_9457
870,n_9458
871,n_9477
872,n_9479
873,n_9480
874,n_9483
875,n_9484
876,n_9487
877,n_9488
878,n_9505
879,n_9506
880,n_9507
881,n_9508
882,n_9820
883,n_9821
884,n_9822
885,n_9823
886,n_9824
887,n_9825
888,n_9829
889,n_9830
890,n_9831
891,n_9832
892,n_9833
893,n_9834
894,n_9835
895,n_9836
896,n_9837
897,n_9838
898,n_9839
899,n_9840
900,n_9841
901,n_9842
902,n_9845
903,n_9846
904,n_9847
905,n_9848
906,n_9849
907,n_9850
908,n_9851
909,n_9852
910,n_9853
911,n_9854
912,n_9855
913,n_9856
914,n_9858
915,n_9859
916,n_9862
917,n_9863
918,n_9864
919,n_9865
920,n_9866
921,n_9867
922,n_9868
923,n_9869
924,n_9870
925,n_9871
926,n_9872
927,n_9873
928,n_9874
929,n_9876
930,n_9877
931,n_9881
932,n_9882
933,n_9883
934,n_9884
935,n_9885
936,n_9886
937,n_9887
938,n_9890
939,n_9891
940,n_9892
941,n_9893
942,n_9898
943,n_9900
944,n_9901
945,n_9902
946,n_9903
947,n_9904
948,n_9905
949,n_9906
950,n_9907
951,n_9908
952,n_9909
953,n_9910
954,n_9911
955,n_9912
956,n_9913
957,n_9914
958,n_9926
959,n_9927
960,n_9928
961,n_9929
962,n_9930
963,n_9933
964,n_9934
965,n_9937
966,n_9938
967,n_9939
968,n_9940
969,n_9941
970,n_9942
971,n_9943
972,n_9945
973,n_9946
974,n_9947
975,n_9948
976,n_9949
977,n_9950
978,n_9951
979,n_9955
980,n_9956
981,n_9961
982,n_9962
983,n_9963
984,n_9967
985,n_9968
986,n_9969
987,n_997
988,n_9970
989,n_9971
990,n_998
991,n_9981
992,n_9983
993,n_9984
994,n_9986
995,n_9994
996,n_9995
