,n_6024
0,607.0
1,593.0
2,573.0
3,552.0
4,520.0
5,497.0
6,471.0
7,450.0
8,439.0
9,430.0
10,436.0
11,448.0
12,471.0
13,499.0
14,527.0
15,561.0
16,598.0
17,616.0
18,633.0
19,631.0
20,632.0
21,635.0
22,641.0
23,669.0
24,671.0
25,648.0
26,626.0
27,602.0
28,569.0
29,534.0
30,503.0
31,487.0
32,479.0
33,483.0
34,484.0
35,502.0
36,529.0
37,562.0
38,596.0
39,606.0
40,595.0
41,574.0
42,546.0
43,523.0
44,514.0
45,505.0
46,520.0
47,561.0
48,593.0
49,593.0
50,576.0
51,559.0
52,530.0
53,501.0
54,477.0
55,467.0
56,465.0
57,466.0
58,481.0
59,494.0
60,516.0
61,549.0
62,587.0
63,615.0
64,626.0
65,619.0
66,620.0
67,610.0
68,598.0
69,602.0
70,633.0
71,690.0
72,720.0
73,718.0
74,705.0
75,678.0
76,647.0
77,617.0
78,595.0
79,599.0
80,604.0
81,615.0
82,644.0
83,697.0
84,763.0
85,818.0
86,830.0
87,797.0
88,741.0
89,692.0
90,654.0
91,630.0
92,609.0
93,608.0
94,627.0
95,690.0
96,725.0
97,725.0
98,715.0
99,691.0
100,652.0
101,615.0
102,595.0
103,579.0
104,576.0
105,578.0
106,593.0
107,623.0
108,678.0
109,718.0
110,734.0
111,735.0
112,732.0
113,727.0
114,712.0
115,703.0
116,693.0
117,691.0
118,701.0
119,742.0
120,776.0
121,771.0
122,754.0
123,729.0
124,692.0
125,665.0
126,642.0
127,645.0
128,655.0
129,667.0
130,688.0
131,731.0
132,805.0
133,855.0
134,869.0
135,846.0
136,796.0
137,759.0
138,725.0
139,690.0
140,667.0
141,657.0
142,669.0
143,736.0
144,783.0
145,786.0
146,781.0
147,768.0
148,745.0
149,713.0
150,709.0
151,714.0
152,726.0
153,743.0
154,762.0
155,806.0
156,870.0
157,926.0
158,928.0
159,876.0
160,855.0
161,818.0
162,749.0
163,705.0
164,698.0
165,709.0
166,730.0
167,766.0
168,787.0
169,775.0
170,755.0
171,733.0
172,697.0
173,670.0
174,645.0
175,644.0
176,643.0
177,650.0
178,666.0
179,694.0
180,733.0
181,774.0
182,804.0
183,813.0
184,812.0
185,811.0
186,794.0
187,789.0
188,768.0
189,763.0
190,776.0
191,819.0
192,833.0
193,818.0
194,797.0
195,770.0
196,737.0
197,713.0
198,687.0
199,683.0
200,685.0
201,689.0
202,701.0
203,720.0
204,751.0
205,781.0
206,814.0
207,830.0
208,826.0
209,820.0
210,804.0
211,787.0
212,770.0
213,767.0
214,790.0
215,841.0
216,867.0
217,853.0
218,834.0
219,808.0
220,783.0
221,750.0
222,731.0
223,724.0
224,727.0
225,737.0
226,757.0
227,772.0
228,806.0
229,842.0
230,883.0
231,858.0
232,801.0
233,739.0
234,696.0
235,657.0
236,629.0
237,619.0
238,638.0
239,697.0
240,756.0
241,769.0
242,768.0
243,755.0
244,729.0
245,707.0
246,693.0
247,682.0
248,678.0
249,674.0
250,691.0
251,720.0
252,775.0
253,816.0
254,832.0
255,830.0
256,827.0
257,823.0
258,817.0
259,805.0
260,782.0
261,768.0
262,774.0
263,804.0
264,818.0
265,800.0
266,779.0
267,741.0
268,705.0
269,665.0
270,642.0
271,629.0
272,627.0
273,632.0
274,651.0
275,690.0
276,742.0
277,781.0
278,802.0
279,783.0
280,770.0
281,750.0
282,724.0
283,682.0
284,651.0
285,645.0
286,670.0
287,729.0
288,786.0
289,797.0
290,797.0
291,780.0
292,754.0
293,727.0
294,708.0
295,708.0
296,715.0
297,734.0
298,750.0
299,796.0
300,862.0
301,911.0
302,930.0
303,898.0
304,847.0
305,767.0
306,711.0
307,662.0
308,623.0
309,613.0
310,633.0
311,690.0
312,732.0
313,731.0
314,718.0
315,694.0
316,667.0
317,650.0
318,642.0
319,644.0
320,657.0
321,674.0
322,694.0
323,738.0
324,814.0
325,867.0
326,873.0
327,826.0
328,761.0
329,711.0
330,666.0
331,628.0
332,602.0
333,585.0
334,603.0
335,649.0
336,703.0
337,711.0
338,711.0
339,692.0
340,661.0
341,634.0
342,622.0
343,625.0
344,635.0
345,651.0
346,664.0
347,692.0
348,736.0
349,769.0
350,780.0
351,763.0
352,738.0
353,723.0
354,699.0
355,660.0
356,634.0
357,623.0
358,639.0
359,694.0
360,740.0
361,741.0
362,736.0
363,727.0
364,705.0
365,686.0
366,674.0
367,678.0
368,684.0
369,699.0
370,703.0
371,713.0
372,739.0
373,771.0
374,802.0
375,808.0
376,805.0
377,804.0
378,803.0
379,777.0
380,769.0
381,761.0
382,778.0
383,821.0
384,855.0
385,842.0
386,819.0
387,788.0
388,747.0
389,709.0
390,687.0
391,677.0
392,680.0
393,685.0
394,692.0
395,703.0
396,724.0
397,752.0
398,795.0
399,806.0
400,781.0
401,757.0
402,716.0
403,681.0
404,667.0
405,661.0
406,688.0
407,735.0
408,763.0
409,750.0
410,735.0
411,713.0
412,686.0
413,661.0
414,653.0
415,651.0
416,661.0
417,674.0
418,694.0
419,727.0
420,768.0
421,812.0
422,832.0
423,835.0
424,824.0
425,778.0
426,749.0
427,722.0
428,696.0
429,696.0
430,714.0
431,767.0
432,816.0
433,817.0
434,801.0
435,785.0
436,752.0
437,728.0
438,720.0
439,721.0
440,725.0
441,734.0
442,746.0
443,780.0
444,831.0
445,874.0
446,874.0
447,856.0
448,830.0
449,791.0
450,760.0
451,709.0
452,666.0
453,663.0
454,670.0
455,697.0
456,736.0
457,735.0
458,725.0
459,701.0
460,667.0
461,637.0
462,619.0
463,613.0
464,607.0
465,611.0
466,620.0
467,658.0
468,730.0
469,781.0
470,793.0
471,776.0
472,747.0
473,707.0
474,672.0
475,659.0
476,634.0
477,620.0
478,646.0
479,700.0
480,762.0
481,774.0
482,770.0
483,748.0
484,705.0
485,672.0
486,649.0
487,637.0
488,637.0
489,641.0
490,658.0
491,683.0
492,751.0
493,795.0
494,810.0
495,785.0
496,760.0
497,742.0
498,728.0
499,716.0
500,712.0
501,702.0
502,715.0
503,741.0
504,776.0
505,764.0
506,747.0
507,718.0
508,682.0
509,646.0
510,626.0
511,622.0
512,630.0
513,636.0
514,651.0
515,694.0
516,755.0
517,804.0
518,824.0
519,788.0
520,737.0
521,703.0
522,664.0
523,651.0
524,620.0
525,601.0
526,617.0
527,656.0
528,709.0
529,717.0
530,703.0
531,687.0
532,662.0
533,641.0
534,633.0
535,628.0
536,637.0
537,653.0
538,673.0
539,702.0
540,743.0
541,786.0
542,814.0
543,796.0
544,755.0
545,713.0
546,673.0
547,635.0
548,609.0
549,600.0
550,617.0
551,665.0
552,722.0
553,740.0
554,742.0
555,732.0
556,711.0
557,688.0
558,659.0
559,644.0
560,633.0
561,626.0
562,639.0
563,653.0
564,683.0
565,731.0
566,757.0
567,746.0
568,710.0
569,680.0
570,641.0
571,631.0
572,623.0
573,620.0
574,632.0
575,662.0
576,691.0
577,682.0
578,658.0
579,627.0
580,596.0
581,561.0
582,531.0
583,529.0
584,529.0
585,533.0
586,550.0
587,585.0
588,641.0
589,689.0
590,704.0
591,710.0
592,707.0
593,692.0
594,672.0
595,646.0
596,627.0
597,608.0
598,619.0
599,640.0
600,661.0
601,644.0
602,613.0
603,580.0
604,534.0
605,494.0
606,462.0
607,448.0
608,447.0
609,444.0
610,454.0
611,487.0
612,535.0
613,581.0
614,593.0
615,584.0
616,580.0
617,557.0
618,544.0
619,526.0
620,524.0
621,526.0
622,534.0
623,567.0
624,602.0
625,603.0
626,586.0
627,563.0
628,526.0
629,497.0
630,479.0
631,473.0
632,469.0
633,471.0
634,488.0
635,524.0
636,576.0
637,632.0
638,647.0
639,642.0
640,639.0
641,612.0
642,573.0
643,552.0
644,535.0
645,538.0
646,560.0
647,599.0
648,627.0
649,628.0
650,625.0
651,605.0
652,579.0
653,562.0
654,558.0
655,574.0
656,595.0
657,613.0
658,650.0
659,704.0
660,771.0
661,832.0
662,857.0
663,861.0
664,850.0
665,855.0
666,825.0
667,778.0
668,749.0
669,740.0
670,755.0
671,814.0
672,878.0
673,891.0
674,880.0
675,858.0
676,826.0
677,795.0
678,786.0
679,788.0
680,794.0
681,813.0
682,839.0
683,880.0
684,950.0
685,993.0
686,1003.0
687,938.0
688,869.0
689,802.0
690,753.0
691,707.0
692,683.0
693,672.0
694,678.0
695,724.0
696,780.0
697,798.0
698,797.0
699,783.0
700,762.0
701,742.0
702,735.0
703,744.0
704,754.0
705,767.0
706,774.0
707,808.0
708,841.0
709,872.0
710,897.0
711,883.0
712,846.0
713,811.0
714,770.0
715,760.0
716,743.0
717,749.0
718,778.0
719,817.0
720,839.0
721,820.0
722,796.0
723,771.0
724,733.0
725,713.0
726,678.0
727,658.0
728,660.0
729,659.0
730,672.0
731,680.0
732,705.0
733,736.0
734,770.0
735,786.0
736,787.0
737,771.0
738,729.0
739,697.0
740,670.0
741,652.0
742,665.0
743,696.0
744,728.0
745,722.0
746,703.0
747,670.0
748,636.0
749,603.0
750,578.0
751,567.0
752,571.0
753,581.0
754,614.0
755,667.0
756,731.0
757,793.0
758,826.0
759,835.0
760,848.0
761,849.0
762,848.0
763,842.0
764,836.0
765,843.0
766,866.0
767,903.0
768,937.0
769,931.0
770,904.0
771,874.0
772,835.0
773,806.0
774,799.0
775,795.0
776,799.0
777,812.0
778,823.0
779,859.0
780,902.0
781,948.0
782,970.0
783,964.0
784,948.0
785,924.0
786,918.0
787,906.0
788,889.0
789,866.0
790,849.0
791,887.0
792,936.0
793,940.0
794,928.0
795,897.0
796,858.0
797,831.0
798,818.0
799,821.0
800,830.0
801,835.0
802,853.0
803,885.0
804,946.0
805,988.0
806,991.0
807,949.0
808,888.0
809,848.0
810,806.0
811,769.0
812,736.0
813,725.0
814,735.0
815,789.0
816,852.0
817,863.0
818,861.0
819,842.0
820,807.0
821,783.0
822,775.0
823,782.0
824,787.0
825,816.0
826,846.0
827,900.0
828,959.0
829,1004.0
830,1004.0
831,957.0
832,897.0
833,842.0
834,808.0
835,777.0
836,766.0
837,761.0
838,774.0
839,793.0
840,828.0
841,810.0
842,789.0
843,758.0
844,708.0
845,664.0
846,640.0
847,627.0
848,626.0
849,625.0
850,641.0
851,675.0
852,739.0
853,795.0
854,812.0
855,779.0
856,743.0
857,707.0
858,675.0
859,647.0
860,629.0
861,641.0
862,651.0
863,702.0
864,755.0
865,755.0
866,743.0
867,729.0
868,705.0
869,691.0
870,677.0
871,679.0
872,692.0
873,706.0
874,729.0
875,762.0
876,799.0
877,851.0
878,867.0
879,817.0
880,756.0
881,725.0
882,703.0
883,694.0
884,688.0
885,698.0
886,714.0
887,755.0
888,777.0
889,780.0
890,765.0
891,742.0
892,718.0
893,700.0
894,678.0
895,663.0
896,662.0
897,662.0
898,677.0
899,693.0
900,713.0
901,742.0
902,771.0
903,782.0
904,763.0
905,754.0
906,734.0
907,712.0
908,706.0
909,697.0
910,705.0
911,739.0
912,781.0
913,780.0
914,782.0
915,777.0
916,763.0
917,749.0
918,738.0
919,743.0
920,754.0
921,763.0
922,788.0
923,832.0
924,901.0
925,949.0
926,941.0
927,871.0
928,787.0
929,726.0
930,677.0
931,649.0
932,611.0
933,612.0
934,630.0
935,669.0
936,724.0
937,732.0
938,724.0
939,702.0
940,665.0
941,630.0
942,611.0
943,608.0
944,600.0
945,604.0
946,613.0
947,653.0
948,715.0
949,758.0
950,766.0
951,750.0
952,714.0
953,657.0
954,615.0
955,579.0
956,567.0
957,562.0
958,570.0
959,599.0
960,646.0
961,661.0
962,648.0
963,632.0
964,594.0
965,563.0
966,556.0
967,557.0
968,566.0
969,581.0
970,605.0
971,660.0
972,724.0
973,774.0
974,783.0
975,768.0
976,639.0
977,642.0
978,559.0
979,572.0
980,548.0
981,546.0
982,549.0
983,580.0
984,621.0
985,639.0
986,611.0
987,586.0
988,551.0
989,522.0
990,501.0
991,498.0
992,501.0
993,503.0
994,523.0
995,566.0
996,618.0
997,708.0
998,680.0
999,673.0
1000,640.0
1001,667.0
1002,661.0
1003,645.0
1004,617.0
1005,618.0
1006,634.0
1007,654.0
1008,666.0
1009,650.0
1010,628.0
1011,604.0
1012,558.0
1013,528.0
1014,508.0
1015,505.0
1016,515.0
1017,527.0
1018,560.0
1019,603.0
1020,659.0
1021,709.0
1022,735.0
1023,756.0
1024,764.0
1025,755.0
1026,738.0
1027,736.0
1028,725.0
1029,725.0
1030,744.0
1031,763.0
1032,768.0
1033,768.0
1034,741.0
1035,715.0
1036,671.0
1037,644.0
1038,616.0
1039,605.0
1040,601.0
1041,603.0
1042,610.0
1043,630.0
1044,651.0
1045,690.0
1046,729.0
1047,749.0
1048,756.0
1049,752.0
1050,733.0
1051,707.0
1052,695.0
1053,681.0
1054,686.0
1055,691.0
1056,716.0
1057,712.0
1058,688.0
1059,657.0
1060,623.0
1061,589.0
1062,563.0
1063,542.0
1064,540.0
1065,538.0
1066,546.0
1067,560.0
1068,578.0
1069,613.0
1070,653.0
1071,679.0
1072,674.0
1073,673.0
1074,669.0
1075,664.0
1076,659.0
1077,660.0
1078,668.0
1079,676.0
1080,699.0
1081,694.0
1082,669.0
1083,644.0
1084,608.0
1085,571.0
1086,552.0
1087,536.0
1088,536.0
1089,542.0
1090,560.0
1091,596.0
1092,655.0
1093,701.0
1094,720.0
1095,728.0
1096,724.0
1097,716.0
1098,711.0
1099,697.0
1100,693.0
1101,698.0
1102,713.0
1103,745.0
1104,770.0
1105,759.0
1106,730.0
1107,692.0
1108,650.0
1109,607.0
1110,583.0
1111,575.0
1112,570.0
1113,573.0
1114,585.0
1115,623.0
1116,684.0
1117,732.0
1118,761.0
1119,770.0
1120,766.0
1121,755.0
1122,749.0
1123,738.0
1124,725.0
1125,724.0
1126,749.0
1127,817.0
1128,895.0
1129,931.0
1130,917.0
1131,900.0
1132,859.0
1133,832.0
1134,819.0
1135,826.0
1136,834.0
1137,844.0
1138,858.0
1139,884.0
1140,905.0
1141,920.0
1142,970.0
1143,933.0
1144,928.0
1145,794.0
1146,742.0
1147,689.0
1148,659.0
1149,635.0
1150,650.0
1151,687.0
1152,756.0
1153,784.0
1154,774.0
1155,742.0
1156,701.0
1157,666.0
1158,648.0
1159,647.0
1160,654.0
1161,662.0
1162,682.0
1163,706.0
1164,750.0
1165,797.0
1166,819.0
1167,800.0
1168,795.0
1169,793.0
1170,788.0
1171,759.0
1172,735.0
1173,718.0
1174,726.0
1175,738.0
1176,764.0
1177,749.0
1178,729.0
1179,693.0
1180,650.0
1181,614.0
1182,591.0
1183,584.0
1184,586.0
1185,587.0
1186,611.0
1187,656.0
1188,718.0
1189,775.0
1190,798.0
1191,781.0
1192,756.0
1193,726.0
1194,705.0
1195,682.0
1196,666.0
1197,655.0
1198,672.0
1199,711.0
1200,783.0
1201,808.0
1202,807.0
1203,788.0
1204,765.0
1205,742.0
1206,731.0
1207,724.0
1208,735.0
1209,735.0
1210,759.0
1211,798.0
1212,840.0
1213,887.0
1214,894.0
1215,858.0
1216,812.0
1217,766.0
1218,723.0
1219,680.0
1220,649.0
1221,636.0
1222,647.0
1223,683.0
1224,744.0
1225,769.0
1226,775.0
1227,759.0
1228,744.0
1229,724.0
1230,716.0
1231,722.0
1232,735.0
1233,749.0
1234,770.0
1235,801.0
1236,833.0
1237,873.0
1238,875.0
1239,824.0
1240,754.0
1241,698.0
1242,660.0
1243,624.0
1244,595.0
1245,584.0
1246,599.0
1247,644.0
1248,698.0
1249,726.0
1250,723.0
1251,701.0
1252,667.0
1253,629.0
1254,604.0
1255,592.0
1256,598.0
1257,607.0
1258,629.0
1259,668.0
1260,724.0
1261,762.0
1262,765.0
1263,755.0
1264,756.0
1265,748.0
1266,720.0
1267,657.0
1268,613.0
1269,593.0
1270,594.0
1271,618.0
1272,669.0
1273,699.0
1274,689.0
1275,663.0
1276,637.0
1277,601.0
1278,600.0
1279,599.0
1280,603.0
1281,615.0
1282,634.0
1283,682.0
1284,744.0
1285,788.0
1286,757.0
1287,700.0
1288,645.0
1289,608.0
1290,579.0
1291,564.0
1292,547.0
1293,539.0
1294,546.0
1295,570.0
1296,609.0
1297,635.0
1298,627.0
1299,614.0
1300,584.0
1301,551.0
1302,549.0
1303,555.0
1304,562.0
1305,581.0
1306,613.0
1307,666.0
1308,739.0
1309,794.0
1310,767.0
1311,705.0
1312,639.0
1313,591.0
1314,559.0
1315,537.0
1316,521.0
1317,521.0
1318,523.0
1319,544.0
1320,579.0
1321,600.0
1322,587.0
1323,566.0
1324,538.0
1325,498.0
1326,490.0
1327,489.0
1328,500.0
1329,510.0
1330,526.0
1331,568.0
1332,631.0
1333,669.0
1334,652.0
1335,616.0
1336,581.0
1337,556.0
1338,537.0
1339,521.0
1340,512.0
1341,508.0
1342,523.0
1343,538.0
1344,578.0
1345,596.0
1346,582.0
1347,558.0
1348,529.0
1349,494.0
1350,470.0
1351,468.0
1352,469.0
1353,474.0
1354,489.0
1355,530.0
1356,590.0
1357,629.0
1358,639.0
1359,651.0
1360,654.0
1361,669.0
1362,678.0
1363,683.0
1364,675.0
1365,685.0
1366,688.0
1367,695.0
1368,712.0
1369,702.0
1370,690.0
1371,662.0
1372,623.0
1373,590.0
1374,568.0
1375,547.0
1376,550.0
1377,539.0
1378,547.0
1379,558.0
1380,576.0
1381,606.0
1382,620.0
1383,612.0
1384,586.0
1385,559.0
1386,536.0
1387,518.0
1388,500.0
1389,493.0
1390,503.0
1391,516.0
1392,548.0
1393,555.0
1394,536.0
1395,510.0
1396,482.0
1397,451.0
1398,418.0
1399,411.0
1400,405.0
1401,401.0
1402,406.0
1403,417.0
1404,432.0
1405,462.0
1406,497.0
1407,515.0
1408,514.0
1409,502.0
1410,493.0
1411,487.0
1412,476.0
1413,482.0
1414,482.0
1415,513.0
1416,535.0
1417,545.0
1418,530.0
1419,499.0
1420,464.0
1421,430.0
1422,401.0
1423,387.0
1424,384.0
1425,382.0
1426,393.0
1427,422.0
1428,476.0
1429,513.0
1430,538.0
1431,551.0
1432,557.0
1433,564.0
1434,568.0
1435,574.0
1436,570.0
1437,586.0
1438,612.0
1439,649.0
1440,676.0
1441,690.0
1442,672.0
1443,646.0
1444,616.0
1445,590.0
1446,569.0
1447,566.0
1448,569.0
1449,578.0
1450,598.0
1451,638.0
1452,713.0
1453,755.0
1454,766.0
1455,757.0
1456,740.0
1457,719.0
1458,689.0
1459,675.0
1460,645.0
1461,609.0
1462,605.0
1463,632.0
1464,692.0
1465,722.0
1466,714.0
1467,682.0
1468,640.0
1469,601.0
1470,575.0
1471,565.0
1472,567.0
1473,566.0
1474,586.0
1475,634.0
1476,711.0
1477,753.0
1478,726.0
1479,680.0
1480,639.0
1481,603.0
1482,578.0
1483,554.0
1484,530.0
1485,519.0
1486,528.0
1487,556.0
1488,601.0
1489,630.0
1490,627.0
1491,611.0
1492,582.0
1493,560.0
1494,543.0
1495,542.0
1496,549.0
1497,563.0
1498,585.0
1499,629.0
1500,697.0
1501,725.0
1502,703.0
1503,651.0
1504,607.0
1505,582.0
1506,555.0
1507,537.0
1508,524.0
1509,525.0
1510,538.0
1511,565.0
1512,597.0
1513,631.0
1514,617.0
1515,597.0
1516,562.0
1517,527.0
1518,519.0
1519,520.0
1520,529.0
1521,543.0
1522,576.0
1523,624.0
1524,695.0
1525,738.0
1526,726.0
1527,691.0
1528,648.0
1529,620.0
1530,593.0
1531,576.0
1532,559.0
1533,558.0
1534,569.0
1535,617.0
1536,662.0
1537,670.0
1538,666.0
1539,649.0
1540,623.0
1541,591.0
1542,581.0
1543,571.0
1544,575.0
1545,581.0
1546,595.0
1547,626.0
1548,658.0
1549,693.0
1550,711.0
1551,684.0
1552,656.0
1553,614.0
1554,587.0
1555,555.0
1556,536.0
1557,531.0
1558,546.0
1559,578.0
1560,624.0
1561,661.0
1562,664.0
1563,658.0
1564,642.0
1565,625.0
1566,617.0
1567,624.0
1568,638.0
1569,650.0
1570,673.0
1571,696.0
1572,727.0
1573,768.0
1574,766.0
1575,729.0
1576,679.0
1577,643.0
1578,615.0
1579,586.0
1580,567.0
1581,552.0
1582,556.0
1583,589.0
1584,642.0
1585,673.0
1586,672.0
1587,660.0
1588,639.0
1589,620.0
1590,608.0
1591,612.0
1592,622.0
1593,643.0
1594,674.0
1595,728.0
1596,797.0
1597,838.0
1598,803.0
1599,737.0
1600,671.0
1601,632.0
1602,589.0
1603,562.0
1604,542.0
1605,529.0
1606,539.0
1607,555.0
1608,599.0
1609,629.0
1610,625.0
1611,614.0
1612,590.0
1613,570.0
1614,568.0
1615,573.0
1616,591.0
1617,608.0
1618,642.0
1619,696.0
1620,777.0
1621,813.0
1622,772.0
1623,699.0
1624,633.0
1625,584.0
1626,559.0
1627,535.0
1628,529.0
1629,524.0
1630,530.0
1631,549.0
1632,577.0
1633,613.0
1634,602.0
1635,582.0
1636,554.0
1637,523.0
1638,514.0
1639,520.0
1640,537.0
1641,554.0
1642,589.0
1643,643.0
1644,723.0
1645,765.0
1646,725.0
1647,662.0
1648,602.0
1649,567.0
1650,536.0
1651,525.0
1652,511.0
1653,508.0
1654,513.0
1655,537.0
1656,567.0
1657,585.0
1658,567.0
1659,534.0
1660,501.0
1661,464.0
1662,441.0
1663,436.0
1664,447.0
1665,446.0
1666,464.0
1667,506.0
1668,577.0
1669,620.0
1670,604.0
1671,575.0
1672,555.0
1673,552.0
1674,538.0
1675,523.0
1676,512.0
1677,508.0
1678,517.0
1679,528.0
1680,560.0
1681,574.0
1682,559.0
1683,531.0
1684,493.0
1685,459.0
1686,441.0
1687,431.0
1688,433.0
1689,439.0
1690,452.0
1691,498.0
1692,559.0
1693,593.0
1694,592.0
1695,562.0
1696,548.0
1697,533.0
1698,523.0
1699,523.0
1700,515.0
1701,511.0
1702,518.0
1703,536.0
1704,554.0
1705,553.0
1706,534.0
1707,512.0
1708,482.0
1709,447.0
1710,421.0
1711,405.0
1712,398.0
1713,392.0
1714,400.0
1715,412.0
1716,439.0
1717,474.0
1718,509.0
1719,529.0
1720,534.0
1721,527.0
1722,531.0
1723,521.0
1724,514.0
1725,509.0
1726,522.0
1727,537.0
1728,552.0
1729,559.0
1730,540.0
1731,517.0
1732,503.0
1733,462.0
1734,414.0
1735,399.0
1736,405.0
1737,404.0
1738,421.0
1739,440.0
1740,468.0
1741,503.0
1742,531.0
1743,526.0
1744,513.0
1745,508.0
1746,493.0
1747,488.0
1748,480.0
1749,488.0
1750,508.0
1751,515.0
1752,538.0
1753,548.0
1754,526.0
1755,501.0
1756,460.0
1757,433.0
1758,423.0
1759,424.0
1760,429.0
1761,445.0
1762,480.0
1763,544.0
1764,588.0
1765,610.0
1766,616.0
1767,609.0
1768,599.0
1769,587.0
1770,569.0
1771,549.0
1772,541.0
1773,548.0
1774,573.0
1775,591.0
1776,616.0
1777,619.0
1778,596.0
1779,555.0
1780,520.0
1781,493.0
1782,485.0
1783,487.0
1784,498.0
1785,516.0
1786,556.0
1787,614.0
1788,665.0
1789,691.0
1790,698.0
1791,700.0
1792,689.0
1793,644.0
1794,619.0
1795,605.0
1796,597.0
1797,586.0
1798,583.0
1799,592.0
1800,604.0
1801,617.0
1802,592.0
1803,556.0
1804,512.0
1805,486.0
1806,474.0
1807,474.0
1808,475.0
1809,491.0
1810,524.0
1811,586.0
1812,629.0
1813,637.0
1814,631.0
1815,602.0
1816,573.0
1817,554.0
1818,541.0
1819,543.0
1820,534.0
1821,535.0
1822,539.0
1823,564.0
1824,576.0
1825,581.0
1826,553.0
1827,519.0
1828,473.0
1829,450.0
1830,433.0
1831,435.0
1832,434.0
1833,445.0
1834,475.0
1835,526.0
1836,564.0
1837,583.0
1838,587.0
1839,592.0
1840,588.0
1841,578.0
1842,544.0
1843,524.0
1844,521.0
1845,523.0
1846,529.0
1847,542.0
1848,559.0
1849,565.0
1850,537.0
1851,510.0
1852,473.0
1853,448.0
1854,443.0
1855,443.0
1856,450.0
1857,469.0
1858,508.0
1859,570.0
1860,620.0
1861,642.0
1862,642.0
1863,637.0
1864,628.0
1865,619.0
1866,604.0
1867,584.0
1868,579.0
1869,580.0
1870,583.0
1871,592.0
1872,604.0
1873,615.0
1874,593.0
1875,577.0
1876,539.0
1877,536.0
1878,534.0
1879,542.0
1880,555.0
1881,572.0
1882,605.0
1883,646.0
1884,691.0
1885,728.0
1886,707.0
1887,669.0
1888,621.0
1889,585.0
1890,547.0
1891,520.0
1892,504.0
1893,508.0
1894,517.0
1895,536.0
1896,565.0
1897,601.0
1898,595.0
1899,578.0
1900,518.0
1901,500.0
1902,491.0
1903,493.0
1904,494.0
1905,496.0
1906,518.0
1907,541.0
1908,576.0
1909,617.0
1910,627.0
1911,614.0
1912,590.0
1913,555.0
1914,512.0
1915,490.0
1916,477.0
1917,487.0
1918,498.0
1919,516.0
1920,530.0
1921,554.0
1922,540.0
1923,515.0
1924,475.0
1925,468.0
1926,465.0
1927,473.0
1928,482.0
1929,509.0
1930,549.0
1931,613.0
1932,664.0
1933,670.0
1934,640.0
1935,599.0
1936,561.0
1937,536.0
1938,517.0
1939,500.0
1940,493.0
1941,502.0
1942,510.0
1943,525.0
1944,544.0
1945,562.0
1946,537.0
1947,502.0
1948,466.0
1949,443.0
1950,434.0
1951,436.0
1952,438.0
1953,452.0
1954,489.0
1955,554.0
1956,596.0
1957,611.0
1958,610.0
1959,592.0
1960,563.0
1961,544.0
1962,528.0
1963,518.0
1964,509.0
1965,514.0
1966,529.0
1967,553.0
1968,564.0
1969,570.0
1970,544.0
1971,509.0
1972,466.0
1973,434.0
1974,423.0
1975,414.0
1976,412.0
1977,425.0
1978,455.0
1979,514.0
1980,553.0
1981,565.0
1982,576.0
1983,566.0
1984,558.0
1985,551.0
1986,538.0
1987,518.0
1988,510.0
1989,510.0
1990,526.0
1991,533.0
1992,542.0
1993,556.0
1994,531.0
1995,490.0
1996,452.0
1997,414.0
1998,407.0
1999,402.0
2000,408.0
2001,421.0
2002,454.0
2003,509.0
2004,549.0
2005,571.0
2006,581.0
2007,587.0
2008,580.0
2009,583.0
2010,578.0
2011,559.0
2012,559.0
2013,576.0
2014,585.0
2015,595.0
2016,597.0
2017,582.0
2018,548.0
2019,509.0
2020,474.0
2021,443.0
2022,425.0
2023,414.0
2024,414.0
2025,416.0
2026,449.0
2027,497.0
2028,535.0
2029,546.0
2030,544.0
2031,536.0
2032,524.0
2033,522.0
2034,517.0
2035,506.0
2036,511.0
2037,520.0
2038,529.0
2039,534.0
2040,530.0
2041,540.0
2042,521.0
2043,486.0
2044,446.0
2045,423.0
2046,403.0
2047,401.0
2048,406.0
2049,415.0
2050,430.0
2051,466.0
2052,499.0
2053,539.0
2054,549.0
2055,540.0
2056,527.0
2057,509.0
2058,519.0
2059,470.0
2060,483.0
2061,491.0
2062,500.0
2063,499.0
2064,512.0
2065,524.0
2066,511.0
2067,481.0
2068,444.0
2069,414.0
2070,400.0
2071,390.0
2072,385.0
2073,387.0
2074,393.0
2075,412.0
2076,439.0
2077,479.0
2078,511.0
2079,521.0
2080,527.0
2081,524.0
2082,509.0
2083,501.0
2084,494.0
2085,499.0
2086,515.0
2087,524.0
2088,543.0
2089,567.0
2090,551.0
2091,525.0
2092,497.0
2093,487.0
2094,482.0
2095,492.0
2096,505.0
2097,534.0
2098,579.0
2099,656.0
2100,711.0
2101,719.0
2102,692.0
2103,651.0
2104,616.0
2105,581.0
2106,559.0
2107,528.0
2108,515.0
2109,515.0
2110,527.0
2111,539.0
2112,560.0
2113,578.0
2114,559.0
2115,523.0
2116,502.0
2117,462.0
2118,465.0
2119,472.0
2120,485.0
2121,509.0
2122,553.0
2123,622.0
2124,684.0
2125,682.0
2126,640.0
2127,596.0
2128,559.0
2129,482.0
2130,518.0
2131,513.0
2132,508.0
2133,511.0
2134,525.0
2135,534.0
2136,546.0
2137,562.0
2138,536.0
2139,495.0
2140,457.0
2141,426.0
2142,410.0
2143,409.0
2144,406.0
2145,413.0
2146,439.0
2147,498.0
2148,537.0
2149,550.0
2150,562.0
2151,567.0
2152,569.0
2153,558.0
2154,556.0
2155,543.0
2156,544.0
2157,553.0
2158,556.0
2159,562.0
2160,561.0
2161,571.0
2162,561.0
2163,537.0
2164,506.0
2165,499.0
2166,504.0
2167,518.0
2168,538.0
2169,563.0
2170,612.0
2171,681.0
2172,748.0
2173,758.0
2174,749.0
2175,737.0
2176,723.0
2177,694.0
2178,678.0
2179,654.0
2180,654.0
2181,666.0
2182,685.0
2183,718.0
2184,745.0
2185,758.0
2186,731.0
2187,719.0
2188,683.0
2189,663.0
2190,656.0
2191,666.0
2192,679.0
2193,701.0
2194,742.0
2195,794.0
2196,842.0
2197,846.0
2198,814.0
2199,765.0
2200,725.0
2201,683.0
2202,646.0
2203,620.0
2204,593.0
2205,584.0
2206,587.0
2207,608.0
2208,635.0
2209,682.0
2210,684.0
2211,671.0
2212,649.0
2213,639.0
2214,634.0
2215,645.0
2216,661.0
2217,680.0
2218,713.0
2219,749.0
2220,790.0
2221,791.0
2222,751.0
2223,686.0
2224,628.0
2225,577.0
2226,535.0
2227,500.0
2228,487.0
2229,481.0
2230,493.0
2231,506.0
2232,520.0
2233,549.0
2234,545.0
2235,528.0
2236,511.0
2237,499.0
2238,499.0
2239,505.0
2240,514.0
2241,541.0
2242,571.0
2243,612.0
2244,652.0
2245,669.0
2246,632.0
2247,570.0
2248,527.0
2249,510.0
2250,479.0
2251,453.0
2252,445.0
2253,454.0
2254,462.0
2255,474.0
2256,489.0
2257,516.0
2258,504.0
2259,479.0
2260,449.0
2261,428.0
2262,436.0
2263,442.0
2264,459.0
2265,484.0
2266,526.0
2267,591.0
2268,648.0
2269,658.0
2270,623.0
2271,577.0
2272,547.0
2273,526.0
2274,514.0
2275,500.0
2276,497.0
2277,507.0
2278,525.0
2279,535.0
2280,540.0
2281,552.0
2282,527.0
2283,493.0
2284,449.0
2285,422.0
2286,409.0
2287,412.0
2288,418.0
2289,436.0
2290,473.0
2291,530.0
2292,584.0
2293,593.0
2294,575.0
2295,546.0
2296,525.0
2297,515.0
2298,507.0
2299,502.0
2300,509.0
2301,516.0
2302,537.0
2303,544.0
2304,544.0
2305,556.0
2306,535.0
2307,487.0
2308,447.0
2309,415.0
2310,396.0
2311,396.0
2312,394.0
2313,413.0
2314,440.0
2315,494.0
2316,542.0
2317,553.0
2318,540.0
2319,526.0
2320,513.0
2321,513.0
2322,514.0
2323,518.0
2324,523.0
2325,537.0
2326,557.0
2327,561.0
2328,562.0
2329,555.0
2330,540.0
2331,491.0
2332,451.0
2333,410.0
2334,386.0
2335,385.0
2336,382.0
2337,390.0
2338,410.0
2339,457.0
2340,495.0
2341,522.0
2342,530.0
2343,529.0
2344,527.0
2345,530.0
2346,527.0
2347,517.0
2348,525.0
2349,518.0
2350,528.0
2351,536.0
2352,533.0
2353,544.0
2354,525.0
2355,486.0
2356,441.0
2357,410.0
2358,391.0
2359,392.0
2360,386.0
2361,397.0
2362,420.0
2363,460.0
2364,499.0
2365,523.0
2366,521.0
2367,517.0
2368,512.0
2369,515.0
2370,521.0
2371,517.0
2372,521.0
2373,525.0
2374,536.0
2375,536.0
2376,530.0
2377,534.0
2378,517.0
2379,482.0
2380,446.0
2381,408.0
2382,386.0
2383,383.0
2384,379.0
2385,377.0
2386,390.0
2387,408.0
2388,437.0
2389,473.0
2390,499.0
2391,517.0
2392,521.0
2393,520.0
2394,522.0
2395,514.0
2396,513.0
2397,515.0
2398,522.0
2399,537.0
2400,532.0
2401,529.0
2402,508.0
2403,480.0
2404,443.0
2405,410.0
2406,403.0
2407,393.0
2408,387.0
2409,393.0
2410,407.0
2411,430.0
2412,463.0
2413,502.0
2414,504.0
2415,504.0
2416,489.0
2417,488.0
2418,481.0
2419,470.0
2420,473.0
2421,484.0
2422,494.0
2423,513.0
2424,515.0
2425,533.0
2426,512.0
2427,477.0
2428,435.0
2429,399.0
2430,393.0
2431,390.0
2432,393.0
2433,414.0
2434,449.0
2435,513.0
2436,551.0
2437,554.0
2438,543.0
2439,528.0
2440,518.0
2441,516.0
2442,516.0
2443,511.0
2444,519.0
2445,524.0
2446,543.0
2447,553.0
2448,549.0
2449,564.0
2450,540.0
2451,494.0
2452,452.0
2453,415.0
2454,396.0
2455,394.0
2456,396.0
2457,403.0
2458,435.0
2459,492.0
2460,533.0
2461,549.0
2462,535.0
2463,524.0
2464,518.0
2465,513.0
2466,522.0
2467,517.0
2468,509.0
2469,516.0
2470,531.0
2471,544.0
2472,543.0
2473,550.0
2474,531.0
2475,493.0
2476,432.0
2477,419.0
2478,405.0
2479,400.0
2480,402.0
2481,420.0
2482,457.0
2483,518.0
2484,561.0
2485,563.0
2486,550.0
2487,536.0
2488,530.0
2489,525.0
2490,534.0
2491,527.0
2492,529.0
2493,530.0
2494,540.0
2495,544.0
2496,545.0
2497,546.0
2498,529.0
2499,488.0
2500,444.0
2501,413.0
2502,397.0
2503,392.0
2504,389.0
2505,399.0
2506,427.0
2507,486.0
2508,526.0
2509,538.0
2510,539.0
2511,543.0
2512,542.0
2513,521.0
2514,515.0
2515,504.0
2516,505.0
2517,507.0
2518,518.0
2519,538.0
2520,541.0
2521,560.0
2522,553.0
2523,506.0
2524,476.0
2525,450.0
2526,447.0
2527,448.0
2528,459.0
2529,476.0
2530,516.0
2531,584.0
2532,632.0
2533,634.0
2534,608.0
2535,581.0
2536,553.0
2537,525.0
2538,509.0
2539,498.0
2540,482.0
2541,502.0
2542,503.0
2543,512.0
2544,526.0
2545,540.0
2546,528.0
2547,503.0
2548,475.0
2549,453.0
2550,444.0
2551,445.0
2552,444.0
2553,451.0
2554,471.0
2555,497.0
2556,529.0
2557,560.0
2558,565.0
2559,564.0
2560,549.0
2561,529.0
2562,513.0
2563,488.0
2564,488.0
2565,491.0
2566,501.0
2567,509.0
2568,513.0
2569,528.0
2570,518.0
2571,492.0
2572,460.0
2573,437.0
2574,430.0
2575,427.0
2576,432.0
2577,453.0
2578,466.0
2579,501.0
2580,541.0
2581,559.0
2582,550.0
2583,522.0
2584,500.0
2585,494.0
2586,476.0
2587,471.0
2588,466.0
2589,479.0
2590,491.0
2591,501.0
2592,512.0
2593,528.0
2594,516.0
2595,474.0
2596,440.0
2597,409.0
2598,401.0
2599,396.0
2600,407.0
2601,422.0
2602,461.0
2603,528.0
2604,571.0
2605,578.0
2606,569.0
2607,555.0
2608,539.0
2609,528.0
2610,516.0
2611,514.0
2612,507.0
2613,517.0
2614,527.0
2615,539.0
2616,546.0
2617,555.0
2618,542.0
2619,505.0
2620,465.0
2621,441.0
2622,435.0
2623,440.0
2624,451.0
2625,468.0
2626,509.0
2627,583.0
2628,624.0
2629,614.0
2630,587.0
2631,555.0
2632,533.0
2633,524.0
2634,516.0
2635,508.0
2636,505.0
2637,514.0
2638,522.0
2639,530.0
2640,539.0
2641,551.0
2642,535.0
2643,487.0
2644,443.0
2645,420.0
2646,401.0
2647,405.0
2648,404.0
2649,415.0
2650,460.0
2651,521.0
2652,566.0
2653,583.0
2654,599.0
2655,603.0
2656,606.0
2657,588.0
2658,571.0
2659,563.0
2660,565.0
2661,579.0
2662,601.0
2663,635.0
2664,663.0
2665,691.0
2666,684.0
2667,649.0
2668,619.0
2669,601.0
2670,591.0
2671,598.0
2672,606.0
2673,631.0
2674,676.0
2675,752.0
2676,790.0
2677,761.0
2678,713.0
2679,665.0
2680,635.0
2681,602.0
2682,576.0
2683,551.0
2684,545.0
2685,547.0
2686,557.0
2687,571.0
2688,583.0
2689,614.0
2690,612.0
2691,584.0
2692,555.0
2693,542.0
2694,538.0
2695,555.0
2696,572.0
2697,598.0
2698,644.0
2699,706.0
2700,737.0
2701,707.0
2702,659.0
2703,611.0
2704,584.0
2705,573.0
2706,562.0
2707,550.0
2708,543.0
2709,547.0
2710,554.0
2711,562.0
2712,560.0
2713,573.0
2714,567.0
2715,538.0
2716,511.0
2717,484.0
2718,475.0
2719,471.0
2720,478.0
2721,482.0
2722,499.0
2723,528.0
2724,552.0
2725,592.0
2726,624.0
2727,638.0
2728,637.0
2729,632.0
2730,610.0
2731,594.0
2732,582.0
2733,571.0
2734,562.0
2735,551.0
2736,550.0
2737,560.0
2738,547.0
2739,514.0
2740,478.0
2741,449.0
2742,431.0
2743,423.0
2744,423.0
2745,428.0
2746,436.0
2747,469.0
2748,497.0
2749,539.0
2750,558.0
2751,560.0
2752,537.0
2753,517.0
2754,496.0
2755,479.0
2756,470.0
2757,479.0
2758,492.0
2759,504.0
2760,513.0
2761,529.0
2762,526.0
2763,494.0
2764,468.0
2765,443.0
2766,442.0
2767,447.0
2768,457.0
2769,483.0
2770,527.0
2771,598.0
2772,642.0
2773,629.0
2774,596.0
2775,563.0
2776,540.0
2777,523.0
2778,512.0
2779,510.0
2780,518.0
2781,533.0
2782,544.0
2783,556.0
2784,547.0
2785,557.0
2786,535.0
2787,491.0
2788,443.0
2789,411.0
2790,399.0
2791,391.0
2792,390.0
2793,397.0
2794,435.0
2795,495.0
2796,527.0
2797,536.0
2798,528.0
2799,523.0
2800,520.0
2801,527.0
2802,531.0
2803,546.0
2804,565.0
2805,580.0
2806,595.0
2807,601.0
2808,592.0
2809,597.0
2810,572.0
2811,518.0
2812,470.0
2813,429.0
2814,407.0
2815,398.0
2816,389.0
2817,395.0
2818,420.0
2819,468.0
2820,500.0
2821,520.0
2822,532.0
2823,542.0
2824,549.0
2825,554.0
2826,569.0
2827,577.0
2828,596.0
2829,617.0
2830,614.0
2831,622.0
2832,609.0
2833,614.0
2834,597.0
2835,543.0
2836,486.0
2837,447.0
2838,419.0
2839,403.0
2840,401.0
2841,396.0
2842,421.0
2843,468.0
2844,498.0
2845,518.0
2846,535.0
2847,554.0
2848,568.0
2849,584.0
2850,589.0
2851,594.0
2852,589.0
2853,605.0
2854,593.0
2855,591.0
2856,579.0
2857,585.0
2858,573.0
2859,531.0
2860,481.0
2861,440.0
2862,411.0
2863,400.0
2864,390.0
2865,394.0
2866,414.0
2867,455.0
2868,485.0
2869,502.0
2870,513.0
2871,517.0
2872,522.0
2873,514.0
2874,513.0
2875,515.0
2876,515.0
2877,528.0
2878,538.0
2879,538.0
2880,528.0
2881,524.0
2882,517.0
2883,479.0
2884,442.0
2885,408.0
2886,386.0
2887,381.0
2888,377.0
2889,380.0
2890,391.0
2891,422.0
2892,459.0
2893,486.0
2894,491.0
2895,494.0
2896,481.0
2897,477.0
2898,470.0
2899,478.0
2900,484.0
2901,504.0
2902,519.0
2903,527.0
2904,520.0
2905,514.0
2906,497.0
2907,472.0
2908,428.0
2909,399.0
2910,380.0
2911,370.0
2912,372.0
2913,372.0
2914,392.0
2915,409.0
2916,440.0
2917,473.0
2918,481.0
2919,481.0
2920,475.0
2921,483.0
2922,485.0
2923,477.0
2924,483.0
2925,496.0
2926,505.0
2927,513.0
2928,520.0
2929,530.0
2930,508.0
2931,471.0
2932,437.0
2933,399.0
2934,383.0
2935,378.0
2936,374.0
2937,384.0
2938,409.0
2939,459.0
2940,489.0
2941,519.0
2942,539.0
2943,547.0
2944,556.0
2945,558.0
2946,555.0
2947,548.0
2948,544.0
2949,554.0
2950,566.0
2951,577.0
2952,569.0
2953,575.0
2954,554.0
2955,509.0
2956,456.0
2957,414.0
2958,398.0
2959,390.0
2960,385.0
2961,393.0
2962,415.0
2963,464.0
2964,501.0
2965,521.0
2966,527.0
2967,548.0
2968,555.0
2969,563.0
2970,551.0
2971,546.0
2972,539.0
2973,544.0
2974,548.0
2975,557.0
2976,556.0
2977,555.0
2978,531.0
2979,492.0
2980,445.0
2981,418.0
2982,397.0
2983,390.0
2984,392.0
2985,392.0
2986,419.0
2987,468.0
2988,507.0
2989,518.0
2990,526.0
2991,532.0
2992,535.0
2993,539.0
2994,540.0
2995,550.0
2996,548.0
2997,554.0
2998,552.0
2999,552.0
3000,543.0
3001,545.0
3002,529.0
3003,484.0
3004,442.0
3005,409.0
3006,395.0
3007,391.0
3008,391.0
3009,404.0
3010,432.0
3011,491.0
3012,528.0
3013,531.0
3014,525.0
3015,518.0
3016,504.0
3017,512.0
3018,510.0
3019,500.0
3020,501.0
3021,511.0
3022,522.0
3023,531.0
3024,530.0
3025,541.0
3026,534.0
3027,494.0
3028,454.0
3029,422.0
3030,411.0
3031,409.0
3032,409.0
3033,417.0
3034,450.0
3035,506.0
3036,547.0
3037,556.0
3038,558.0
3039,563.0
3040,550.0
3041,536.0
3042,524.0
3043,507.0
3044,497.0
3045,506.0
3046,513.0
3047,518.0
3048,522.0
3049,534.0
3050,537.0
3051,509.0
3052,482.0
3053,455.0
3054,447.0
3055,449.0
3056,449.0
3057,459.0
3058,471.0
3059,498.0
3060,530.0
3061,548.0
3062,545.0
3063,533.0
3064,507.0
3065,494.0
3066,485.0
3067,475.0
3068,475.0
3069,481.0
3070,483.0
3071,492.0
3072,497.0
3073,503.0
3074,499.0
3075,470.0
3076,435.0
3077,402.0
3078,389.0
3079,381.0
3080,382.0
3081,389.0
3082,404.0
3083,427.0
3084,460.0
3085,492.0
3086,503.0
3087,488.0
3088,476.0
3089,465.0
3090,464.0
3091,463.0
3092,469.0
3093,475.0
3094,486.0
3095,481.0
3096,599.0
3097,520.0
3098,500.0
3099,465.0
3100,430.0
3101,392.0
3102,379.0
3103,371.0
3104,366.0
3105,375.0
3106,395.0
3107,449.0
3108,487.0
3109,507.0
3110,513.0
3111,524.0
3112,535.0
3113,546.0
3114,547.0
3115,554.0
3116,555.0
3117,563.0
3118,569.0
3119,570.0
3120,564.0
3121,558.0
3122,541.0
3123,495.0
3124,439.0
3125,416.0
3126,393.0
3127,387.0
3128,386.0
3129,391.0
3130,415.0
3131,466.0
3132,500.0
3133,513.0
3134,516.0
3135,527.0
3136,521.0
3137,523.0
3138,518.0
3139,517.0
3140,517.0
3141,528.0
3142,537.0
3143,544.0
3144,543.0
3145,543.0
3146,531.0
3147,487.0
3148,444.0
3149,413.0
3150,396.0
3151,390.0
3152,387.0
3153,393.0
3154,422.0
3155,475.0
3156,516.0
3157,544.0
3158,564.0
3159,579.0
3160,582.0
3161,587.0
3162,584.0
3163,577.0
3164,579.0
3165,587.0
3166,598.0
3167,601.0
3168,598.0
3169,596.0
3170,582.0
3171,536.0
3172,492.0
3173,465.0
3174,453.0
3175,450.0
3176,453.0
3177,466.0
3178,504.0
3179,567.0
3180,605.0
3181,610.0
3182,589.0
3183,564.0
3184,542.0
3185,533.0
3186,525.0
3187,513.0
3188,513.0
3189,518.0
3190,526.0
3191,541.0
3192,539.0
3193,547.0
3194,531.0
3195,492.0
3196,455.0
3197,424.0
3198,409.0
3199,406.0
3200,411.0
3201,428.0
3202,462.0
3203,517.0
3204,555.0
3205,568.0
3206,566.0
3207,558.0
3208,546.0
3209,532.0
3210,529.0
3211,516.0
3212,507.0
3213,508.0
3214,509.0
3215,515.0
3216,516.0
3217,518.0
3218,517.0
3219,488.0
3220,462.0
3221,431.0
3222,424.0
3223,414.0
3224,419.0
3225,424.0
3226,445.0
3227,477.0
3228,510.0
3229,528.0
3230,524.0
3231,512.0
3232,502.0
3233,489.0
3234,479.0
3235,478.0
3236,480.0
3237,487.0
3238,506.0
3239,511.0
3240,504.0
3241,505.0
3242,502.0
3243,472.0
3244,431.0
3245,400.0
3246,383.0
3247,371.0
3248,370.0
3249,373.0
3250,387.0
3251,403.0
3252,434.0
3253,466.0
3254,487.0
3255,482.0
3256,478.0
3257,491.0
3258,492.0
3259,485.0
3260,490.0
3261,499.0
3262,509.0
3263,508.0
3264,510.0
3265,514.0
3266,504.0
3267,466.0
3268,432.0
3269,398.0
3270,385.0
3271,374.0
3272,381.0
3273,381.0
3274,415.0
3275,467.0
3276,510.0
3277,520.0
3278,522.0
3279,519.0
3280,528.0
3281,538.0
3282,547.0
3283,538.0
3284,548.0
3285,554.0
3286,558.0
3287,563.0
3288,560.0
3289,562.0
3290,543.0
3291,495.0
3292,454.0
3293,415.0
3294,400.0
3295,387.0
3296,379.0
3297,387.0
3298,412.0
3299,463.0
3300,501.0
3301,513.0
3302,524.0
3303,527.0
3304,533.0
3305,534.0
3306,541.0
3307,532.0
3308,538.0
3309,540.0
3310,550.0
3311,550.0
3312,551.0
3313,553.0
3314,538.0
3315,496.0
3316,449.0
3317,415.0
3318,396.0
3319,392.0
3320,381.0
3321,391.0
3322,418.0
3323,472.0
3324,506.0
3325,522.0
3326,529.0
3327,537.0
3328,540.0
3329,545.0
3330,554.0
3331,556.0
3332,567.0
3333,576.0
3334,587.0
3335,587.0
3336,579.0
3337,569.0
3338,557.0
3339,510.0
3340,455.0
3341,411.0
3342,391.0
3343,385.0
3344,384.0
3345,385.0
3346,412.0
3347,462.0
3348,502.0
3349,517.0
3350,527.0
3351,529.0
3352,538.0
3353,545.0
3354,550.0
3355,557.0
3356,579.0
3357,597.0
3358,603.0
3359,609.0
3360,598.0
3361,588.0
3362,574.0
3363,525.0
3364,469.0
3365,424.0
3366,408.0
3367,390.0
3368,386.0
3369,391.0
3370,416.0
3371,459.0
3372,499.0
3373,515.0
3374,527.0
3375,542.0
3376,555.0
3377,568.0
3378,580.0
3379,588.0
3380,607.0
3381,617.0
3382,625.0
3383,624.0
3384,604.0
3385,582.0
3386,569.0
3387,524.0
3388,473.0
3389,429.0
3390,397.0
3391,385.0
3392,379.0
3393,381.0
3394,384.0
3395,405.0
3396,432.0
3397,470.0
3398,489.0
3399,505.0
3400,519.0
3401,533.0
3402,551.0
3403,567.0
3404,594.0
3405,604.0
3406,610.0
3407,603.0
3408,594.0
3409,574.0
3410,564.0
3411,523.0
3412,475.0
3413,434.0
3414,405.0
3415,391.0
3416,383.0
3417,376.0
3418,384.0
3419,394.0
3420,421.0
3421,464.0
3422,500.0
3423,522.0
3424,543.0
3425,559.0
3426,579.0
3427,593.0
3428,614.0
3429,632.0
3430,653.0
3431,655.0
3432,642.0
3433,620.0
3434,597.0
3435,540.0
3436,486.0
3437,440.0
3438,413.0
3439,397.0
3440,388.0
3441,393.0
3442,415.0
3443,460.0
3444,493.0
3445,519.0
3446,541.0
3447,568.0
3448,595.0
3449,619.0
3450,648.0
3451,672.0
3452,698.0
3453,723.0
3454,726.0
3455,715.0
3456,700.0
3457,679.0
3458,642.0
3459,584.0
3460,519.0
3461,469.0
3462,435.0
3463,422.0
3464,408.0
3465,407.0
3466,415.0
3467,458.0
3468,494.0
3469,522.0
3470,549.0
3471,572.0
3472,607.0
3473,640.0
3474,661.0
3475,646.0
3476,630.0
3477,644.0
3478,654.0
3479,658.0
3480,640.0
3481,627.0
3482,602.0
3483,550.0
3484,494.0
3485,450.0
3486,423.0
3487,410.0
3488,404.0
3489,404.0
3490,428.0
3491,469.0
3492,504.0
3493,537.0
3494,562.0
3495,593.0
3496,618.0
3497,641.0
3498,665.0
3499,683.0
3500,710.0
3501,715.0
3502,727.0
3503,713.0
3504,693.0
3505,668.0
3506,640.0
3507,581.0
3508,513.0
3509,464.0
3510,438.0
3511,420.0
3512,410.0
3513,411.0
3514,430.0
3515,474.0
3516,507.0
3517,537.0
3518,556.0
3519,581.0
3520,608.0
3521,638.0
3522,660.0
3523,684.0
3524,693.0
3525,690.0
3526,700.0
3527,690.0
3528,669.0
3529,666.0
3530,643.0
3531,587.0
3532,525.0
3533,476.0
3534,448.0
3535,428.0
3536,417.0
3537,419.0
3538,435.0
3539,478.0
3540,510.0
3541,535.0
3542,567.0
3543,597.0
3544,618.0
3545,621.0
3546,625.0
3547,615.0
3548,632.0
3549,644.0
3550,642.0
3551,635.0
3552,615.0
3553,609.0
3554,578.0
3555,534.0
3556,485.0
3557,440.0
3558,415.0
3559,401.0
3560,391.0
3561,388.0
3562,400.0
3563,413.0
3564,439.0
3565,472.0
3566,503.0
3567,514.0
3568,525.0
3569,524.0
3570,523.0
3571,527.0
3572,525.0
3573,531.0
3574,521.0
3575,517.0
3576,509.0
3577,503.0
3578,495.0
3579,464.0
3580,428.0
3581,394.0
3582,377.0
3583,363.0
3584,355.0
3585,360.0
3586,368.0
3587,376.0
3588,416.0
3589,446.0
3590,470.0
3591,476.0
3592,465.0
3593,462.0
3594,463.0
3595,460.0
3596,460.0
3597,468.0
3598,481.0
3599,487.0
3600,492.0
3601,490.0
3602,487.0
3603,464.0
3604,427.0
3605,397.0
3606,380.0
3607,375.0
3608,371.0
3609,380.0
3610,397.0
3611,420.0
3612,449.0
3613,476.0
3614,490.0
3615,491.0
3616,492.0
3617,486.0
3618,492.0
3619,501.0
3620,511.0
3621,531.0
3622,548.0
3623,563.0
3624,553.0
3625,540.0
3626,526.0
3627,478.0
3628,436.0
3629,397.0
3630,380.0
3631,369.0
3632,366.0
3633,370.0
3634,399.0
3635,441.0
3636,484.0
3637,504.0
3638,516.0
3639,527.0
3640,542.0
3641,550.0
3642,555.0
3643,559.0
3644,573.0
3645,591.0
3646,599.0
3647,600.0
3648,590.0
3649,578.0
3650,566.0
3651,524.0
3652,468.0
3653,427.0
3654,405.0
3655,393.0
3656,388.0
3657,394.0
3658,418.0
3659,460.0
3660,495.0
3661,514.0
3662,524.0
3663,537.0
3664,548.0
3665,551.0
3666,565.0
3667,574.0
3668,584.0
3669,575.0
3670,576.0
3671,574.0
3672,566.0
3673,558.0
3674,548.0
3675,508.0
3676,464.0
3677,427.0
3678,413.0
3679,399.0
3680,396.0
3681,401.0
3682,420.0
3683,458.0
3684,487.0
3685,515.0
3686,529.0
3687,545.0
3688,549.0
3689,554.0
3690,557.0
3691,561.0
3692,572.0
3693,582.0
3694,588.0
3695,584.0
3696,581.0
3697,574.0
3698,570.0
3699,528.0
3700,482.0
3701,440.0
3702,418.0
3703,404.0
3704,400.0
3705,401.0
3706,418.0
3707,462.0
3708,495.0
3709,526.0
3710,553.0
3711,579.0
3712,593.0
3713,614.0
3714,630.0
3715,644.0
3716,660.0
3717,675.0
3718,681.0
3719,675.0
3720,648.0
3721,616.0
3722,609.0
3723,564.0
3724,514.0
3725,465.0
3726,431.0
3727,414.0
3728,398.0
3729,396.0
3730,400.0
3731,415.0
3732,445.0
3733,478.0
3734,507.0
3735,542.0
3736,566.0
3737,597.0
3738,621.0
3739,647.0
3740,662.0
3741,680.0
3742,697.0
3743,689.0
3744,662.0
3745,637.0
3746,614.0
3747,578.0
3748,526.0
3749,480.0
3750,448.0
3751,426.0
3752,416.0
3753,412.0
3754,416.0
3755,419.0
3756,452.0
3757,487.0
3758,521.0
3759,544.0
3760,565.0
3761,591.0
3762,619.0
3763,627.0
3764,647.0
3765,676.0
3766,683.0
3767,682.0
3768,670.0
3769,642.0
3770,622.0
3771,579.0
3772,514.0
3773,480.0
3774,450.0
3775,436.0
3776,423.0
3777,424.0
3778,445.0
3779,486.0
3780,523.0
3781,552.0
3782,580.0
3783,611.0
3784,646.0
3785,673.0
3786,694.0
3787,674.0
3788,679.0
3789,702.0
3790,719.0
3791,721.0
3792,701.0
3793,679.0
3794,652.0
3795,600.0
3796,541.0
3797,493.0
3798,465.0
3799,445.0
3800,434.0
3801,432.0
3802,448.0
3803,485.0
3804,524.0
3805,553.0
3806,591.0
3807,622.0
3808,661.0
3809,692.0
3810,718.0
3811,726.0
3812,735.0
3813,731.0
3814,706.0
3815,700.0
3816,685.0
3817,663.0
3818,643.0
3819,590.0
3820,530.0
3821,484.0
3822,452.0
3823,432.0
3824,423.0
3825,427.0
3826,442.0
3827,483.0
3828,515.0
3829,540.0
3830,572.0
3831,598.0
3832,643.0
3833,681.0
3834,712.0
3835,703.0
3836,722.0
3837,731.0
3838,725.0
3839,705.0
3840,680.0
3841,650.0
3842,631.0
3843,584.0
3844,529.0
3845,482.0
3846,457.0
3847,442.0
3848,434.0
3849,432.0
3850,453.0
3851,489.0
3852,528.0
3853,556.0
3854,578.0
3855,605.0
3856,639.0
3857,663.0
3858,687.0
3859,707.0
3860,726.0
3861,728.0
3862,727.0
3863,716.0
3864,697.0
3865,671.0
3866,654.0
3867,605.0
3868,547.0
3869,498.0
3870,467.0
3871,455.0
3872,442.0
3873,439.0
3874,453.0
3875,492.0
3876,527.0
3877,559.0
3878,582.0
3879,600.0
3880,625.0
3881,644.0
3882,671.0
3883,682.0
3884,703.0
3885,702.0
3886,675.0
3887,663.0
3888,652.0
3889,627.0
3890,620.0
3891,582.0
3892,533.0
3893,491.0
3894,457.0
3895,441.0
3896,430.0
3897,426.0
3898,435.0
3899,447.0
3900,476.0
3901,513.0
3902,548.0
3903,573.0
3904,591.0
3905,597.0
3906,596.0
3907,610.0
3908,634.0
3909,658.0
3910,681.0
3911,675.0
3912,663.0
3913,636.0
3914,610.0
3915,571.0
3916,518.0
3917,471.0
3918,438.0
3919,419.0
3920,411.0
3921,406.0
3922,409.0
3923,414.0
3924,442.0
3925,486.0
3926,528.0
3927,554.0
3928,589.0
3929,627.0
3930,667.0
3931,683.0
3932,711.0
3933,734.0
3934,753.0
3935,748.0
3936,733.0
3937,696.0
3938,665.0
3939,611.0
3940,548.0
3941,496.0
3942,463.0
3943,445.0
3944,432.0
3945,436.0
3946,446.0
3947,485.0
3948,527.0
3949,565.0
3950,596.0
3951,650.0
3952,688.0
3953,723.0
3954,739.0
3955,765.0
3956,778.0
3957,801.0
3958,811.0
3959,811.0
3960,778.0
3961,727.0
3962,685.0
3963,625.0
3964,554.0
3965,494.0
3966,457.0
3967,440.0
3968,427.0
3969,430.0
3970,442.0
3971,479.0
3972,523.0
3973,555.0
3974,578.0
3975,604.0
3976,623.0
3977,635.0
3978,658.0
3979,669.0
3980,688.0
3981,702.0
3982,706.0
3983,707.0
3984,682.0
3985,644.0
3986,622.0
3987,568.0
3988,509.0
3989,456.0
3990,432.0
3991,415.0
3992,407.0
3993,408.0
3994,422.0
3995,457.0
3996,494.0
3997,520.0
3998,544.0
3999,559.0
4000,584.0
4001,595.0
4002,611.0
4003,627.0
4004,649.0
4005,669.0
4006,682.0
4007,683.0
4008,663.0
4009,627.0
4010,608.0
4011,557.0
4012,496.0
4013,448.0
4014,424.0
4015,405.0
4016,399.0
4017,397.0
4018,415.0
4019,442.0
4020,486.0
4021,510.0
4022,528.0
4023,544.0
4024,556.0
4025,570.0
4026,589.0
4027,609.0
4028,634.0
4029,657.0
4030,672.0
4031,678.0
4032,663.0
4033,623.0
4034,599.0
4035,544.0
4036,480.0
4037,439.0
4038,411.0
4039,400.0
4040,390.0
4041,395.0
4042,410.0
4043,436.0
4044,475.0
4045,507.0
4046,530.0
4047,556.0
4048,582.0
4049,614.0
4050,646.0
4051,675.0
4052,703.0
4053,724.0
4054,741.0
4055,745.0
4056,717.0
4057,676.0
4058,648.0
4059,604.0
4060,543.0
4061,494.0
4062,450.0
4063,433.0
4064,417.0
4065,410.0
4066,420.0
4067,425.0
4068,456.0
4069,494.0
4070,534.0
4071,570.0
4072,607.0
4073,641.0
4074,669.0
4075,673.0
4076,673.0
4077,676.0
4078,663.0
4079,647.0
4080,624.0
4081,608.0
4082,595.0
4083,563.0
4084,511.0
4085,469.0
4086,435.0
4087,421.0
4088,406.0
4089,407.0
4090,408.0
4091,418.0
4092,446.0
4093,486.0
4094,518.0
4095,548.0
4096,569.0
4097,583.0
4098,589.0
4099,598.0
4100,614.0
4101,637.0
4102,655.0
4103,665.0
4104,656.0
4105,639.0
4106,626.0
4107,581.0
4108,521.0
4109,477.0
4110,441.0
4111,425.0
4112,417.0
4113,421.0
4114,441.0
4115,478.0
4116,518.0
4117,562.0
4118,596.0
4119,637.0
4120,679.0
4121,714.0
4122,745.0
4123,770.0
4124,796.0
4125,813.0
4126,810.0
4127,810.0
4128,776.0
4129,737.0
4130,707.0
4131,619.0
4132,551.0
4133,504.0
4134,465.0
4135,442.0
4136,440.0
4137,437.0
4138,451.0
4139,495.0
4140,520.0
4141,549.0
4142,563.0
4143,574.0
4144,575.0
4145,582.0
4146,591.0
4147,600.0
4148,620.0
4149,634.0
4150,649.0
4151,649.0
4152,626.0
4153,605.0
4154,577.0
4155,538.0
4156,477.0
4157,439.0
4158,411.0
4159,401.0
4160,391.0
4161,399.0
4162,413.0
4163,454.0
4164,487.0
4165,507.0
4166,526.0
4167,544.0
4168,554.0
4169,567.0
4170,583.0
4171,602.0
4172,620.0
4173,640.0
4174,645.0
4175,641.0
4176,624.0
4177,601.0
4178,594.0
4179,557.0
4180,501.0
4181,454.0
4182,431.0
4183,411.0
4184,399.0
4185,405.0
4186,420.0
4187,459.0
4188,498.0
4189,520.0
4190,545.0
4191,562.0
4192,577.0
4193,586.0
4194,610.0
4195,628.0
4196,646.0
4197,667.0
4198,680.0
4199,671.0
4200,658.0
4201,620.0
4202,609.0
4203,557.0
4204,504.0
4205,454.0
4206,425.0
4207,405.0
4208,395.0
4209,399.0
4210,415.0
4211,443.0
4212,484.0
4213,514.0
4214,540.0
4215,558.0
4216,574.0
4217,595.0
4218,606.0
4219,630.0
4220,653.0
4221,673.0
4222,683.0
4223,679.0
4224,652.0
4225,622.0
4226,595.0
4227,552.0
4228,494.0
4229,451.0
4230,419.0
4231,400.0
4232,392.0
4233,387.0
4234,391.0
4235,406.0
4236,433.0
4237,469.0
4238,505.0
4239,534.0
4240,559.0
4241,583.0
4242,615.0
4243,636.0
4244,657.0
4245,682.0
4246,698.0
4247,693.0
4248,675.0
4249,645.0
4250,623.0
4251,579.0
4252,529.0
4253,479.0
4254,448.0
4255,428.0
4256,414.0
4257,413.0
4258,418.0
4259,425.0
4260,450.0
4261,498.0
4262,534.0
4263,568.0
4264,593.0
4265,621.0
4266,641.0
4267,658.0
4268,674.0
4269,698.0
4270,712.0
4271,713.0
4272,695.0
4273,667.0
4274,644.0
4275,598.0
4276,529.0
4277,484.0
4278,454.0
4279,432.0
4280,423.0
4281,422.0
4282,440.0
4283,475.0
4284,513.0
4285,552.0
4286,594.0
4287,636.0
4288,678.0
4289,704.0
4290,730.0
4291,760.0
4292,786.0
4293,809.0
4294,815.0
4295,816.0
4296,788.0
4297,747.0
4298,718.0
4299,651.0
4300,590.0
4301,535.0
4302,501.0
4303,479.0
4304,462.0
4305,458.0
4306,478.0
4307,514.0
4308,548.0
4309,578.0
4310,597.0
4311,618.0
4312,632.0
4313,650.0
4314,660.0
4315,663.0
4316,677.0
4317,686.0
4318,683.0
4319,682.0
4320,665.0
4321,643.0
4322,624.0
4323,579.0
4324,524.0
4325,479.0
4326,446.0
4327,433.0
4328,420.0
4329,418.0
4330,440.0
4331,478.0
4332,510.0
4333,539.0
4334,567.0
4335,599.0
4336,637.0
4337,679.0
4338,712.0
4339,753.0
4340,777.0
4341,792.0
4342,805.0
4343,801.0
4344,775.0
4345,738.0
4346,702.0
4347,634.0
4348,568.0
4349,515.0
4350,477.0
4351,457.0
4352,444.0
4353,441.0
4354,454.0
4355,488.0
4356,523.0
4357,563.0
4358,609.0
4359,651.0
4360,688.0
4361,716.0
4362,742.0
4363,755.0
4364,747.0
4365,739.0
4366,719.0
4367,703.0
4368,688.0
4369,661.0
4370,637.0
4371,592.0
4372,533.0
4373,491.0
4374,467.0
4375,448.0
4376,441.0
4377,437.0
4378,454.0
4379,481.0
4380,510.0
4381,534.0
4382,549.0
4383,570.0
4384,582.0
4385,599.0
4386,624.0
4387,646.0
4388,666.0
4389,677.0
4390,689.0
4391,675.0
4392,647.0
4393,612.0
4394,594.0
4395,555.0
4396,497.0
4397,449.0
4398,419.0
4399,402.0
4400,384.0
4401,385.0
4402,382.0
4403,391.0
4404,417.0
4405,450.0
4406,476.0
4407,494.0
4408,507.0
4409,515.0
4410,526.0
4411,537.0
4412,559.0
4413,576.0
4414,594.0
4415,589.0
4416,572.0
4417,541.0
4418,526.0
4419,494.0
4420,454.0
4421,411.0
4422,385.0
4423,371.0
4424,362.0
4425,359.0
4426,365.0
4427,373.0
4428,395.0
4429,435.0
4430,464.0
4431,475.0
4432,493.0
4433,507.0
4434,530.0
4435,552.0
4436,578.0
4437,651.0
4438,640.0
4439,634.0
4440,614.0
4441,571.0
4442,545.0
4443,522.0
4444,486.0
4445,438.0
4446,407.0
4447,386.0
4448,372.0
4449,375.0
4450,382.0
4451,400.0
4452,422.0
4453,461.0
4454,507.0
4455,545.0
4456,582.0
4457,619.0
4458,641.0
4459,668.0
4460,699.0
4461,722.0
4462,745.0
4463,742.0
4464,710.0
4465,671.0
4466,645.0
4467,587.0
4468,520.0
4469,463.0
4470,433.0
4471,410.0
4472,404.0
4473,401.0
4474,418.0
4475,452.0
4476,490.0
4477,529.0
4478,566.0
4479,597.0
4480,626.0
4481,693.0
4482,709.0
4483,733.0
4484,765.0
4485,785.0
4486,791.0
4487,790.0
4488,762.0
4489,710.0
4490,681.0
4491,621.0
4492,552.0
4493,492.0
4494,462.0
4495,434.0
4496,427.0
4497,424.0
4498,440.0
4499,473.0
4500,513.0
4501,542.0
4502,566.0
4503,579.0
4504,602.0
4505,626.0
4506,656.0
4507,676.0
4508,688.0
4509,714.0
4510,722.0
4511,727.0
4512,712.0
4513,685.0
4514,664.0
4515,618.0
4516,556.0
4517,505.0
4518,474.0
4519,457.0
4520,446.0
4521,448.0
4522,461.0
4523,500.0
4524,530.0
4525,561.0
4526,585.0
4527,607.0
4528,632.0
4529,659.0
4530,690.0
4531,710.0
4532,728.0
4533,740.0
4534,746.0
4535,744.0
4536,729.0
4537,692.0
4538,668.0
4539,616.0
4540,555.0
4541,505.0
4542,469.0
4543,446.0
4544,435.0
4545,432.0
4546,448.0
4547,472.0
4548,508.0
4549,556.0
4550,590.0
4551,622.0
4552,633.0
4553,636.0
4554,622.0
4555,634.0
4556,672.0
4557,704.0
4558,717.0
4559,712.0
4560,685.0
4561,657.0
4562,642.0
4563,597.0
4564,542.0
4565,494.0
4566,460.0
4567,437.0
4568,426.0
4569,423.0
4570,428.0
4571,440.0
4572,464.0
4573,511.0
4574,555.0
4575,596.0
4576,633.0
4577,661.0
4578,693.0
4579,720.0
4580,741.0
4581,760.0
4582,735.0
4583,697.0
4584,659.0
4585,627.0
4586,605.0
4587,572.0
4588,526.0
4589,477.0
4590,451.0
4591,432.0
4592,419.0
4593,415.0
4594,417.0
4595,428.0
4596,451.0
4597,493.0
4598,535.0
4599,576.0
4600,614.0
4601,656.0
4602,689.0
4603,690.0
4604,677.0
4605,682.0
4606,691.0
4607,679.0
4608,657.0
4609,635.0
4610,624.0
4611,588.0
4612,534.0
4613,492.0
4614,457.0
4615,441.0
4616,435.0
4617,432.0
4618,453.0
4619,495.0
4620,531.0
4621,564.0
4622,609.0
4623,636.0
4624,669.0
4625,706.0
4626,728.0
4627,750.0
4628,762.0
4629,775.0
4630,786.0
4631,763.0
4632,732.0
4633,690.0
4634,670.0
4635,613.0
4636,551.0
4637,493.0
4638,463.0
4639,437.0
4640,434.0
4641,426.0
4642,439.0
4643,471.0
4644,505.0
4645,530.0
4646,551.0
4647,573.0
4648,579.0
4649,598.0
4650,616.0
4651,639.0
4652,659.0
4653,673.0
4654,705.0
4655,713.0
4656,691.0
4657,672.0
4658,652.0
4659,601.0
4660,540.0
4661,492.0
4662,462.0
4663,437.0
4664,428.0
4665,432.0
4666,448.0
4667,488.0
4668,526.0
4669,560.0
4670,594.0
4671,633.0
4672,666.0
4673,689.0
4674,718.0
4675,734.0
4676,743.0
4677,736.0
4678,708.0
4679,715.0
4680,692.0
4681,668.0
4682,650.0
4683,599.0
4684,539.0
4685,490.0
4686,463.0
4687,439.0
4688,430.0
4689,425.0
4690,439.0
4691,481.0
4692,519.0
4693,543.0
4694,577.0
4695,616.0
4696,654.0
4697,681.0
4698,720.0
4699,737.0
4700,746.0
4701,772.0
4702,787.0
4703,783.0
4704,762.0
4705,732.0
4706,709.0
4707,644.0
4708,578.0
4709,522.0
4710,485.0
4711,461.0
4712,451.0
4713,440.0
4714,458.0
4715,483.0
4716,517.0
4717,555.0
4718,588.0
4719,629.0
4720,681.0
4721,710.0
4722,747.0
4723,782.0
4724,800.0
4725,826.0
4726,831.0
4727,819.0
4728,778.0
4729,734.0
4730,703.0
4731,652.0
4732,596.0
4733,542.0
4734,503.0
4735,477.0
4736,461.0
4737,449.0
4738,453.0
4739,462.0
4740,489.0
4741,530.0
4742,549.0
4743,455.0
4744,638.0
4745,678.0
4746,704.0
4747,736.0
4748,747.0
4749,740.0
4750,728.0
4751,713.0
4752,679.0
4753,651.0
4754,638.0
4755,697.0
4756,573.0
4757,495.0
4758,465.0
4759,440.0
4760,430.0
4761,432.0
4762,433.0
4763,441.0
4764,469.0
4765,505.0
4766,541.0
4767,560.0
4768,579.0
4769,606.0
4770,630.0
4771,661.0
4772,685.0
4773,690.0
4774,675.0
4775,652.0
4776,626.0
4777,610.0
4778,587.0
4779,548.0
4780,497.0
4781,462.0
4782,437.0
4783,418.0
4784,412.0
4785,413.0
4786,436.0
4787,477.0
4788,513.0
4789,540.0
4790,570.0
4791,604.0
4792,628.0
4793,655.0
4794,681.0
4795,696.0
4796,698.0
4797,682.0
4798,668.0
4799,667.0
4800,651.0
4801,632.0
4802,613.0
4803,572.0
4804,515.0
4805,472.0
4806,450.0
4807,434.0
4808,422.0
4809,426.0
4810,443.0
4811,483.0
4812,522.0
4813,549.0
4814,558.0
4815,582.0
4816,593.0
4817,614.0
4818,631.0
4819,643.0
4820,645.0
4821,657.0
4822,668.0
4823,665.0
4824,646.0
4825,629.0
4826,612.0
4827,566.0
4828,511.0
4829,465.0
4830,438.0
4831,420.0
4832,409.0
4833,408.0
4834,427.0
4835,460.0
4836,499.0
4837,524.0
4838,546.0
4839,566.0
4840,598.0
4841,634.0
4842,662.0
4843,701.0
4844,733.0
4845,754.0
4846,764.0
4847,758.0
4848,726.0
4849,692.0
4850,670.0
4851,604.0
4852,538.0
4853,489.0
4854,457.0
4855,433.0
4856,422.0
4857,419.0
4858,440.0
4859,470.0
4860,492.0
4861,521.0
4862,547.0
4863,576.0
4864,614.0
4865,654.0
4866,695.0
4867,730.0
4868,757.0
4869,782.0
4870,785.0
4871,777.0
4872,740.0
4873,703.0
4874,674.0
4875,617.0
4876,555.0
4877,499.0
4878,467.0
4879,445.0
4880,431.0
4881,429.0
4882,436.0
4883,469.0
4884,506.0
4885,531.0
4886,564.0
4887,605.0
4888,644.0
4889,683.0
4890,723.0
4891,752.0
4892,780.0
4893,791.0
4894,798.0
4895,790.0
4896,749.0
4897,706.0
4898,683.0
4899,628.0
4900,575.0
4901,526.0
4902,488.0
4903,466.0
4904,451.0
4905,446.0
4906,453.0
4907,463.0
4908,491.0
4909,528.0
4910,572.0
4911,615.0
4912,664.0
4913,704.0
4914,730.0
4915,747.0
4916,744.0
4917,763.0
4918,767.0
4919,745.0
4920,721.0
4921,688.0
4922,669.0
4923,622.0
4924,568.0
4925,522.0
4926,489.0
4927,465.0
4928,453.0
4929,444.0
4930,444.0
4931,453.0
4932,477.0
4933,516.0
4934,562.0
4935,606.0
4936,653.0
4937,696.0
4938,730.0
4939,752.0
4940,768.0
4941,787.0
4942,801.0
4943,790.0
4944,765.0
4945,737.0
4946,706.0
4947,647.0
4948,590.0
4949,542.0
4950,497.0
4951,475.0
4952,464.0
4953,459.0
4954,475.0
4955,513.0
4956,554.0
4957,579.0
4958,615.0
4959,675.0
4960,724.0
4961,768.0
4962,808.0
4963,824.0
4964,834.0
4965,802.0
4966,758.0
4967,739.0
4968,714.0
4969,693.0
4970,667.0
4971,619.0
4972,556.0
4973,510.0
4974,485.0
4975,466.0
4976,455.0
4977,453.0
4978,472.0
4979,515.0
4980,542.0
4981,576.0
4982,598.0
4983,636.0
4984,680.0
4985,731.0
4986,776.0
4987,812.0
4988,846.0
4989,849.0
4990,825.0
4991,798.0
4992,770.0
4993,739.0
4994,712.0
4995,650.0
4996,588.0
4997,526.0
4998,486.0
4999,465.0
5000,453.0
5001,452.0
5002,467.0
5003,508.0
5004,542.0
5005,568.0
5006,607.0
5007,656.0
5008,707.0
5009,749.0
5010,655.0
5011,817.0
5012,841.0
5013,860.0
5014,862.0
5015,879.0
5016,951.0
5017,884.0
5018,869.0
5019,654.0
5020,572.0
5021,528.0
5022,486.0
5023,457.0
5024,444.0
5025,443.0
5026,455.0
5027,492.0
5028,527.0
5029,559.0
5030,589.0
5031,620.0
5032,674.0
5033,718.0
5034,756.0
5035,798.0
5036,825.0
5037,843.0
5038,851.0
5039,842.0
5040,799.0
5041,770.0
5042,736.0
5043,667.0
5044,595.0
5045,541.0
5046,506.0
5047,483.0
5048,468.0
5049,468.0
5050,488.0
5051,522.0
5052,559.0
5053,594.0
5054,619.0
5055,648.0
5056,679.0
5057,694.0
5058,720.0
5059,760.0
5060,794.0
5061,803.0
5062,817.0
5063,804.0
5064,782.0
5065,757.0
5066,728.0
5067,669.0
5068,601.0
5069,540.0
5070,501.0
5071,470.0
5072,456.0
5073,442.0
5074,445.0
5075,454.0
5076,476.0
5077,513.0
5078,550.0
5079,593.0
5080,642.0
5081,678.0
5082,719.0
5083,747.0
5084,784.0
5085,799.0
5086,807.0
5087,787.0
5088,759.0
5089,720.0
5090,689.0
5091,634.0
5092,574.0
5093,521.0
5094,484.0
5095,461.0
5096,451.0
5097,449.0
5098,451.0
5099,458.0
5100,479.0
5101,518.0
5102,560.0
5103,589.0
5104,622.0
5105,646.0
5106,661.0
5107,671.0
5108,687.0
5109,693.0
5110,710.0
5111,712.0
5112,684.0
5113,654.0
5114,633.0
5115,583.0
5116,528.0
5117,481.0
5118,450.0
5119,427.0
5120,420.0
5121,418.0
5122,435.0
5123,462.0
5124,506.0
5125,535.0
5126,564.0
5127,588.0
5128,617.0
5129,650.0
5130,678.0
5131,705.0
5132,726.0
5133,739.0
5134,734.0
5135,725.0
5136,694.0
5137,667.0
5138,647.0
5139,599.0
5140,544.0
5141,496.0
5142,467.0
5143,447.0
5144,435.0
5145,433.0
5146,452.0
5147,490.0
5148,519.0
5149,541.0
5150,557.0
5151,576.0
5152,589.0
5153,601.0
5154,617.0
5155,625.0
5156,635.0
5157,640.0
5158,641.0
5159,640.0
5160,623.0
5161,610.0
5162,601.0
5163,553.0
5164,504.0
5165,452.0
5166,433.0
5167,417.0
5168,403.0
5169,407.0
5170,426.0
5171,460.0
5172,490.0
5173,516.0
5174,537.0
5175,553.0
5176,551.0
5177,587.0
5178,601.0
5179,607.0
5180,613.0
5181,624.0
5182,628.0
5183,631.0
5184,618.0
5185,610.0
5186,591.0
5187,548.0
5188,494.0
5189,466.0
5190,432.0
5191,417.0
5192,409.0
5193,412.0
5194,431.0
5195,463.0
5196,500.0
5197,527.0
5198,551.0
5199,575.0
5200,606.0
5201,628.0
5202,656.0
5203,681.0
5204,691.0
5205,703.0
5206,713.0
5207,700.0
5208,673.0
5209,644.0
5210,619.0
5211,563.0
5212,507.0
5213,460.0
5214,433.0
5215,416.0
5216,405.0
5217,405.0
5218,419.0
5219,447.0
5220,476.0
5221,507.0
5222,536.0
5223,562.0
5224,587.0
5225,616.0
5226,647.0
5227,674.0
5228,694.0
5229,710.0
5230,714.0
5231,698.0
5232,672.0
5233,647.0
5234,623.0
5235,575.0
5236,521.0
5237,472.0
5238,445.0
5239,424.0
5240,411.0
5241,405.0
5242,410.0
5243,421.0
5244,443.0
5245,479.0
5246,507.0
5247,548.0
5248,578.0
5249,610.0
5250,629.0
5251,626.0
5252,614.0
5253,635.0
5254,630.0
5255,599.0
5256,580.0
5257,567.0
5258,555.0
5259,520.0
5260,474.0
5261,444.0
5262,412.0
5263,398.0
5264,386.0
5265,383.0
5266,386.0
5267,401.0
5268,422.0
5269,462.0
5270,477.0
5271,511.0
5272,541.0
5273,576.0
5274,611.0
5275,640.0
5276,672.0
5277,699.0
5278,722.0
5279,718.0
5280,693.0
5281,669.0
5282,634.0
5283,576.0
5284,515.0
5285,474.0
5286,435.0
5287,418.0
5288,402.0
5289,403.0
5290,424.0
5291,461.0
5292,491.0
5293,531.0
5294,563.0
5295,593.0
5296,633.0
5297,675.0
5298,704.0
5299,720.0
5300,757.0
5301,783.0
5302,793.0
5303,778.0
5304,737.0
5305,713.0
5306,678.0
5307,619.0
5308,558.0
5309,506.0
5310,475.0
5311,454.0
5312,441.0
5313,441.0
5314,456.0
5315,495.0
5316,525.0
5317,556.0
5318,582.0
5319,627.0
5320,681.0
5321,728.0
5322,771.0
5323,796.0
5324,773.0
5325,767.0
5326,761.0
5327,750.0
5328,732.0
5329,704.0
5330,677.0
5331,614.0
5332,551.0
5333,506.0
5334,470.0
5335,452.0
5336,435.0
5337,435.0
5338,451.0
5339,489.0
5340,517.0
5341,557.0
5342,586.0
5343,688.0
5344,803.0
5345,748.0
5346,779.0
5347,800.0
5348,789.0
5349,748.0
5350,729.0
5351,728.0
5352,727.0
5353,607.0
5354,658.0
5355,619.0
5356,562.0
5357,510.0
5358,481.0
5359,454.0
5360,448.0
5361,443.0
5362,457.0
5363,498.0
5364,528.0
5365,562.0
5366,594.0
5367,630.0
5368,652.0
5369,598.0
5370,609.0
5371,793.0
5372,886.0
5373,800.0
5374,796.0
5375,802.0
5376,770.0
5377,740.0
5378,721.0
5379,568.0
5380,608.0
5381,518.0
5382,480.0
5383,465.0
5384,444.0
5385,447.0
5386,457.0
5387,492.0
5388,525.0
5389,562.0
5390,599.0
5391,649.0
5392,694.0
5393,738.0
5394,793.0
5395,799.0
5396,782.0
5397,764.0
5398,758.0
5399,744.0
5400,722.0
5401,698.0
5402,665.0
5403,620.0
5404,561.0
5405,510.0
5406,477.0
5407,456.0
5408,441.0
5409,433.0
5410,439.0
5411,453.0
5412,470.0
5413,518.0
5414,556.0
5415,607.0
5416,659.0
5417,707.0
5418,743.0
5419,761.0
5420,776.0
5421,753.0
5422,714.0
5423,692.0
5424,656.0
5425,628.0
5426,598.0
5427,566.0
5428,521.0
5429,474.0
5430,450.0
5431,433.0
5432,421.0
5433,417.0
5434,421.0
5435,435.0
5436,452.0
5437,489.0
5438,526.0
5439,553.0
5440,585.0
5441,612.0
5442,648.0
5443,656.0
5444,661.0
5445,679.0
5446,689.0
5447,679.0
5448,657.0
5449,647.0
5450,617.0
5451,567.0
5452,518.0
5453,478.0
5454,457.0
5455,440.0
5456,431.0
5457,434.0
5458,452.0
5459,499.0
5460,526.0
5461,557.0
5462,583.0
5463,613.0
5464,645.0
5465,669.0
5466,696.0
5467,710.0
5468,725.0
5469,749.0
5470,729.0
5471,710.0
5472,678.0
5473,652.0
5474,615.0
5475,567.0
5476,516.0
5477,479.0
5478,455.0
5479,435.0
5480,432.0
5481,432.0
5482,453.0
5483,494.0
5484,529.0
5485,552.0
5486,574.0
5487,587.0
5488,590.0
5489,593.0
5490,585.0
5491,565.0
5492,567.0
5493,562.0
5494,567.0
5495,556.0
5496,550.0
5497,545.0
5498,529.0
5499,488.0
5500,446.0
5501,420.0
5502,393.0
5503,380.0
5504,372.0
5505,374.0
5506,390.0
5507,428.0
5508,462.0
5509,501.0
5510,534.0
5511,565.0
5512,596.0
5513,622.0
5514,658.0
5515,686.0
5516,712.0
5517,736.0
5518,751.0
5519,745.0
5520,715.0
5521,688.0
5522,645.0
5523,588.0
5524,524.0
5525,481.0
5526,436.0
5527,417.0
5528,401.0
5529,403.0
5530,421.0
5531,444.0
5532,497.0
5533,519.0
5534,550.0
5535,593.0
5536,634.0
5537,680.0
5538,712.0
5539,733.0
5540,691.0
5541,659.0
5542,663.0
5543,665.0
5544,653.0
5545,644.0
5546,621.0
5547,568.0
5548,516.0
5549,474.0
5550,444.0
5551,426.0
5552,416.0
5553,415.0
5554,432.0
5555,477.0
5556,509.0
5557,534.0
5558,562.0
5559,587.0
5560,611.0
5561,636.0
5562,659.0
5563,677.0
5564,702.0
5565,731.0
5566,738.0
5567,739.0
5568,706.0
5569,671.0
5570,636.0
5571,584.0
5572,533.0
5573,478.0
5574,446.0
5575,425.0
5576,413.0
5577,413.0
5578,418.0
5579,429.0
5580,451.0
5581,482.0
5582,519.0
5583,557.0
5584,602.0
5585,643.0
5586,676.0
5587,714.0
5588,722.0
5589,726.0
5590,714.0
5591,686.0
5592,646.0
5593,631.0
5594,605.0
5595,565.0
5596,523.0
5597,471.0
5598,445.0
5599,430.0
5600,414.0
5601,405.0
5602,411.0
5603,422.0
5604,444.0
5605,487.0
5606,528.0
5607,561.0
5608,600.0
5609,708.0
5610,684.0
5611,706.0
5612,736.0
5613,773.0
5614,749.0
5615,747.0
5616,689.0
5617,706.0
5618,660.0
5619,588.0
5620,530.0
5621,477.0
5622,446.0
5623,430.0
5624,414.0
5625,414.0
5626,436.0
5627,482.0
5628,504.0
5629,525.0
5630,564.0
5631,598.0
5632,641.0
5633,687.0
5634,725.0
5635,755.0
5636,778.0
5637,810.0
5638,819.0
5639,814.0
5640,781.0
5641,748.0
5642,702.0
5643,631.0
5644,563.0
5645,510.0
5646,478.0
5647,455.0
5648,444.0
5649,437.0
5650,457.0
5651,508.0
5652,527.0
5653,553.0
5654,584.0
5655,616.0
5656,665.0
5657,709.0
5658,750.0
5659,790.0
5660,808.0
5661,814.0
5662,819.0
5663,815.0
5664,781.0
5665,765.0
5666,716.0
5667,643.0
5668,577.0
5669,517.0
5670,484.0
5671,459.0
5672,446.0
5673,440.0
5674,457.0
5675,507.0
5676,533.0
5677,553.0
5678,597.0
5679,636.0
5680,686.0
5681,722.0
5682,736.0
5683,798.0
5684,803.0
5685,766.0
5686,753.0
5687,733.0
5688,706.0
5689,690.0
5690,649.0
5691,599.0
5692,540.0
5693,491.0
5694,464.0
5695,443.0
5696,433.0
5697,434.0
5698,451.0
5699,508.0
5700,528.0
5701,550.0
5702,575.0
5703,610.0
5704,654.0
5705,706.0
5706,753.0
5707,773.0
5708,771.0
5709,758.0
5710,721.0
5711,720.0
5712,693.0
5713,688.0
5714,653.0
5715,595.0
5716,540.0
5717,492.0
5718,466.0
5719,442.0
5720,435.0
5721,436.0
5722,457.0
5723,505.0
5724,536.0
5725,555.0
5726,568.0
5727,596.0
5728,640.0
5729,686.0
5730,731.0
5731,763.0
5732,793.0
5733,813.0
5734,816.0
5735,792.0
5736,750.0
5737,715.0
5738,672.0
5739,619.0
5740,560.0
5741,509.0
5742,478.0
5743,453.0
5744,436.0
5745,432.0
5746,436.0
5747,446.0
5748,467.0
5749,505.0
5750,551.0
5751,597.0
5752,643.0
5753,683.0
5754,724.0
5755,757.0
5756,778.0
5757,794.0
5758,795.0
5759,782.0
5760,740.0
5761,703.0
5762,666.0
5763,608.0
5764,548.0
5765,501.0
5766,464.0
5767,444.0
5768,429.0
5769,421.0
5770,424.0
5771,430.0
5772,449.0
5773,496.0
5774,545.0
5775,592.0
5776,636.0
5777,685.0
5778,729.0
5779,760.0
5780,785.0
5781,795.0
5782,822.0
5783,804.0
5784,768.0
5785,739.0
5786,688.0
5787,615.0
5788,551.0
5789,496.0
5790,464.0
5791,437.0
5792,423.0
5793,427.0
5794,446.0
5795,492.0
5796,510.0
5797,542.0
5798,577.0
5799,615.0
5800,658.0
5801,698.0
5802,734.0
5803,768.0
5804,787.0
5805,795.0
5806,792.0
5807,777.0
5808,750.0
5809,746.0
5810,693.0
5811,626.0
5812,563.0
5813,513.0
5814,486.0
5815,467.0
5816,454.0
5817,458.0
5818,471.0
5819,528.0
5820,554.0
5821,569.0
5822,590.0
5823,612.0
5824,626.0
5825,641.0
5826,645.0
5827,653.0
5828,647.0
5829,631.0
5830,633.0
5831,627.0
5832,620.0
5833,628.0
5834,592.0
5835,548.0
5836,504.0
5837,474.0
5838,445.0
5839,440.0
5840,431.0
5841,433.0
5842,453.0
5843,504.0
5844,539.0
5845,560.0
5846,579.0
5847,598.0
5848,616.0
5849,628.0
5850,635.0
5851,640.0
5852,644.0
5853,651.0
5854,652.0
5855,647.0
5856,632.0
5857,629.0
5858,593.0
5859,549.0
5860,493.0
5861,454.0
5862,427.0
5863,415.0
5864,407.0
5865,408.0
5866,425.0
5867,475.0
5868,500.0
5869,521.0
5870,542.0
5871,559.0
5872,573.0
5873,587.0
5874,610.0
5875,627.0
5876,648.0
5877,678.0
5878,686.0
5879,680.0
5880,657.0
5881,632.0
5882,595.0
5883,538.0
5884,484.0
5885,442.0
5886,415.0
5887,404.0
5888,394.0
5889,392.0
5890,415.0
5891,453.0
5892,480.0
5893,501.0
5894,517.0
5895,529.0
5896,542.0
5897,552.0
5898,580.0
5899,597.0
5900,618.0
5901,639.0
5902,653.0
5903,643.0
5904,587.0
5905,573.0
5906,550.0
5907,513.0
5908,464.0
5909,428.0
5910,398.0
5911,386.0
5912,379.0
5913,376.0
5914,381.0
5915,396.0
5916,416.0
5917,449.0
5918,478.0
5919,496.0
5920,525.0
5921,549.0
5922,574.0
5923,589.0
5924,613.0
5925,632.0
5926,650.0
5927,642.0
5928,615.0
5929,598.0
5930,564.0
5931,526.0
5932,479.0
5933,440.0
5934,407.0
5935,391.0
5936,379.0
5937,374.0
5938,383.0
5939,392.0
5940,410.0
5941,444.0
5942,482.0
5943,502.0
5944,526.0
5945,546.0
5946,577.0
5947,591.0
5948,614.0
5949,630.0
5950,645.0
5951,631.0
5952,609.0
5953,593.0
5954,562.0
5955,520.0
5956,476.0
5957,438.0
5958,412.0
5959,396.0
5960,391.0
5961,392.0
5962,402.0
5963,419.0
5964,439.0
5965,466.0
5966,504.0
5967,535.0
5968,571.0
5969,595.0
5970,615.0
5971,631.0
5972,655.0
5973,665.0
5974,673.0
5975,665.0
5976,640.0
5977,624.0
5978,584.0
5979,526.0
5980,474.0
5981,435.0
5982,406.0
5983,393.0
5984,389.0
5985,395.0
5986,410.0
5987,467.0
5988,497.0
5989,516.0
5990,536.0
5991,562.0
5992,585.0
5993,605.0
5994,640.0
5995,670.0
5996,652.0
5997,669.0
5998,678.0
5999,682.0
6000,669.0
6001,662.0
6002,615.0
6003,560.0
6004,505.0
6005,457.0
6006,436.0
6007,418.0
6008,411.0
6009,414.0
6010,434.0
6011,488.0
6012,515.0
6013,540.0
6014,559.0
6015,593.0
6016,631.0
6017,660.0
6018,687.0
6019,706.0
6020,741.0
6021,744.0
6022,736.0
6023,710.0
6024,683.0
6025,659.0
6026,617.0
6027,561.0
6028,509.0
6029,467.0
6030,440.0
6031,429.0
6032,412.0
6033,421.0
6034,443.0
6035,492.0
6036,513.0
6037,527.0
6038,541.0
6039,554.0
6040,571.0
6041,581.0
6042,592.0
6043,601.0
6044,609.0
6045,618.0
6046,622.0
6047,626.0
6048,601.0
6049,592.0
6050,555.0
6051,503.0
6052,459.0
6053,422.0
6054,397.0
6055,389.0
6056,382.0
6057,384.0
6058,402.0
6059,451.0
6060,475.0
6061,492.0
6062,507.0
6063,517.0
6064,528.0
6065,531.0
6066,544.0
6067,555.0
6068,576.0
6069,586.0
6070,594.0
6071,585.0
6072,568.0
6073,552.0
6074,522.0
6075,486.0
6076,448.0
6077,416.0
6078,393.0
6079,380.0
6080,375.0
6081,375.0
6082,383.0
6083,402.0
6084,425.0
6085,455.0
6086,481.0
6087,493.0
6088,510.0
6089,518.0
6090,526.0
6091,542.0
6092,557.0
6093,581.0
6094,598.0
6095,592.0
6096,577.0
6097,566.0
6098,536.0
6099,496.0
6100,446.0
6101,422.0
6102,395.0
6103,383.0
6104,377.0
6105,376.0
6106,380.0
6107,391.0
6108,411.0
6109,446.0
6110,474.0
6111,490.0
6112,502.0
6113,535.0
6114,559.0
6115,579.0
6116,610.0
6117,639.0
6118,662.0
6119,651.0
6120,634.0
6121,621.0
6122,575.0
6123,521.0
6124,466.0
6125,426.0
6126,406.0
6127,394.0
6128,388.0
6129,394.0
6130,416.0
6131,466.0
6132,493.0
6133,512.0
6134,531.0
6135,552.0
6136,574.0
6137,603.0
6138,622.0
6139,653.0
6140,670.0
6141,702.0
6142,716.0
6143,702.0
6144,683.0
6145,664.0
6146,606.0
6147,554.0
6148,495.0
6149,456.0
6150,427.0
6151,407.0
6152,403.0
6153,402.0
6154,426.0
6155,473.0
6156,498.0
6157,514.0
6158,530.0
6159,550.0
6160,581.0
6161,613.0
6162,650.0
6163,676.0
6164,697.0
6165,712.0
6166,713.0
6167,703.0
6168,684.0
6169,664.0
6170,616.0
6171,555.0
6172,501.0
6173,452.0
6174,426.0
6175,416.0
6176,408.0
6177,406.0
6178,430.0
6179,476.0
6180,502.0
6181,519.0
6182,540.0
6183,555.0
6184,584.0
6185,602.0
6186,616.0
6187,631.0
6188,632.0
6189,641.0
6190,638.0
6191,643.0
6192,632.0
6193,617.0
6194,576.0
6195,527.0
6196,478.0
6197,444.0
6198,421.0
6199,409.0
6200,399.0
6201,401.0
6202,423.0
6203,474.0
6204,504.0
6205,527.0
6206,538.0
6207,548.0
6208,563.0
6209,573.0
6210,576.0
6211,589.0
6212,595.0
6213,607.0
6214,613.0
6215,617.0
6216,612.0
6217,610.0
6218,577.0
6219,532.0
6220,482.0
6221,446.0
6222,420.0
6223,410.0
6224,404.0
6225,405.0
6226,429.0
6227,475.0
6228,507.0
6229,530.0
6230,548.0
6231,563.0
6232,575.0
6233,585.0
6234,583.0
6235,585.0
6236,597.0
6237,608.0
6238,616.0
6239,613.0
6240,602.0
6241,596.0
6242,563.0
6243,525.0
6244,483.0
6245,444.0
6246,420.0
6247,408.0
6248,394.0
6249,401.0
6250,403.0
6251,423.0
6252,447.0
6253,478.0
6254,511.0
6255,536.0
6256,572.0
6257,600.0
6258,625.0
6259,649.0
6260,653.0
6261,645.0
6262,629.0
6263,622.0
6264,613.0
6265,597.0
6266,570.0
6267,529.0
6268,487.0
6269,449.0
6270,426.0
6271,410.0
6272,401.0
6273,400.0
6274,403.0
6275,414.0
6276,436.0
6277,476.0
6278,515.0
6279,550.0
6280,576.0
6281,600.0
6282,617.0
6283,611.0
6284,612.0
6285,604.0
6286,609.0
6287,611.0
6288,607.0
6289,597.0
6290,564.0
6291,517.0
6292,475.0
6293,435.0
6294,422.0
6295,409.0
6296,402.0
6297,408.0
6298,436.0
6299,486.0
6300,512.0
6301,532.0
6302,547.0
6303,568.0
6304,581.0
6305,588.0
6306,593.0
6307,589.0
6308,585.0
6309,590.0
6310,595.0
6311,598.0
6312,602.0
6313,589.0
6314,558.0
6315,517.0
6316,473.0
6317,436.0
6318,419.0
6319,411.0
6320,403.0
6321,410.0
6322,430.0
6323,482.0
6324,514.0
6325,527.0
6326,540.0
6327,548.0
6328,556.0
6329,571.0
6330,579.0
6331,581.0
6332,582.0
6333,590.0
6334,592.0
6335,598.0
6336,599.0
6337,591.0
6338,553.0
6339,508.0
6340,458.0
6341,432.0
6342,412.0
6343,405.0
6344,397.0
6345,405.0
6346,430.0
6347,479.0
6348,512.0
6349,532.0
6350,544.0
6351,568.0
6352,580.0
6353,577.0
6354,543.0
6355,535.0
6356,533.0
6357,541.0
6358,545.0
6359,554.0
6360,554.0
6361,552.0
6362,521.0
6363,479.0
6364,436.0
6365,410.0
6366,390.0
6367,385.0
6368,382.0
6369,387.0
6370,412.0
6371,469.0
6372,495.0
6373,519.0
6374,525.0
6375,523.0
6376,517.0
6377,509.0
6378,510.0
6379,503.0
6380,511.0
6381,521.0
6382,522.0
6383,535.0
6384,547.0
6385,550.0
6386,522.0
6387,483.0
6388,445.0
6389,418.0
6390,405.0
6391,400.0
6392,405.0
6393,411.0
6394,439.0
6395,498.0
6396,542.0
6397,553.0
6398,547.0
6399,540.0
6400,528.0
6401,514.0
6402,508.0
6403,505.0
6404,505.0
6405,518.0
6406,523.0
6407,533.0
6408,533.0
6409,528.0
6410,503.0
6411,475.0
6412,442.0
6413,414.0
6414,400.0
6415,394.0
6416,394.0
6417,398.0
6418,415.0
6419,437.0
6420,469.0
6421,501.0
6422,516.0
6423,508.0
6424,506.0
6425,497.0
6426,485.0
6427,483.0
6428,485.0
6429,497.0
6430,507.0
6431,514.0
6432,520.0
6433,515.0
6434,490.0
6435,459.0
6436,428.0
6437,403.0
6438,388.0
6439,381.0
6440,379.0
6441,382.0
6442,392.0
6443,410.0
6444,437.0
6445,472.0
6446,492.0
6447,491.0
6448,484.0
6449,488.0
6450,484.0
6451,489.0
6452,495.0
6453,513.0
6454,523.0
6455,533.0
6456,535.0
6457,529.0
6458,494.0
6459,456.0
6460,419.0
6461,396.0
6462,382.0
6463,379.0
6464,380.0
6465,388.0
6466,424.0
6467,478.0
6468,517.0
6469,530.0
6470,534.0
6471,527.0
6472,522.0
6473,521.0
6474,533.0
6475,534.0
6476,549.0
6477,567.0
6478,587.0
6479,600.0
6480,592.0
6481,579.0
6482,541.0
6483,491.0
6484,450.0
6485,408.0
6486,390.0
6487,390.0
6488,386.0
6489,388.0
6490,416.0
6491,467.0
6492,500.0
6493,510.0
6494,515.0
6495,523.0
6496,526.0
6497,533.0
6498,543.0
6499,561.0
6500,571.0
6501,597.0
6502,614.0
6503,615.0
6504,607.0
6505,592.0
6506,549.0
6507,474.0
6508,450.0
6509,414.0
6510,390.0
6511,386.0
6512,375.0
6513,385.0
6514,405.0
6515,456.0
6516,487.0
6517,499.0
6518,512.0
6519,519.0
6520,535.0
6521,547.0
6522,567.0
6523,584.0
6524,607.0
6525,633.0
6526,641.0
6527,639.0
6528,634.0
6529,602.0
6530,562.0
6531,505.0
6532,460.0
6533,424.0
6534,405.0
6535,393.0
6536,387.0
6537,395.0
6538,421.0
6539,467.0
6540,499.0
6541,512.0
6542,521.0
6543,525.0
6544,533.0
6545,553.0
6546,570.0
6547,594.0
6548,612.0
6549,633.0
6550,638.0
6551,616.0
6552,613.0
6553,596.0
6554,554.0
6555,508.0
6556,458.0
6557,423.0
6558,403.0
6559,390.0
6560,385.0
6561,389.0
6562,413.0
6563,457.0
6564,490.0
6565,509.0
6566,520.0
6567,526.0
6568,532.0
6569,539.0
6570,562.0
6571,575.0
6572,582.0
6573,603.0
6574,599.0
6575,596.0
6576,587.0
6577,573.0
6578,531.0
6579,502.0
6580,463.0
6581,428.0
6582,408.0
6583,398.0
6584,386.0
6585,383.0
6586,395.0
6587,416.0
6588,442.0
6589,472.0
6590,497.0
6591,512.0
6592,533.0
6593,549.0
6594,566.0
6595,575.0
6596,575.0
6597,590.0
6598,594.0
6599,584.0
6600,583.0
6601,565.0
6602,536.0
6603,501.0
6604,459.0
6605,430.0
6606,407.0
6607,393.0
6608,382.0
6609,381.0
6610,387.0
6611,398.0
6612,423.0
6613,458.0
6614,487.0
6615,505.0
6616,520.0
6617,535.0
6618,531.0
6619,527.0
6620,522.0
6621,538.0
6622,549.0
6623,553.0
6624,561.0
6625,541.0
6626,515.0
6627,479.0
6628,437.0
6629,411.0
6630,391.0
6631,385.0
6632,379.0
6633,388.0
6634,413.0
6635,458.0
6636,491.0
6637,520.0
6638,537.0
6639,552.0
6640,556.0
6641,559.0
6642,567.0
6643,581.0
6644,593.0
6645,618.0
6646,602.0
6647,609.0
6648,616.0
6649,598.0
6650,560.0
6651,510.0
6652,466.0
6653,431.0
6654,410.0
6655,401.0
6656,398.0
6657,405.0
6658,428.0
6659,479.0
6660,513.0
6661,525.0
6662,546.0
6663,549.0
6664,562.0
6665,570.0
6666,568.0
6667,555.0
6668,564.0
6669,571.0
6670,575.0
6671,584.0
6672,600.0
6673,587.0
6674,555.0
6675,510.0
6676,464.0
6677,433.0
6678,414.0
6679,405.0
6680,399.0
6681,407.0
6682,434.0
6683,483.0
6684,516.0
6685,535.0
6686,538.0
6687,551.0
6688,565.0
6689,578.0
6690,575.0
6691,563.0
6692,564.0
6693,571.0
6694,583.0
6695,585.0
6696,596.0
6697,593.0
6698,554.0
6699,508.0
6700,470.0
6701,429.0
6702,408.0
6703,401.0
6704,400.0
6705,401.0
6706,426.0
6707,473.0
6708,509.0
6709,526.0
6710,555.0
6711,543.0
6712,550.0
6713,559.0
6714,568.0
6715,565.0
6716,566.0
6717,582.0
6718,580.0
6719,591.0
6720,594.0
6721,583.0
6722,547.0
6723,503.0
6724,465.0
6725,430.0
6726,412.0
6727,399.0
6728,395.0
6729,405.0
6730,428.0
6731,471.0
6732,505.0
6733,529.0
6734,543.0
6735,558.0
6736,557.0
6737,561.0
6738,558.0
6739,558.0
6740,570.0
6741,578.0
6742,575.0
6743,579.0
6744,581.0
6745,563.0
6746,532.0
6747,500.0
6748,467.0
6749,431.0
6750,411.0
6751,402.0
6752,389.0
6753,389.0
6754,400.0
6755,415.0
6756,444.0
6757,475.0
6758,502.0
6759,522.0
6760,533.0
6761,540.0
6762,546.0
6763,558.0
6764,566.0
6765,574.0
6766,580.0
6767,571.0
6768,572.0
6769,555.0
6770,524.0
6771,488.0
6772,438.0
6773,415.0
6774,394.0
6775,384.0
6776,373.0
6777,371.0
6778,372.0
6779,390.0
6780,413.0
6781,457.0
6782,487.0
6783,491.0
6784,496.0
6785,515.0
6786,521.0
6787,549.0
6788,570.0
6789,587.0
6790,598.0
6791,602.0
6792,602.0
6793,584.0
6794,540.0
6795,492.0
6796,446.0
6797,412.0
6798,389.0
6799,381.0
6800,379.0
6801,389.0
6802,409.0
6803,461.0
6804,498.0
6805,512.0
6806,529.0
6807,544.0
6808,551.0
6809,565.0
6810,576.0
6811,584.0
6812,602.0
6813,624.0
6814,626.0
6815,621.0
6816,626.0
6817,601.0
6818,562.0
6819,512.0
6820,464.0
6821,432.0
6822,410.0
6823,402.0
6824,396.0
6825,400.0
6826,429.0
6827,476.0
6828,509.0
6829,527.0
6830,539.0
6831,540.0
6832,543.0
6833,558.0
6834,572.0
6835,587.0
6836,603.0
6837,624.0
6838,630.0
6839,622.0
6840,628.0
6841,606.0
6842,562.0
6843,515.0
6844,464.0
6845,428.0
6846,407.0
6847,394.0
6848,390.0
6849,388.0
6850,417.0
6851,468.0
6852,506.0
6853,520.0
6854,531.0
6855,535.0
6856,546.0
6857,562.0
6858,575.0
6859,590.0
6860,610.0
6861,633.0
6862,635.0
6863,627.0
6864,624.0
6865,603.0
6866,555.0
6867,509.0
6868,465.0
6869,422.0
6870,401.0
6871,387.0
6872,383.0
6873,388.0
6874,410.0
6875,464.0
6876,495.0
6877,514.0
6878,532.0
6879,540.0
6880,555.0
6881,564.0
6882,587.0
6883,609.0
6884,631.0
6885,654.0
6886,653.0
6887,647.0
6888,649.0
6889,626.0
6890,578.0
6891,536.0
6892,483.0
6893,440.0
6894,414.0
6895,400.0
6896,390.0
6897,395.0
6898,413.0
6899,460.0
6900,492.0
6901,510.0
6902,526.0
6903,535.0
6904,561.0
6905,581.0
6906,606.0
6907,622.0
6908,634.0
6909,647.0
6910,647.0
6911,631.0
6912,617.0
6913,590.0
6914,558.0
6915,517.0
6916,471.0
6917,433.0
6918,413.0
6919,392.0
6920,382.0
6921,385.0
6922,390.0
6923,411.0
6924,433.0
6925,472.0
6926,503.0
6927,521.0
6928,522.0
6929,512.0
6930,500.0
6931,497.0
6932,491.0
6933,493.0
6934,506.0
6935,507.0
6936,527.0
6937,517.0
6938,497.0
6939,474.0
6940,444.0
6941,419.0
6942,408.0
6943,399.0
6944,396.0
6945,404.0
6946,418.0
6947,442.0
6948,480.0
6949,527.0
6950,536.0
6951,510.0
6952,500.0
6953,492.0
6954,483.0
6955,475.0
6956,471.0
6957,486.0
6958,511.0
6959,534.0
6960,557.0
6961,556.0
6962,530.0
6963,497.0
6964,465.0
6965,439.0
6966,437.0
6967,436.0
6968,441.0
6969,459.0
6970,498.0
6971,562.0
6972,608.0
6973,636.0
6974,618.0
6975,586.0
6976,556.0
6977,537.0
6978,520.0
6979,502.0
6980,503.0
6981,520.0
6982,534.0
6983,555.0
6984,572.0
6985,558.0
6986,533.0
6987,501.0
6988,465.0
6989,446.0
6990,447.0
6991,447.0
6992,455.0
6993,469.0
6994,512.0
6995,586.0
6996,628.0
6997,645.0
6998,625.0
6999,593.0
7000,561.0
7001,539.0
7002,523.0
7003,518.0
7004,517.0
7005,531.0
7006,542.0
7007,560.0
7008,580.0
7009,569.0
7010,537.0
7011,499.0
7012,462.0
7013,441.0
7014,431.0
7015,436.0
7016,442.0
7017,462.0
7018,506.0
7019,578.0
7020,624.0
7021,633.0
7022,617.0
7023,589.0
7024,557.0
7025,534.0
7026,529.0
7027,522.0
7028,528.0
7029,543.0
7030,552.0
7031,563.0
7032,581.0
7033,566.0
7034,538.0
7035,498.0
7036,461.0
7037,429.0
7038,425.0
7039,423.0
7040,425.0
7041,435.0
7042,475.0
7043,537.0
7044,582.0
7045,586.0
7046,584.0
7047,573.0
7048,547.0
7049,538.0
7050,537.0
7051,537.0
7052,536.0
7053,548.0
7054,549.0
7055,564.0
7056,581.0
7057,564.0
7058,535.0
7059,497.0
7060,453.0
7061,413.0
7062,400.0
7063,395.0
7064,390.0
7065,397.0
7066,427.0
7067,477.0
7068,516.0
7069,532.0
7070,541.0
7071,534.0
7072,525.0
7073,514.0
7074,518.0
7075,508.0
7076,512.0
7077,519.0
7078,526.0
7079,537.0
7080,550.0
7081,534.0
7082,511.0
7083,486.0
7084,453.0
7085,424.0
7086,411.0
7087,404.0
7088,403.0
7089,413.0
7090,429.0
7091,460.0
7092,496.0
7093,530.0
7094,547.0
7095,538.0
7096,524.0
7097,506.0
7098,498.0
7099,488.0
7100,491.0
7101,504.0
7102,514.0
7103,522.0
7104,537.0
7105,525.0
7106,502.0
7107,477.0
7108,442.0
7109,424.0
7110,415.0
7111,406.0
7112,411.0
7113,414.0
7114,434.0
7115,458.0
7116,498.0
7117,542.0
7118,551.0
7119,532.0
7120,507.0
7121,497.0
7122,485.0
7123,482.0
7124,488.0
7125,495.0
7126,513.0
7127,526.0
7128,545.0
7129,529.0
7130,498.0
7131,461.0
7132,419.0
7133,396.0
7134,383.0
7135,372.0
7136,372.0
7137,383.0
7138,413.0
7139,472.0
7140,514.0
7141,528.0
7142,536.0
7143,528.0
7144,522.0
7145,523.0
7146,530.0
7147,535.0
7148,544.0
7149,548.0
7150,552.0
7151,560.0
7152,578.0
7153,552.0
7154,518.0
7155,479.0
7156,435.0
7157,397.0
7158,392.0
7159,386.0
7160,394.0
7161,410.0
7162,446.0
7163,507.0
7164,550.0
7165,567.0
7166,569.0
7167,564.0
7168,555.0
7169,541.0
7170,534.0
7171,528.0
7172,525.0
7173,538.0
7174,556.0
7175,582.0
7176,613.0
7177,598.0
7178,574.0
7179,536.0
7180,502.0
7181,483.0
7182,472.0
7183,479.0
7184,481.0
7185,505.0
7186,545.0
7187,619.0
7188,654.0
7189,674.0
7190,658.0
7191,615.0
7192,586.0
7193,556.0
7194,535.0
7195,519.0
7196,516.0
7197,526.0
7198,542.0
7199,567.0
7200,584.0
7201,572.0
7202,545.0
7203,514.0
7204,481.0
7205,457.0
7206,448.0
7207,449.0
7208,449.0
7209,465.0
7210,500.0
7211,563.0
7212,596.0
7213,603.0
7214,599.0
7215,593.0
7216,586.0
7217,576.0
7218,598.0
7219,712.0
7220,736.0
7221,751.0
7222,738.0
7223,614.0
7224,472.0
7225,452.0
7226,422.0
7227,394.0
7228,485.0
7229,452.0
7230,441.0
7231,435.0
7232,434.0
7233,444.0
7234,476.0
7235,531.0
7236,569.0
7237,580.0
7238,588.0
7239,569.0
7240,568.0
7241,561.0
7242,550.0
7243,535.0
7244,532.0
7245,548.0
7246,576.0
7247,584.0
7248,584.0
7249,573.0
7250,548.0
7251,516.0
7252,492.0
7253,467.0
7254,449.0
7255,447.0
7256,441.0
7257,450.0
7258,471.0
7259,502.0
7260,541.0
7261,576.0
7262,596.0
7263,609.0
7264,601.0
7265,580.0
7266,563.0
7267,548.0
7268,551.0
7269,543.0
7270,551.0
7271,565.0
7272,572.0
7273,552.0
7274,534.0
7275,509.0
7276,479.0
7277,451.0
7278,435.0
7279,430.0
7280,429.0
7281,436.0
7282,444.0
7283,467.0
7284,498.0
7285,533.0
7286,551.0
7287,549.0
7288,541.0
7289,533.0
7290,524.0
7291,505.0
7292,498.0
7293,504.0
7294,517.0
7295,526.0
7296,548.0
7297,548.0
7298,533.0
7299,508.0
7300,480.0
7301,454.0
7302,448.0
7303,452.0
7304,450.0
7305,470.0
7306,505.0
7307,569.0
7308,617.0
7309,636.0
7310,626.0
7311,599.0
7312,578.0
7313,547.0
7314,536.0
7315,522.0
7316,518.0
7317,525.0
7318,548.0
7319,572.0
7320,593.0
7321,575.0
7322,551.0
7323,512.0
7324,482.0
7325,456.0
7326,453.0
7327,456.0
7328,468.0
7329,485.0
7330,517.0
7331,585.0
7332,623.0
7333,632.0
7334,632.0
7335,616.0
7336,605.0
7337,586.0
7338,568.0
7339,544.0
7340,535.0
7341,549.0
7342,579.0
7343,618.0
7344,639.0
7345,621.0
7346,588.0
7347,548.0
7348,519.0
7349,497.0
7350,484.0
7351,482.0
7352,487.0
7353,500.0
7354,536.0
7355,603.0
7356,644.0
7357,655.0
7358,651.0
7359,653.0
7360,649.0
7361,649.0
7362,641.0
7363,631.0
7364,636.0
7365,657.0
7366,671.0
7367,695.0
7368,696.0
7369,676.0
7370,638.0
7371,597.0
7372,553.0
7373,536.0
7374,520.0
7375,519.0
7376,521.0
7377,537.0
7378,577.0
7379,637.0
7380,674.0
7381,690.0
7382,704.0
7383,707.0
7384,703.0
7385,692.0
7386,680.0
7387,665.0
7388,661.0
7389,676.0
7390,683.0
7391,711.0
7392,710.0
7393,688.0
7394,657.0
7395,619.0
7396,577.0
7397,567.0
7398,543.0
7399,551.0
7400,553.0
7401,562.0
7402,607.0
7403,668.0
7404,708.0
7405,722.0
7406,720.0
7407,705.0
7408,658.0
7409,611.0
7410,584.0
7411,564.0
7412,562.0
7413,574.0
7414,596.0
7415,637.0
7416,655.0
7417,650.0
7418,644.0
7419,622.0
7420,594.0
7421,589.0
7422,570.0
7423,576.0
7424,583.0
7425,597.0
7426,617.0
7427,658.0
7428,701.0
7429,746.0
7430,743.0
7431,693.0
7432,646.0
7433,606.0
7434,576.0
7435,554.0
7436,545.0
7437,556.0
7438,583.0
7439,610.0
7440,631.0
7441,622.0
7442,613.0
7443,594.0
7444,571.0
7445,565.0
7446,558.0
7447,553.0
7448,575.0
7449,591.0
7450,613.0
7451,654.0
7452,695.0
7453,748.0
7454,755.0
7455,703.0
7456,637.0
7457,581.0
7458,547.0
7459,524.0
7460,514.0
7461,519.0
7462,549.0
7463,589.0
7464,619.0
7465,618.0
7466,606.0
7467,584.0
7468,557.0
7469,537.0
7470,532.0
7471,536.0
7472,544.0
7473,559.0
7474,587.0
7475,640.0
7476,719.0
7477,753.0
7478,724.0
7479,672.0
7480,625.0
7481,580.0
7482,553.0
7483,536.0
7484,524.0
7485,528.0
7486,547.0
7487,576.0
7488,608.0
7489,602.0
7490,582.0
7491,555.0
7492,523.0
7493,496.0
7494,484.0
7495,490.0
7496,493.0
7497,516.0
7498,540.0
7499,596.0
7500,680.0
7501,717.0
7502,695.0
7503,639.0
7504,590.0
7505,555.0
7506,527.0
7507,515.0
7508,517.0
7509,518.0
7510,533.0
7511,562.0
7512,584.0
7513,574.0
7514,553.0
7515,525.0
7516,490.0
7517,460.0
7518,448.0
7519,448.0
7520,453.0
7521,464.0
7522,486.0
7523,531.0
7524,603.0
7525,640.0
7526,631.0
7527,601.0
7528,566.0
7529,547.0
7530,532.0
7531,525.0
7532,528.0
7533,530.0
7534,541.0
7535,563.0
7536,585.0
7537,572.0
7538,548.0
7539,522.0
7540,492.0
7541,469.0
7542,450.0
7543,448.0
7544,456.0
7545,457.0
7546,472.0
7547,507.0
7548,555.0
7549,594.0
7550,601.0
7551,601.0
7552,598.0
7553,588.0
7554,592.0
7555,578.0
7556,569.0
7557,563.0
7558,575.0
7559,607.0
7560,620.0
7561,600.0
7562,579.0
7563,541.0
7564,501.0
7565,468.0
7566,438.0
7567,429.0
7568,429.0
7569,438.0
7570,460.0
7571,503.0
7572,570.0
7573,611.0
7574,606.0
7575,593.0
7576,567.0
7577,545.0
7578,534.0
7579,524.0
7580,520.0
7581,528.0
7582,538.0
7583,574.0
7584,601.0
7585,597.0
7586,590.0
7587,581.0
7588,562.0
7589,542.0
7590,527.0
7591,523.0
7592,529.0
7593,533.0
7594,546.0
7595,564.0
7596,591.0
7597,627.0
7598,653.0
7599,642.0
7600,635.0
7601,614.0
7602,592.0
7603,574.0
7604,567.0
7605,571.0
7606,597.0
7607,655.0
7608,686.0
7609,687.0
7610,687.0
7611,677.0
7612,662.0
7613,642.0
7614,634.0
7615,634.0
7616,648.0
7617,659.0
7618,678.0
7619,703.0
7620,739.0
7621,781.0
7622,793.0
7623,735.0
7624,681.0
7625,630.0
7626,592.0
7627,565.0
7628,548.0
7629,556.0
7630,572.0
7631,617.0
7632,654.0
7633,651.0
7634,638.0
7635,615.0
7636,580.0
7637,546.0
7638,580.0
7639,640.0
7640,654.0
7641,661.0
7642,565.0
7643,576.0
7644,583.0
7645,615.0
7646,614.0
7647,693.0
7648,668.0
7649,641.0
7650,614.0
7651,593.0
7652,576.0
7653,583.0
7654,614.0
7655,662.0
7656,697.0
7657,701.0
7658,690.0
7659,667.0
7660,638.0
7661,612.0
7662,592.0
7663,592.0
7664,601.0
7665,617.0
7666,640.0
7667,687.0
7668,752.0
7669,774.0
7670,753.0
7671,716.0
7672,649.0
7673,595.0
7674,562.0
7675,544.0
7676,524.0
7677,524.0
7678,542.0
7679,579.0
7680,611.0
7681,604.0
7682,590.0
7683,564.0
7684,526.0
7685,498.0
7686,479.0
7687,475.0
7688,478.0
7689,487.0
7690,506.0
7691,549.0
7692,626.0
7693,657.0
7694,651.0
7695,612.0
7696,573.0
7697,543.0
7698,525.0
7699,520.0
7700,509.0
7701,514.0
7702,527.0
7703,562.0
7704,589.0
7705,587.0
7706,571.0
7707,543.0
7708,503.0
7709,473.0
7710,463.0
7711,460.0
7712,467.0
7713,476.0
7714,501.0
7715,541.0
7716,610.0
7717,642.0
7718,634.0
7719,594.0
7720,565.0
7721,544.0
7722,541.0
7723,538.0
7724,536.0
7725,538.0
7726,557.0
7727,586.0
7728,611.0
7729,613.0
7730,613.0
7731,597.0
7732,580.0
7733,565.0
7734,549.0
7735,557.0
7736,569.0
7737,579.0
7738,618.0
7739,666.0
7740,737.0
7741,787.0
7742,773.0
7743,729.0
7744,688.0
7745,644.0
7746,509.0
7747,516.0
7748,466.0
7749,456.0
7750,436.0
7751,478.0
7752,516.0
7753,530.0
7754,535.0
7755,521.0
7756,502.0
7757,478.0
7758,636.0
7759,635.0
7760,640.0
7761,644.0
7762,664.0
7763,697.0
7764,736.0
7765,773.0
7766,779.0
7767,742.0
7768,696.0
7769,642.0
7770,617.0
7771,582.0
7772,564.0
7773,566.0
7774,597.0
7775,649.0
7776,669.0
7777,686.0
7778,676.0
7779,675.0
7780,655.0
7781,640.0
7782,633.0
7783,635.0
7784,645.0
7785,650.0
7786,669.0
7787,700.0
7788,731.0
7789,766.0
7790,778.0
7791,738.0
7792,669.0
7793,611.0
7794,573.0
7795,559.0
7796,549.0
7797,545.0
7798,570.0
7799,605.0
7800,628.0
7801,615.0
7802,597.0
7803,570.0
7804,535.0
7805,499.0
7806,475.0
7807,464.0
7808,461.0
7809,465.0
7810,479.0
7811,518.0
7812,564.0
7813,608.0
7814,630.0
7815,641.0
7816,649.0
7817,624.0
7818,595.0
7819,599.0
7820,589.0
7821,594.0
7822,632.0
7823,701.0
7824,738.0
7825,751.0
7826,746.0
7827,728.0
7828,704.0
7829,679.0
7830,658.0
7831,659.0
7832,673.0
7833,686.0
7834,710.0
7835,755.0
7836,831.0
7837,879.0
7838,872.0
7839,821.0
7840,769.0
7841,719.0
7842,688.0
7843,660.0
7844,646.0
7845,656.0
7846,695.0
7847,753.0
7848,796.0
7849,803.0
7850,803.0
7851,792.0
7852,761.0
7853,739.0
7854,720.0
7855,718.0
7856,727.0
7857,736.0
7858,759.0
7859,800.0
7860,852.0
7861,901.0
7862,892.0
7863,820.0
7864,747.0
7865,687.0
7866,642.0
7867,612.0
7868,593.0
7869,585.0
7870,601.0
7871,656.0
7872,684.0
7873,705.0
7874,698.0
7875,692.0
7876,666.0
7877,632.0
7878,599.0
7879,579.0
7880,582.0
7881,585.0
7882,607.0
7883,637.0
7884,679.0
7885,729.0
7886,747.0
7887,727.0
7888,675.0
7889,628.0
7890,581.0
7891,539.0
7892,509.0
7893,500.0
7894,499.0
7895,522.0
7896,529.0
7897,534.0
7898,526.0
7899,519.0
7900,496.0
7901,470.0
7902,445.0
7903,436.0
7904,440.0
7905,446.0
7906,472.0
7907,513.0
7908,564.0
7909,620.0
7910,661.0
7911,669.0
7912,656.0
7913,638.0
7914,613.0
7915,596.0
7916,581.0
7917,591.0
7918,630.0
7919,693.0
7920,728.0
7921,742.0
7922,742.0
7923,726.0
7924,705.0
7925,682.0
7926,662.0
7927,661.0
7928,662.0
7929,671.0
7930,685.0
7931,714.0
7932,751.0
7933,789.0
7934,800.0
7935,759.0
7936,706.0
7937,652.0
7938,605.0
7939,567.0
7940,546.0
7941,538.0
7942,559.0
7943,619.0
7944,648.0
7945,662.0
7946,663.0
7947,656.0
7948,633.0
7949,609.0
7950,590.0
7951,588.0
7952,588.0
7953,594.0
7954,600.0
7955,617.0
7956,650.0
7957,695.0
7958,719.0
7959,705.0
7960,662.0
7961,620.0
7962,591.0
7963,567.0
7964,557.0
7965,556.0
7966,576.0
7967,636.0
7968,664.0
7969,668.0
7970,659.0
7971,643.0
7972,611.0
7973,589.0
7974,571.0
7975,575.0
7976,582.0
7977,599.0
7978,630.0
7979,681.0
7980,765.0
7981,808.0
7982,817.0
7983,785.0
7984,764.0
7985,721.0
7986,688.0
7987,659.0
7988,647.0
7989,649.0
7990,683.0
7991,746.0
7992,800.0
7993,811.0
7994,806.0
7995,785.0
7996,746.0
7997,718.0
7998,692.0
7999,692.0
8000,699.0
8001,710.0
8002,735.0
8003,785.0
8004,849.0
8005,890.0
8006,863.0
8007,792.0
8008,718.0
8009,657.0
8010,611.0
8011,586.0
8012,569.0
8013,566.0
8014,584.0
8015,637.0
8016,672.0
8017,675.0
8018,665.0
8019,644.0
8020,615.0
8021,594.0
8022,583.0
8023,590.0
8024,601.0
8025,619.0
8026,647.0
8027,694.0
8028,774.0
8029,814.0
8030,795.0
8031,742.0
8032,668.0
8033,615.0
8034,587.0
8035,571.0
8036,565.0
8037,562.0
8038,591.0
8039,636.0
8040,658.0
8041,652.0
8042,636.0
8043,620.0
8044,583.0
8045,555.0
8046,508.0
8047,508.0
8048,510.0
8049,509.0
8050,524.0
8051,573.0
8052,639.0
8053,674.0
8054,674.0
8055,634.0
8056,589.0
8057,559.0
8058,540.0
8059,530.0
8060,525.0
8061,524.0
8062,538.0
8063,572.0
8064,600.0
8065,598.0
8066,591.0
8067,570.0
8068,540.0
8069,505.0
8070,478.0
8071,464.0
8072,463.0
8073,464.0
8074,480.0
8075,525.0
8076,595.0
8077,640.0
8078,638.0
8079,612.0
8080,576.0
8081,549.0
8082,532.0
8083,524.0
8084,519.0
8085,523.0
8086,538.0
8087,561.0
8088,572.0
8089,563.0
8090,559.0
8091,542.0
8092,519.0
8093,492.0
8094,466.0
8095,458.0
8096,458.0
8097,463.0
8098,479.0
8099,503.0
8100,536.0
8101,570.0
8102,608.0
8103,597.0
8104,570.0
8105,551.0
8106,524.0
8107,505.0
8108,497.0
8109,505.0
8110,517.0
8111,546.0
8112,560.0
8113,557.0
8114,552.0
8115,543.0
8116,518.0
8117,490.0
8118,463.0
8119,454.0
8120,455.0
8121,458.0
8122,474.0
8123,485.0
8124,519.0
8125,554.0
8126,592.0
8127,592.0
8128,573.0
8129,548.0
8130,538.0
8131,526.0
8132,513.0
8133,517.0
8134,544.0
8135,591.0
8136,612.0
8137,599.0
8138,590.0
8139,563.0
8140,528.0
8141,492.0
8142,459.0
8143,447.0
8144,436.0
8145,439.0
8146,452.0
8147,487.0
8148,543.0
8149,577.0
8150,579.0
8151,573.0
8152,575.0
8153,568.0
8154,560.0
8155,561.0
8156,556.0
8157,560.0
8158,581.0
8159,622.0
8160,634.0
8161,630.0
8162,633.0
8163,618.0
8164,591.0
8165,564.0
8166,547.0
8167,551.0
8168,576.0
8169,593.0
8170,629.0
8171,681.0
8172,766.0
8173,820.0
8174,818.0
8175,765.0
8176,725.0
8177,671.0
8178,635.0
8179,606.0
8180,591.0
8181,597.0
8182,629.0
8183,676.0
8184,702.0
8185,699.0
8186,685.0
8187,658.0
8188,616.0
8189,577.0
8190,540.0
8191,539.0
8192,535.0
8193,535.0
8194,547.0
8195,589.0
8196,666.0
8197,697.0
8198,704.0
8199,704.0
8200,686.0
8201,652.0
8202,617.0
8203,587.0
8204,574.0
8205,587.0
8206,616.0
8207,675.0
8208,720.0
8209,717.0
8210,716.0
8211,700.0
8212,670.0
8213,637.0
8214,623.0
8215,627.0
8216,638.0
8217,653.0
8218,679.0
8219,731.0
8220,799.0
8221,832.0
8222,840.0
8223,805.0
8224,765.0
8225,732.0
8226,701.0
8227,695.0
8228,673.0
8229,647.0
8230,665.0
8231,729.0
8232,759.0
8233,755.0
8234,751.0
8235,719.0
8236,680.0
8237,643.0
8238,618.0
8239,611.0
8240,600.0
8241,590.0
8242,593.0
8243,629.0
8244,694.0
8245,718.0
8246,719.0
8247,703.0
8248,660.0
8249,629.0
8250,605.0
8251,573.0
8252,554.0
8253,542.0
8254,559.0
8255,584.0
8256,603.0
8257,588.0
8258,581.0
8259,560.0
8260,525.0
8261,490.0
8262,448.0
8263,436.0
8264,425.0
8265,418.0
8266,423.0
8267,434.0
8268,452.0
8269,481.0
8270,507.0
8271,528.0
8272,532.0
8273,528.0
8274,520.0
8275,530.0
8276,532.0
8277,529.0
8278,547.0
8279,571.0
8280,577.0
8281,565.0
8282,566.0
8283,560.0
8284,544.0
8285,527.0
8286,512.0
8287,518.0
8288,528.0
8289,541.0
8290,563.0
8291,598.0
8292,637.0
8293,692.0
8294,730.0
8295,714.0
8296,670.0
8297,635.0
8298,603.0
8299,579.0
8300,558.0
8301,559.0
8302,587.0
8303,650.0
8304,697.0
8305,708.0
8306,717.0
8307,705.0
8308,685.0
8309,647.0
8310,646.0
8311,641.0
8312,656.0
8313,670.0
8314,706.0
8315,753.0
8316,832.0
8317,874.0
8318,877.0
8319,817.0
8320,748.0
8321,685.0
8322,635.0
8323,600.0
8324,579.0
8325,579.0
8326,603.0
8327,660.0
8328,705.0
8329,714.0
8330,718.0
8331,705.0
8332,676.0
8333,656.0
8334,638.0
8335,645.0
8336,660.0
8337,675.0
8338,703.0
8339,759.0
8340,836.0
8341,878.0
8342,875.0
8343,807.0
8344,728.0
8345,663.0
8346,614.0
8347,580.0
8348,563.0
8349,558.0
8350,582.0
8351,627.0
8352,664.0
8353,674.0
8354,678.0
8355,661.0
8356,631.0
8357,602.0
8358,578.0
8359,577.0
8360,586.0
8361,603.0
8362,625.0
8363,681.0
8364,756.0
8365,796.0
8366,795.0
8367,742.0
8368,682.0
8369,632.0
8370,598.0
8371,572.0
8372,554.0
8373,560.0
8374,582.0
8375,638.0
8376,676.0
8377,677.0
8378,681.0
8379,662.0
8380,630.0
8381,590.0
8382,553.0
8383,560.0
8384,550.0
8385,552.0
8386,570.0
8387,605.0
8388,670.0
8389,710.0
8390,712.0
8391,671.0
8392,625.0
8393,585.0
8394,557.0
8395,539.0
8396,530.0
8397,534.0
8398,549.0
8399,583.0
8400,615.0
8401,610.0
8402,604.0
8403,589.0
8404,551.0
8405,510.0
8406,473.0
8407,467.0
8408,464.0
8409,468.0
8410,482.0
8411,512.0
8412,575.0
8413,605.0
8414,618.0
8415,604.0
8416,583.0
8417,560.0
8418,539.0
8419,531.0
8420,523.0
8421,526.0
8422,540.0
8423,562.0
8424,582.0
8425,566.0
8426,564.0
8427,548.0
8428,522.0
8429,490.0
8430,457.0
8431,443.0
8432,445.0
8433,446.0
8434,452.0
8435,472.0
8436,496.0
8437,532.0
8438,561.0
8439,585.0
8440,591.0
8441,597.0
8442,585.0
8443,565.0
8444,559.0
8445,552.0
8446,552.0
8447,581.0
8448,591.0
8449,575.0
8450,573.0
8451,550.0
8452,519.0
8453,482.0
8454,443.0
8455,431.0
8456,418.0
8457,418.0
8458,422.0
8459,445.0
8460,483.0
8461,530.0
8462,578.0
8463,608.0
8464,617.0
8465,599.0
8466,597.0
8467,584.0
8468,585.0
8469,595.0
8470,627.0
8471,678.0
8472,697.0
8473,709.0
8474,721.0
8475,710.0
8476,688.0
8477,667.0
8478,653.0
8479,661.0
8480,672.0
8481,692.0
8482,714.0
8483,772.0
8484,831.0
8485,882.0
8486,890.0
8487,840.0
8488,777.0
8489,715.0
8490,677.0
8491,638.0
8492,624.0
8493,635.0
8494,668.0
8495,721.0
8496,765.0
8497,771.0
8498,767.0
8499,746.0
8500,712.0
8501,680.0
8502,660.0
8503,654.0
8504,660.0
8505,666.0
8506,678.0
8507,708.0
8508,753.0
8509,787.0
8510,801.0
8511,800.0
8512,780.0
8513,737.0
8514,709.0
8515,682.0
8516,666.0
8517,670.0
8518,691.0
8519,721.0
8520,740.0
8521,738.0
8522,729.0
8523,698.0
8524,663.0
8525,625.0
8526,593.0
8527,581.0
8528,584.0
8529,594.0
8530,618.0
8531,661.0
8532,714.0
8533,762.0
8534,772.0
8535,759.0
8536,720.0
8537,684.0
8538,655.0
8539,633.0
8540,623.0
8541,630.0
8542,660.0
8543,719.0
8544,762.0
8545,767.0
8546,770.0
8547,755.0
8548,727.0
8549,704.0
8550,675.0
8551,677.0
8552,680.0
8553,695.0
8554,716.0
8555,704.0
8556,543.0
8557,519.0
8558,562.0
8559,631.0
8560,745.0
8561,686.0
8562,632.0
8563,589.0
8564,565.0
8565,554.0
8566,577.0
8567,627.0
8568,663.0
8569,672.0
8570,676.0
8571,664.0
8572,650.0
8573,624.0
8574,587.0
8575,590.0
8576,588.0
8577,596.0
8578,613.0
8579,638.0
8580,671.0
8581,706.0
8582,732.0
8583,710.0
8584,677.0
8585,635.0
8586,601.0
8587,575.0
8588,540.0
8589,525.0
8590,539.0
8591,564.0
8592,586.0
8593,579.0
8594,579.0
8595,570.0
8596,548.0
8597,524.0
8598,496.0
8599,485.0
8600,483.0
8601,479.0
8602,482.0
8603,491.0
8604,517.0
8605,551.0
8606,582.0
8607,561.0
8608,530.0
8609,506.0
8610,483.0
8611,462.0
8612,455.0
8613,454.0
8614,460.0
8615,484.0
8616,488.0
8617,480.0
8618,471.0
8619,463.0
8620,444.0
8621,414.0
8622,389.0
8623,376.0
8624,373.0
8625,372.0
8626,376.0
8627,396.0
8628,416.0
8629,447.0
8630,484.0
8631,492.0
8632,492.0
8633,483.0
8634,477.0
8635,468.0
8636,460.0
8637,469.0
8638,482.0
8639,515.0
8640,538.0
8641,535.0
8642,530.0
8643,514.0
8644,488.0
8645,467.0
8646,430.0
8647,433.0
8648,436.0
8649,441.0
8650,462.0
8651,499.0
8652,544.0
8653,582.0
8654,611.0
8655,591.0
8656,567.0
8657,541.0
8658,523.0
8659,514.0
8660,501.0
8661,506.0
8662,515.0
8663,547.0
8664,573.0
8665,570.0
8666,554.0
8667,527.0
8668,491.0
8669,452.0
8670,421.0
8671,408.0
8672,405.0
8673,402.0
8674,418.0
8675,444.0
8676,486.0
8677,535.0
8678,557.0
8679,556.0
8680,545.0
8681,537.0
8682,528.0
8683,518.0
8684,518.0
8685,519.0
8686,526.0
8687,561.0
8688,578.0
8689,566.0
8690,554.0
8691,531.0
8692,492.0
8693,454.0
8694,407.0
8695,400.0
8696,384.0
8697,388.0
8698,396.0
8699,409.0
8700,450.0
8701,489.0
8702,518.0
8703,538.0
8704,536.0
8705,541.0
8706,533.0
8707,527.0
8708,524.0
8709,521.0
8710,527.0
8711,560.0
8712,577.0
8713,565.0
8714,551.0
8715,530.0
8716,488.0
8717,456.0
8718,420.0
8719,406.0
8720,398.0
8721,397.0
8722,401.0
8723,427.0
8724,467.0
8725,507.0
8726,537.0
8727,560.0
8728,569.0
8729,562.0
8730,553.0
8731,537.0
8732,524.0
8733,521.0
8734,529.0
8735,559.0
8736,583.0
8737,575.0
8738,561.0
8739,537.0
8740,505.0
8741,471.0
8742,444.0
8743,428.0
8744,427.0
8745,429.0
8746,433.0
8747,458.0
8748,488.0
8749,525.0
8750,561.0
8751,566.0
8752,572.0
8753,564.0
8754,564.0
8755,548.0
8756,532.0
8757,538.0
8758,547.0
8759,580.0
