,name,typ,M2S_node,Assumed BA,Gen_MWh,weights
0,PP_2712_1,coal,n_1514,CPLE,410.8,0.0896669140437421
1,PP_2712_2,coal,n_1514,CPLE,657.0,0.1434059457807657
2,PP_2712_3,coal,n_1514,CPLE,745.2,0.16265770288558085
3,PP_2712_4,coal,n_1514,CPLE,745.2,0.16265770288558085
4,PP_2718_1,coal,n_28502,DUK,163.2,0.024712669786035524
5,PP_2718_5,coal,n_28502,DUK,272.0,0.04118778297672587
6,PP_2721_5,coal,n_30898,DUK,621.0,0.09403534275201018
7,PP_2721_6,coal,n_30898,DUK,909.5,0.13772164932842715
8,PP_2727_1,coal,n_6669,DUK,348.5,0.05277184693893003
9,PP_2727_2,coal,n_6669,DUK,348.5,0.05277184693893003
10,PP_2727_3,coal,n_6669,DUK,711.0,0.10766365329577977
11,PP_2727_4,coal,n_6669,DUK,711.0,0.10766365329577977
12,PP_54276_TG3,coal,n_4169,DUK,28.0,0.0042399188358394286
13,PP_6249_1,coal,n_9898,CPLE,315.0,0.06875627537433973
14,PP_6249_2,coal,n_9898,CPLE,315.0,0.06875627537433973
15,PP_6249_3,coal,n_9898,CPLE,315.0,0.06875627537433973
16,PP_6249_4,coal,n_9898,CPLE,315.0,0.06875627537433973
17,PP_6250_1,coal,n_1834,CPLE,763.2,0.1665866329069717
18,PP_8042_1,coal,n_6682,DUK,1245.6,0.18861581792577115
19,PP_8042_2,coal,n_6682,DUK,1245.6,0.18861581792577115
20,PP_1016_all,ngcc,n_7619,CPLE,230.4,0.08030112923462987
21,PP_1016_9,ngcc,n_7619,CPLE,73.0,0.025442632092569358
22,PP_10795_GEN3,ngct,n_31014,CPLE,19.0,0.0073589217243115535
23,PP_2706_CT5,ngcc,n_28665,CPLE,191.2,0.06663878433012686
24,PP_2706_CT7,ngcc,n_28665,CPLE,191.2,0.06663878433012686
25,PP_2706_GT1,ngct,n_28665,CPLE,211.7,0.08199388047561872
26,PP_2706_GT2,ngct,n_28665,CPLE,211.8,0.08203261164258879
27,PP_2706_ST6,ngcc,n_28665,CPLE,102.8,0.035828802453645614
28,PP_2706_ST8,ngcc,n_28665,CPLE,102.8,0.035828802453645614
29,PP_2709_1,ngct,n_6661,DUK,195.2,0.0286300968025814
30,PP_2709_1A,ngcc,n_6661,DUK,221.0,0.04359490274983233
31,PP_2709_1B,ngcc,n_6661,DUK,221.0,0.04359490274983233
32,PP_2709_1C,ngcc,n_6661,DUK,221.0,0.04359490274983233
33,PP_2709_2,ngct,n_6661,DUK,195.2,0.0286300968025814
34,PP_2709_3,ngct,n_6661,DUK,195.2,0.0286300968025814
35,PP_2709_4,ngct,n_6661,DUK,195.2,0.0286300968025814
36,PP_2709_5,ngct,n_6661,DUK,198.9,0.029172777940745086
37,PP_2709_ST1,ngcc,n_6661,DUK,405.0,0.07989111137412712
38,PP_2713_CA1,ngcc,n_28666,CPLE,288.0,0.10037641154328733
39,PP_2713_CT004,ngct,n_28666,CPLE,60.5,0.02343235601688679
40,PP_2713_CT005,ngct,n_28666,CPLE,60.5,0.02343235601688679
41,PP_2713_CT1,ngcc,n_28666,CPLE,221.0,0.07702495469120313
42,PP_2713_CT2,ngcc,n_28666,CPLE,221.0,0.07702495469120313
43,PP_2720_CT11,ngcc,n_31267,DUK,185.3,0.036552649228705575
44,PP_2720_CT12,ngcc,n_31267,DUK,185.3,0.036552649228705575
45,PP_2720_ST10,ngcc,n_31267,DUK,327.3,0.06456385371049829
46,PP_2723_CT8,ngcc,n_7014,DUK,185.3,0.036552649228705575
47,PP_2723_CT9,ngcc,n_7014,DUK,185.3,0.036552649228705575
48,PP_2723_ST7,ngcc,n_7014,DUK,327.3,0.06456385371049829
49,PP_3250_12,ngct,n_6707,CPLE,158.0,0.061195243812696073
50,PP_3250_13,ngct,n_6707,CPLE,158.0,0.061195243812696073
51,PP_3264_3,ngct,n_10239,DUK,163.2,0.023936638310354943
52,PP_3264_7,ngct,n_10239,DUK,54.0,0.00792021120563215
53,PP_3264_8,ngct,n_10239,DUK,54.0,0.00792021120563215
54,PP_3264_CT11,ngcc,n_10239,DUK,242.3,0.04779658342210124
55,PP_3264_CT12,ngcc,n_10239,DUK,242.3,0.04779658342210124
56,PP_3264_ST10,ngcc,n_10239,DUK,362.1,0.07142857142857144
57,PP_3291_GT2,ngct,n_9961,DUK,19.6,0.0028747433264887066
58,PP_3291_GT3,ngct,n_9961,DUK,22.3,0.003270753886770314
59,PP_3291_GT4,ngct,n_9961,DUK,22.3,0.003270753886770314
60,PP_55043_GT1,ngcc,n_4521,DUK,60.0,0.01183572020357439
61,PP_55043_ST1,ngcc,n_4521,DUK,41.2,0.008127194539787747
62,PP_55166_CT01,ngct,n_4521,DUK,197.0,0.02889410384276914
63,PP_55166_CT02,ngct,n_4521,DUK,197.0,0.02889410384276914
64,PP_55166_CT03,ngct,n_4521,DUK,197.0,0.02889410384276914
65,PP_55166_CT04,ngct,n_4521,DUK,197.0,0.02889410384276914
66,PP_55166_CT05,ngct,n_4521,DUK,197.0,0.02889410384276914
67,PP_56249_1,ngct,n_29024,CPLE,57.3,0.02219295867384484
68,PP_56249_2,ngct,n_29024,CPLE,57.3,0.02219295867384484
69,PP_56249_3,ngct,n_29024,CPLE,57.3,0.02219295867384484
70,PP_56249_4,ngct,n_29024,CPLE,57.3,0.02219295867384484
71,PP_56249_5,ngct,n_29024,CPLE,57.3,0.02219295867384484
72,PP_56249_6,ngct,n_29024,CPLE,57.3,0.02219295867384484
73,PP_56292_ES1,ngct,n_28663,CPLE,57.3,0.02219295867384484
74,PP_56292_ES2,ngct,n_28663,CPLE,57.3,0.02219295867384484
75,PP_56292_ES3,ngct,n_28663,CPLE,57.3,0.02219295867384484
76,PP_56292_ES4,ngct,n_28663,CPLE,57.3,0.02219295867384484
77,PP_56292_ES5,ngct,n_28663,CPLE,57.3,0.02219295867384484
78,PP_56292_ES6,ngct,n_28663,CPLE,57.3,0.02219295867384484
79,PP_57029_1,ngct,n_29803,DUK,184.0,0.026987386330302142
80,PP_57029_2,ngct,n_29803,DUK,184.0,0.026987386330302142
81,PP_57029_3,ngct,n_29803,DUK,184.0,0.026987386330302142
82,PP_57029_4,ngct,n_29803,DUK,184.0,0.026987386330302142
83,PP_57505_1,ngct,n_15782,DUK,15.0,0.0022000586682311527
84,PP_57505_2,ngct,n_15782,DUK,15.0,0.0022000586682311527
85,PP_58400_GT01,ngct,n_229,DUK,5.5,0.0008066881783514227
86,PP_59325_KMEC1,ngcc,n_29803,DUK,310.2,0.06119067345247958
87,PP_59325_KMEC2,ngcc,n_29803,DUK,233.7,0.046100130192922244
88,PP_61675_CTG1,ngct,n_12439,CPLE,5.6,0.002168945350323405
89,PP_61675_STG,ngct,n_12439,CPLE,1.0,0.00038731166970060806
90,PP_61676_CTG1,ngct,n_12439,CPLE,5.6,0.002168945350323405
91,PP_61676_CTG2,ngct,n_12439,CPLE,5.6,0.002168945350323405
92,PP_63063_GT01,ngct,n_229,DUK,13.4,0.00196538574361983
93,PP_7277_1,ngct,n_4099,DUK,109.6,0.016075095335875624
94,PP_7277_10,ngct,n_4099,DUK,109.6,0.016075095335875624
95,PP_7277_11,ngct,n_4099,DUK,109.6,0.016075095335875624
96,PP_7277_12,ngct,n_4099,DUK,109.6,0.016075095335875624
97,PP_7277_13,ngct,n_4099,DUK,109.6,0.016075095335875624
98,PP_7277_14,ngct,n_4099,DUK,109.6,0.016075095335875624
99,PP_7277_15,ngct,n_4099,DUK,109.6,0.016075095335875624
100,PP_7277_16,ngct,n_4099,DUK,109.6,0.016075095335875624
101,PP_7277_2,ngct,n_4099,DUK,109.6,0.016075095335875624
102,PP_7277_3,ngct,n_4099,DUK,109.6,0.016075095335875624
103,PP_7277_4,ngct,n_4099,DUK,109.6,0.016075095335875624
104,PP_7277_5,ngct,n_4099,DUK,109.6,0.016075095335875624
105,PP_7277_6,ngct,n_4099,DUK,109.6,0.016075095335875624
106,PP_7277_7,ngct,n_4099,DUK,109.6,0.016075095335875624
107,PP_7277_8,ngct,n_4099,DUK,109.6,0.016075095335875624
108,PP_7277_9,ngct,n_4099,DUK,109.6,0.016075095335875624
109,PP_7805_001,ngct,n_28663,CPLE,199.4,0.07722994693830125
110,PP_7805_002,ngct,n_28663,CPLE,199.4,0.07722994693830125
111,PP_7805_003,ngct,n_28663,CPLE,199.4,0.07722994693830125
112,PP_7805_004,ngct,n_28663,CPLE,199.4,0.07722994693830125
113,PP_7805_10,ngcc,n_28663,CPLE,191.2,0.06663878433012686
114,PP_7805_6,ngct,n_28663,CPLE,199.4,0.07722994693830125
115,PP_7805_7,ngcc,n_28663,CPLE,199.4,0.06949672382545657
116,PP_7805_8,ngcc,n_28663,CPLE,199.4,0.06949672382545657
117,PP_7805_9,ngcc,n_28663,CPLE,191.2,0.06663878433012686
118,PP_7805_ST4,ngcc,n_28663,CPLE,195.5,0.06813745991914123
119,PP_7805_ST5,ngcc,n_28663,CPLE,271.1,0.09448626794925416
120,PP_7826_001,ngct,n_4473,DUK,199.4,0.029246113229686125
121,PP_7826_002,ngct,n_4473,DUK,199.4,0.029246113229686125
122,PP_7826_003,ngct,n_4473,DUK,199.4,0.029246113229686125
123,PP_7826_4,ngcc,n_4473,DUK,199.4,0.03933404347654555
124,PP_7826_5,ngcc,n_4473,DUK,199.4,0.03933404347654555
125,PP_7826_STG,ngcc,n_4473,DUK,195.0,0.03846609066161676
126,PP_7834_CT1A,ngcc,n_8337,DUK,165.0,0.03254823055982957
127,PP_7834_CT1B,ngcc,n_8337,DUK,165.0,0.03254823055982957
128,PP_7834_CT2A,ngct,n_8337,DUK,165.0,0.02420064535054268
129,PP_7834_CT2B,ngct,n_8337,DUK,165.0,0.02420064535054268
130,PP_7834_CT3A,ngct,n_8337,DUK,84.0,0.012320328542094456
131,PP_7834_CT3B,ngct,n_8337,DUK,84.0,0.012320328542094456
132,PP_7834_CT4A,ngct,n_8337,DUK,84.0,0.012320328542094456
133,PP_7834_ST1S,ngcc,n_8337,DUK,190.0,0.03747978064465223
134,PP_7981_1,ngct,n_4477,DUK,99.9,0.014652390730419478
135,PP_7981_2,ngct,n_4477,DUK,99.9,0.014652390730419478
136,PP_7981_3,ngct,n_4477,DUK,99.9,0.014652390730419478
137,PP_7981_4,ngct,n_4477,DUK,99.9,0.014652390730419478
138,PP_7981_5,ngct,n_4477,DUK,99.9,0.014652390730419478
139,PP_7981_6,ngct,n_4477,DUK,99.9,0.014652390730419478
140,PP_7981_7,ngct,n_4477,DUK,99.9,0.014652390730419478
141,PP_7981_8,ngct,n_4477,DUK,99.9,0.014652390730419478
142,PP_10051_GEN1,hydro,n_30069,CPLE,0.6,0.0018450184501845018
143,PP_10051_GEN2,hydro,n_30069,CPLE,0.6,0.0018450184501845018
144,PP_10173_T-1,hydro,n_4521,DUK,4.3,0.0008207986561808046
145,PP_10181_GEN2,hydro,n_28601,CPLE,0.8,0.0024600246002460025
146,PP_10181_GEN3,hydro,n_28601,CPLE,0.8,0.0024600246002460025
147,PP_10258_1,hydro,n_1851,DUK,1.0,0.00019088340841414062
148,PP_10258_2,hydro,n_1851,DUK,0.5,9.544170420707031e-05
149,PP_10550_GEN1,hydro,n_4517,DUK,1.8,0.00034359013514545316
150,PP_10787_GEN1,hydro,n_14003,DUK,1.0,0.00019088340841414062
151,PP_10799_GEN1,hydro,n_10239,DUK,2.0,0.00038176681682828125
152,PP_10800_GEN1,hydro,n_10239,DUK,3.3,0.000629915247766664
153,PP_10801_GEN1,hydro,n_28842,DUK,3.0,0.0005726502252424219
154,PP_10801_GEN2,hydro,n_28842,DUK,3.2,0.00061082690692525
155,PP_2707_1,hydro,n_30525,CPLE,3.2,0.00984009840098401
156,PP_2707_2,hydro,n_30525,CPLE,3.2,0.00984009840098401
157,PP_2707_3,hydro,n_30525,CPLE,3.2,0.00984009840098401
158,PP_2707_4,hydro,n_30525,CPLE,5.0,0.015375153751537515
159,PP_2707_5,hydro,n_30525,CPLE,5.0,0.015375153751537515
160,PP_2707_6,hydro,n_30525,CPLE,5.0,0.015375153751537515
161,PP_2707_GT1,oil,n_30525,CPLE,17.5,0.03278995690462806
162,PP_2707_GT2,oil,n_30525,CPLE,17.5,0.03278995690462806
163,PP_2707_GT3,oil,n_30525,CPLE,17.5,0.03278995690462806
164,PP_2707_GT4,oil,n_30525,CPLE,17.5,0.03278995690462806
165,PP_2710_HC1,hydro,n_28601,CPLE,2.5,0.007687576875768758
166,PP_2710_HC2,hydro,n_28601,CPLE,2.5,0.007687576875768758
167,PP_2714_1,hydro,n_15691,CPLE,22.0,0.06765067650676507
168,PP_2714_2,hydro,n_15691,CPLE,18.0,0.055350553505535055
169,PP_2714_3,hydro,n_15691,CPLE,22.0,0.06765067650676507
170,PP_2714_4,hydro,n_15691,CPLE,22.0,0.06765067650676507
171,PP_2715_1,hydro,n_6024,CPLE,36.0,0.11070110701107011
172,PP_2715_2,hydro,n_6024,CPLE,36.0,0.11070110701107011
173,PP_2715_3,hydro,n_6024,CPLE,36.0,0.11070110701107011
174,PP_2719_1,hydro,n_16289,DUK,13.0,0.0024814843093838284
175,PP_2719_2,hydro,n_16289,DUK,13.0,0.0024814843093838284
176,PP_2719_3,hydro,n_16289,DUK,1.7,0.0003245017943040391
177,PP_2722_1,hydro,n_6646,DUK,87.5,0.016702298236237305
178,PP_2722_2,hydro,n_6646,DUK,87.5,0.016702298236237305
179,PP_2722_3,hydro,n_6646,DUK,87.5,0.016702298236237305
180,PP_2722_4,hydro,n_6646,DUK,87.5,0.016702298236237305
181,PP_2726_1,hydro,n_29021,DUK,8.6,0.0016415973123616093
182,PP_2726_2,hydro,n_29021,DUK,8.6,0.0016415973123616093
183,PP_2726_3,hydro,n_29021,DUK,8.6,0.0016415973123616093
184,PP_2728_1,hydro,n_30415,DUK,15.0,0.0028632511262121096
185,PP_2728_2,hydro,n_30415,DUK,15.0,0.0028632511262121096
186,PP_2728_3,hydro,n_30415,DUK,15.0,0.0028632511262121096
187,PP_2728_4,hydro,n_30415,DUK,15.0,0.0028632511262121096
188,PP_2729_1,hydro,n_15622,DUK,18.0,0.0034359013514545316
189,PP_2729_2,hydro,n_15622,DUK,18.0,0.0034359013514545316
190,PP_2730_1,hydro,n_14194,DUK,8.5,0.0016225089715201954
191,PP_2730_2,hydro,n_14194,DUK,8.5,0.0016225089715201954
192,PP_2730_3,hydro,n_14194,DUK,8.5,0.0016225089715201954
193,PP_2735_1,hydro,n_11731,DUK,2.7,0.0005153852027181797
194,PP_2735_2,hydro,n_11731,DUK,2.7,0.0005153852027181797
195,PP_2736_1,hydro,n_11731,DUK,2.5,0.0004772085210353516
196,PP_2736_2,hydro,n_11731,DUK,2.5,0.0004772085210353516
197,PP_2741_1,hydro,n_6024,DUK,9.0,0.0017179506757272658
198,PP_2743_1,hydro,n_6024,DUK,6.4,0.0012216538138505
199,PP_2745_1,hydro,n_13721,DUK,0.5,9.544170420707031e-05
200,PP_2745_2,hydro,n_13721,DUK,0.5,9.544170420707031e-05
201,PP_2746_1,hydro,n_8341,DUK,0.6,0.00011453004504848438
202,PP_2746_2,hydro,n_8341,DUK,0.6,0.00011453004504848438
203,PP_2746_3,hydro,n_8341,DUK,0.6,0.00011453004504848438
204,PP_2747_1,hydro,n_13721,DUK,43.2,0.008246163243490876
205,PP_2749_1,hydro,n_6024,DUK,10.8,0.002061540810872719
206,PP_2750_1,hydro,n_7798,DUK,21.6,0.004123081621745438
207,PP_2751_1,hydro,n_7798,DUK,3.0,0.0005726502252424219
208,PP_2758_1,hydro,n_2416,CPLE,25.0,0.07687576875768758
209,PP_2758_2,hydro,n_2416,CPLE,25.0,0.07687576875768758
210,PP_2758_3,hydro,n_2416,CPLE,25.0,0.07687576875768758
211,PP_2758_4,hydro,n_2416,CPLE,25.0,0.07687576875768758
212,PP_2773_1,hydro,n_15662,DUK,1.2,0.00022906009009696876
213,PP_2773_2,hydro,n_15662,DUK,2.4,0.00045812018019393753
214,PP_2778_1,hydro,n_8341,DUK,13.2,0.002519660991066656
215,PP_2779_1,hydro,n_7798,DUK,81.0,0.015461556081545392
216,PP_2779_2,hydro,n_7798,DUK,92.7,0.017694891959990838
217,PP_2779_3,hydro,n_7798,DUK,81.0,0.015461556081545392
218,PP_2780_1,hydro,n_8341,DUK,70.6,0.013476368634038328
219,PP_2780_2,hydro,n_8341,DUK,95.0,0.018133923799343362
220,PP_3253_1,hydro,n_28842,DUK,0.7,0.00013361838588989844
221,PP_3253_2,hydro,n_28842,DUK,0.7,0.00013361838588989844
222,PP_3254_HC1,hydro,n_30976,DUK,5.0,0.0009544170420707032
223,PP_3254_HC2,hydro,n_30976,DUK,5.0,0.0009544170420707032
224,PP_3254_HC3,hydro,n_30976,DUK,5.0,0.0009544170420707032
225,PP_3255_1,hydro,n_18271,DUK,15.0,0.0028632511262121096
226,PP_3255_2,hydro,n_18271,DUK,15.0,0.0028632511262121096
227,PP_3255_3,hydro,n_18271,DUK,15.0,0.0028632511262121096
228,PP_3256_1,hydro,n_28332,DUK,15.0,0.0028632511262121096
229,PP_3256_2,hydro,n_28332,DUK,15.0,0.0028632511262121096
230,PP_3256_3,hydro,n_28332,DUK,15.0,0.0028632511262121096
231,PP_3257_1,hydro,n_28332,DUK,9.3,0.001775215698251508
232,PP_3257_2,hydro,n_28332,DUK,8.8,0.0016797739940444378
233,PP_3257_3,hydro,n_28332,DUK,8.8,0.0016797739940444378
234,PP_3257_4,hydro,n_28332,DUK,9.4,0.001794304039092922
235,PP_3257_5,hydro,n_28332,DUK,6.0,0.0011453004504848438
236,PP_3258_3,hydro,n_4521,DUK,1.4,0.0002672367717797969
237,PP_3258_4,hydro,n_4521,DUK,1.4,0.0002672367717797969
238,PP_3258_5,hydro,n_4521,DUK,1.4,0.0002672367717797969
239,PP_3258_6,hydro,n_4521,DUK,2.5,0.0004772085210353516
240,PP_3259_1,hydro,n_28332,DUK,3.0,0.0005726502252424219
241,PP_3259_2,hydro,n_28332,DUK,3.0,0.0005726502252424219
242,PP_3259_5,hydro,n_28332,DUK,3.0,0.0005726502252424219
243,PP_3259_6,hydro,n_28332,DUK,3.0,0.0005726502252424219
244,PP_3261_1,hydro,n_10239,DUK,1.0,0.00019088340841414062
245,PP_3261_2,hydro,n_10239,DUK,1.0,0.00019088340841414062
246,PP_3261_3,hydro,n_10239,DUK,1.0,0.00019088340841414062
247,PP_3261_4,hydro,n_10239,DUK,1.0,0.00019088340841414062
248,PP_3262_1,hydro,n_275,DUK,193.5,0.036935939528136216
249,PP_3262_2,hydro,n_275,DUK,193.5,0.036935939528136216
250,PP_3262_3,hydro,n_275,DUK,193.5,0.036935939528136216
251,PP_3262_4,hydro,n_275,DUK,193.5,0.036935939528136216
252,PP_3267_1,hydro,n_28107,DUK,0.6,0.00011453004504848438
253,PP_3267_2,hydro,n_28107,DUK,0.6,0.00011453004504848438
254,PP_3267_3,hydro,n_28107,DUK,0.6,0.00011453004504848438
255,PP_3267_4,hydro,n_28107,DUK,0.6,0.00011453004504848438
256,PP_3270_1,hydro,n_17955,DUK,18.1,0.0034549896922959457
257,PP_3270_2,hydro,n_17955,DUK,18.1,0.0034549896922959457
258,PP_3270_3,hydro,n_17955,DUK,18.1,0.0034549896922959457
259,PP_3270_4,hydro,n_17955,DUK,18.1,0.0034549896922959457
260,PP_3270_5,hydro,n_17955,DUK,18.1,0.0034549896922959457
261,PP_3271_1,hydro,n_28108,DUK,15.0,0.0028632511262121096
262,PP_3271_2,hydro,n_28108,DUK,15.0,0.0028632511262121096
263,PP_3271_3,hydro,n_28108,DUK,15.0,0.0028632511262121096
264,PP_3271_4,hydro,n_28108,DUK,15.0,0.0028632511262121096
265,PP_3272_1,hydro,n_18262,DUK,3.0,0.0005726502252424219
266,PP_3272_2,hydro,n_18262,DUK,3.0,0.0005726502252424219
267,PP_3272_3,hydro,n_18262,DUK,3.0,0.0005726502252424219
268,PP_3272_4,hydro,n_18262,DUK,3.0,0.0005726502252424219
269,PP_3275_2,hydro,n_18262,DUK,4.2,0.0008017103153393907
270,PP_3275_HY1,hydro,n_18262,DUK,4.2,0.0008017103153393907
271,PP_3275_HY3,hydro,n_18262,DUK,4.2,0.0008017103153393907
272,PP_3275_HY4,hydro,n_18262,DUK,4.2,0.0008017103153393907
273,PP_3275_HY5,hydro,n_18262,DUK,1.2,0.00022906009009696876
274,PP_3289_1,hydro,n_18302,DUK,1.1,0.00020997174925555472
275,PP_3289_2,hydro,n_18302,DUK,1.1,0.00020997174925555472
276,PP_3289_3,hydro,n_18302,DUK,1.1,0.00020997174925555472
277,PP_3289_4,hydro,n_18302,DUK,1.1,0.00020997174925555472
278,PP_3290_1,hydro,n_9961,DUK,2.5,0.0004772085210353516
279,PP_3290_2,hydro,n_9961,DUK,2.5,0.0004772085210353516
280,PP_3290_4,hydro,n_9961,DUK,2.5,0.0004772085210353516
281,PP_3290_5,hydro,n_9961,DUK,2.5,0.0004772085210353516
282,PP_3290_6,hydro,n_9961,DUK,2.5,0.0004772085210353516
283,PP_3323_1,hydro,n_9984,DUK,51.7,0.009868672215011072
284,PP_3323_2,hydro,n_9984,DUK,51.7,0.009868672215011072
285,PP_3323_3,hydro,n_9984,DUK,51.7,0.009868672215011072
286,PP_3323_4,hydro,n_9984,DUK,51.7,0.009868672215011072
287,PP_3323_5,hydro,n_9984,DUK,51.7,0.009868672215011072
288,PP_3323_6,hydro,n_9984,DUK,51.7,0.009868672215011072
289,PP_3323_7,hydro,n_9984,DUK,51.7,0.009868672215011072
290,PP_50890_GEN1,hydro,n_28601,CPLE,0.2,0.0006150061500615006
291,PP_50890_GEN2,hydro,n_28601,CPLE,0.2,0.0006150061500615006
292,PP_50890_GEN3,hydro,n_28601,CPLE,0.2,0.0006150061500615006
293,PP_50890_GEN4,hydro,n_28601,CPLE,0.2,0.0006150061500615006
294,PP_52049_1H,hydro,n_4536,DUK,0.7,0.00013361838588989844
295,PP_52049_2V,hydro,n_4536,DUK,0.5,9.544170420707031e-05
296,PP_54675_DI2,oil,n_4536,DUK,2.0,0.01486988847583643
297,PP_54801_GEN1,hydro,n_7011,DUK,0.8,0.0001527067267313125
298,PP_54801_GEN2,hydro,n_7011,DUK,0.3,5.726502252424219e-05
299,PP_54801_GEN3,hydro,n_7011,DUK,0.1,1.9088340841414064e-05
300,PP_54894_YN1,hydro,n_15692,DUK,24.7,0.004714820187829274
301,PP_54894_YN2,hydro,n_15692,DUK,24.7,0.004714820187829274
302,PP_54894_YN3,hydro,n_15692,DUK,29.0,0.005535618844010079
303,PP_54894_YN4,hydro,n_15692,DUK,30.4,0.005802855615789875
304,PP_54895_YF1,hydro,n_15692,DUK,9.0,0.0017179506757272658
305,PP_54895_YF2,hydro,n_15692,DUK,11.2,0.002137894174238375
306,PP_54895_YF3,hydro,n_15692,DUK,11.2,0.002137894174238375
307,PP_54896_HR1,hydro,n_15641,DUK,11.0,0.002099717492555547
308,PP_54896_HR2,hydro,n_15641,DUK,11.0,0.002099717492555547
309,PP_54896_HR3,hydro,n_15641,DUK,11.0,0.002099717492555547
310,PP_54897_TT1,hydro,n_15692,DUK,14.0,0.0026723677177979688
311,PP_54897_TT2,hydro,n_15692,DUK,14.0,0.0026723677177979688
312,PP_54897_TT3,hydro,n_15692,DUK,14.0,0.0026723677177979688
313,PP_54898_1,hydro,n_7798,DUK,22.5,0.004294876689318165
314,PP_54898_2,hydro,n_7798,DUK,22.5,0.004294876689318165
315,PP_54899_1A,hydro,n_7798,DUK,27.5,0.005249293731388867
316,PP_54899_2A,hydro,n_7798,DUK,27.5,0.005249293731388867
317,PP_54899_3A,hydro,n_7798,DUK,27.5,0.005249293731388867
318,PP_54899_4A,hydro,n_7798,DUK,27.5,0.005249293731388867
319,PP_54899_5,hydro,n_7798,DUK,30.0,0.005726502252424219
320,PP_58257_UP1,hydro,n_4478,DUK,1.1,0.00020997174925555472
321,PP_58390_EMOD,hydro,n_29973,DUK,2.2,0.00041994349851110944
322,PP_58390_WMOD,hydro,n_29973,DUK,2.2,0.00041994349851110944
323,PP_6126_1,hydro,n_29011,DUK,73.4,0.014010842177597923
324,PP_6126_2,hydro,n_29011,DUK,73.4,0.014010842177597923
325,PP_6126_3,hydro,n_29011,DUK,73.4,0.014010842177597923
326,PP_6126_4,hydro,n_29011,DUK,73.4,0.014010842177597923
327,PP_6126_5,hydro,n_29011,DUK,73.4,0.014010842177597923
328,PP_6126_6,hydro,n_29011,DUK,73.4,0.014010842177597923
329,PP_6126_7,hydro,n_29011,DUK,73.4,0.014010842177597923
330,PP_6126_8,hydro,n_29011,DUK,73.4,0.014010842177597923
331,PP_6438_1,hydro,n_13721,DUK,1.4,0.0002672367717797969
332,PP_6517_1,hydro,n_29228,DUK,78.8,0.015041612583034282
333,PP_6517_2,hydro,n_29228,DUK,78.8,0.015041612583034282
334,PP_7125_1,hydro,n_7797,DUK,420.0,0.08017103153393906
335,PP_7125_2,hydro,n_7797,DUK,420.0,0.08017103153393906
336,PP_7125_3,hydro,n_7797,DUK,324.0,0.061846224326181566
337,PP_7125_4,hydro,n_7797,DUK,324.0,0.061846224326181566
338,PP_3251_2,nuc,n_6705,CPLE,768.6,0.20646305101136272
339,PP_3265_1,nuc,n_29228,DUK,886.7,0.10374278995214752
340,PP_3265_2,nuc,n_29228,DUK,886.7,0.10374278995214752
341,PP_3265_3,nuc,n_29228,DUK,893.3,0.1045149816896959
342,PP_6014_1,nuc,n_18689,CPLE,1001.6,0.2690520321272195
343,PP_6014_2,nuc,n_18689,CPLE,1001.6,0.2690520321272195
344,PP_6015_1,nuc,n_319,CPLE,950.9,0.2554328847341983
345,PP_6036_1,nuc,n_28505,DUK,1205.1,0.14099519135145253
346,PP_6036_2,nuc,n_28505,DUK,1205.1,0.14099519135145253
347,PP_6038_1,nuc,n_6652,DUK,1220.3,0.14277357232277613
348,PP_6038_2,nuc,n_6652,DUK,1220.3,0.14277357232277613
349,PP_6127_1,nuc,n_29011,DUK,1029.6,0.12046191105755166
350,oil_10017,oil,n_10017,DUK,4.0,0.02973977695167286
351,oil_13843,oil,n_13843,DUK,1.8,0.013382899628252789
352,oil_14301,oil,n_14301,DUK,1.3,0.009665427509293681
353,oil_14508,oil,n_14508,DUK,1.3,0.009665427509293681
354,oil_14783,oil,n_14783,DUK,1.8,0.013382899628252789
355,oil_15511,oil,n_15511,DUK,2.0,0.01486988847583643
356,oil_15630,oil,n_15630,DUK,3.6,0.026765799256505577
357,oil_15641,oil,n_15641,DUK,3.6,0.026765799256505577
358,oil_15692,oil,n_15692,DUK,5.4,0.04014869888475837
359,oil_15782,oil,n_15782,DUK,1.8,0.013382899628252789
360,oil_17246,oil,n_17246,DUK,2.9,0.021561338289962824
361,oil_18302,oil,n_18302,DUK,5.8,0.04312267657992565
362,oil_18690,oil,n_18690,DUK,2.2,0.016356877323420074
363,oil_21285,oil,n_21285,DUK,2.2,0.016356877323420074
364,oil_23782,oil,n_23782,CPLE,9.2,0.017238148772718752
365,oil_28471,oil,n_28471,DUK,2.2,0.016356877323420074
366,oil_28504,oil,n_28504,DUK,5.8,0.04312267657992565
367,oil_29228,oil,n_29228,DUK,12.9,0.09591078066914499
368,oil_29477,oil,n_29477,DUK,2.2,0.016356877323420074
369,oil_30212,oil,n_30212,DUK,2.2,0.016356877323420074
370,oil_31224,oil,n_31224,DUK,1.8,0.013382899628252789
371,oil_4459,oil,n_4459,DUK,1.8,0.013382899628252789
372,oil_4475,oil,n_4475,DUK,1.8,0.013382899628252789
373,oil_4478,oil,n_4478,DUK,12.6,0.09368029739776951
374,oil_4496,oil,n_4496,DUK,1.8,0.013382899628252789
375,oil_4517,oil,n_4517,DUK,24.1,0.179182156133829
376,oil_6954,oil,n_6954,DUK,1.8,0.013382899628252789
377,oil_7031,oil,n_7031,DUK,10.8,0.08029739776951673
378,oil_7041,oil,n_7041,DUK,11.0,0.08178438661710037
379,PP_2716_GT1,oil,n_28662,CPLE,39.7,0.07438635937792767
380,PP_2716_GT2,oil,n_28662,CPLE,39.7,0.07438635937792767
381,PP_2716_GT3,oil,n_28662,CPLE,41.8,0.07832115420648303
382,PP_2716_GT4,oil,n_28662,CPLE,41.8,0.07832115420648303
383,PP_3320_1,oil,n_9900,CPLE,11.5,0.02154768596589844
384,PP_3320_2,oil,n_9900,CPLE,11.5,0.02154768596589844
385,PP_3320_3,oil,n_9900,CPLE,26.6,0.049840734495034664
386,PP_3320_4,oil,n_9900,CPLE,26.6,0.049840734495034664
387,PP_3320_5,oil,n_9900,CPLE,35.3,0.06614202735619261
388,PP_50555_GEN1,oil,n_10054,CPLE,86.0,0.1611392167884579
389,PP_50555_GEN2,oil,n_10054,CPLE,40.0,0.07494847292486415
390,PP_50555_GEN3,oil,n_10054,CPLE,54.0,0.1011804384485666
391,n_10002_solar,solar,n_10002,CPLE,5.0,0.0017670966601873123
392,n_10009_solar,solar,n_10009,CPLE,10.0,0.0035341933203746245
393,n_10012_solar,solar,n_10012,CPLE,5.0,0.0017670966601873123
394,n_10014_solar,solar,n_10014,DUK,6.9,0.002508361204013378
395,n_10015_solar,solar,n_10015,CPLE,6.0,0.002120515992224775
396,n_10017_solar,solar,n_10017,DUK,11.1,0.0040351897629780425
397,n_10039_solar,solar,n_10039,CPLE,17.0,0.006008128644636862
398,n_10045_solar,solar,n_10045,CPLE,2.0,0.0007068386640749249
399,n_10051_solar,solar,n_10051,CPLE,4.4,0.0015550450609648349
400,n_10052_solar,solar,n_10052,CPLE,40.0,0.014136773281498498
401,n_10053_solar,solar,n_10053,CPLE,94.9,0.033539494610355186
402,n_10054_solar,solar,n_10054,CPLE,22.0,0.007775225304824174
403,n_10058_solar,solar,n_10058,DUK,45.8,0.01664970190490039
404,n_10584_solar,solar,n_10584,CPLE,6.0,0.002120515992224775
405,n_10707_solar,solar,n_10707,DUK,40.4,0.014686636614802965
406,n_11731_solar,solar,n_11731,CPLE,8.0,0.0028273546562996997
407,n_11742_solar,solar,n_11742,DUK,6.0,0.002181183655663807
408,n_12414_solar,solar,n_12414,DUK,89.3,0.03246328340846299
409,n_12417_solar,solar,n_12417,CPLE,5.0,0.0017670966601873123
410,n_13956_solar,solar,n_13956,CPLE,25.9,0.009153560699770276
411,n_14001_solar,solar,n_14001,DUK,2.0,0.0007270612185546022
412,n_14031_solar,solar,n_14031,DUK,6.0,0.002181183655663807
413,n_14258_solar,solar,n_14258,DUK,5.0,0.0018176530463865056
414,n_14577_solar,solar,n_14577,DUK,2.0,0.0007270612185546022
415,n_14593_solar,solar,n_14593,DUK,3.0,0.0010905918278319034
416,n_14626_solar,solar,n_14626,DUK,61.0,0.02217536716591537
417,n_1517_solar,solar,n_1517,DUK,10.0,0.003635306092773011
418,n_15226_solar,solar,n_15226,DUK,54.7,0.019885124327468372
419,n_15511_solar,solar,n_15511,DUK,19.6,0.0071251999418351026
420,n_15512_solar,solar,n_15512,DUK,218.8,0.07954049730987349
421,n_15622_solar,solar,n_15622,DUK,10.0,0.003635306092773011
422,n_15630_solar,solar,n_15630,DUK,31.0,0.011269448887596335
423,n_15632_solar,solar,n_15632,DUK,130.3,0.04736803838883234
424,n_15664_solar,solar,n_15664,DUK,5.0,0.0018176530463865056
425,n_15689_solar,solar,n_15689,CPLE,5.0,0.0017670966601873123
426,n_15690_solar,solar,n_15690,CPLE,2.0,0.0007068386640749249
427,n_15691_solar,solar,n_15691,DUK,8.5,0.0030900101788570596
428,n_15692_solar,solar,n_15692,DUK,10.0,0.003635306092773011
429,n_1575_solar,solar,n_1575,DUK,48.0,0.017449469245310455
430,n_15775_solar,solar,n_15775,DUK,27.5,0.009997091755125781
431,n_15777_solar,solar,n_15777,DUK,79.8,0.02900974262032863
432,n_15782_solar,solar,n_15782,DUK,20.3,0.0073796713683292135
433,n_16281_solar,solar,n_16281,DUK,1.1,0.00039988367020503125
434,n_16404_solar,solar,n_16404,CPLE,39.5,0.013960063615479766
435,n_16911_solar,solar,n_16911,CPLE,75.9,0.026824527301643402
436,n_17072_solar,solar,n_17072,DUK,4.9,0.0017812999854587756
437,n_17163_solar,solar,n_17163,CPLE,43.2,0.015267715144018378
438,n_18277_solar,solar,n_18277,CPLE,75.0,0.026506449902809683
439,n_18283_solar,solar,n_18283,CPLE,2.0,0.0007068386640749249
440,n_18296_solar,solar,n_18296,DUK,3.0,0.0010905918278319034
441,n_18302_solar,solar,n_18302,DUK,12.8,0.004653191798749455
442,n_1850_solar,solar,n_1850,DUK,26.0,0.00945179584120983
443,n_1851_solar,solar,n_1851,DUK,10.0,0.003635306092773011
444,n_18688_solar,solar,n_18688,CPLE,10.0,0.0035341933203746245
445,n_18693_solar,solar,n_18693,CPLE,2.0,0.0007068386640749249
446,n_18696_solar,solar,n_18696,CPLE,10.0,0.0035341933203746245
447,n_18698_solar,solar,n_18698,DUK,5.0,0.0018176530463865056
448,n_18710_solar,solar,n_18710,CPLE,19.2,0.006785651175119279
449,n_18866_solar,solar,n_18866,CPLE,10.0,0.0035341933203746245
450,n_18868_solar,solar,n_18868,CPLE,18.8,0.006644283442304295
451,n_18870_solar,solar,n_18870,DUK,8.4,0.0030536571179293295
452,n_1924_solar,solar,n_1924,CPLE,149.3,0.052765506273193145
453,n_22541_solar,solar,n_22541,CPLE,14.0,0.004947870648524475
454,n_22589_solar,solar,n_22589,CPLE,5.0,0.0017670966601873123
455,n_22591_solar,solar,n_22591,DUK,12.8,0.004653191798749455
456,n_22592_solar,solar,n_22592,CPLE,20.0,0.007068386640749249
457,n_22602_solar,solar,n_22602,DUK,3.5,0.0012723571324705538
458,n_22612_solar,solar,n_22612,CPLE,19.2,0.006785651175119279
459,n_22818_solar,solar,n_22818,CPLE,9.0,0.003180773988337162
460,n_23599_solar,solar,n_23599,CPLE,10.0,0.0035341933203746245
461,n_23600_solar,solar,n_23600,CPLE,24.0,0.0084820639688991
462,n_23772_solar,solar,n_23772,CPLE,1.9,0.0006714967308711786
463,n_23776_solar,solar,n_23776,DUK,24.4,0.008870146866366146
464,n_23777_solar,solar,n_23777,CPLE,29.4,0.010390528361901396
465,n_23779_solar,solar,n_23779,CPLW,5.0,0.1322751322751323
466,n_23782_solar,solar,n_23782,CPLE,31.9,0.011274076691995052
467,n_23786_solar,solar,n_23786,CPLE,5.0,0.0017670966601873123
468,n_23789_solar,solar,n_23789,DUK,70.0,0.02544714264941108
469,n_23790_solar,solar,n_23790,CPLE,5.0,0.0017670966601873123
470,n_23792_solar,solar,n_23792,CPLE,4.9,0.001731754726983566
471,n_23793_solar,solar,n_23793,DUK,80.5,0.02926421404682274
472,n_23819_solar,solar,n_23819,CPLE,4.0,0.0014136773281498499
473,n_23847_solar,solar,n_23847,CPLW,19.6,0.5185185185185186
474,n_23848_solar,solar,n_23848,DUK,26.4,0.009597208084920749
475,n_23849_solar,solar,n_23849,DUK,10.0,0.003635306092773011
476,n_28211_solar,solar,n_28211,CPLE,24.0,0.0084820639688991
477,n_28295_solar,solar,n_28295,DUK,2.0,0.0007270612185546022
478,n_28296_solar,solar,n_28296,DUK,1.0,0.0003635306092773011
479,n_28298_solar,solar,n_28298,DUK,2.0,0.0007270612185546022
480,n_28303_solar,solar,n_28303,DUK,3.0,0.0010905918278319034
481,n_28601_solar,solar,n_28601,CPLW,13.2,0.3492063492063492
482,n_28635_solar,solar,n_28635,DUK,1.0,0.0003635306092773011
483,n_28662_solar,solar,n_28662,CPLE,2.0,0.0007068386640749249
484,n_28666_solar,solar,n_28666,DUK,2.8,0.0010178857059764432
485,n_28671_solar,solar,n_28671,CPLE,4.0,0.0014136773281498499
486,n_28698_solar,solar,n_28698,DUK,4.5,0.0016358877417478551
487,n_28700_solar,solar,n_28700,DUK,17.5,0.00636178566235277
488,n_28710_solar,solar,n_28710,DUK,29.9,0.010869565217391302
489,n_28719_solar,solar,n_28719,CPLE,82.1,0.029015727160275666
490,n_28766_solar,solar,n_28766,CPLE,15.0,0.005301289980561937
491,n_28842_solar,solar,n_28842,DUK,5.5,0.001999418351025156
492,n_28946_solar,solar,n_28946,DUK,12.8,0.004653191798749455
493,n_28953_solar,solar,n_28953,DUK,11.9,0.0043260142503998835
494,n_28954_solar,solar,n_28954,CPLE,88.4,0.03124226895211168
495,n_28990_solar,solar,n_28990,CPLE,5.0,0.0017670966601873123
496,n_28995_solar,solar,n_28995,DUK,65.0,0.023629489603024575
497,n_28996_solar,solar,n_28996,DUK,1.0,0.0003635306092773011
498,n_28998_solar,solar,n_28998,DUK,5.0,0.0018176530463865056
499,n_28999_solar,solar,n_28999,CPLE,6.9,0.002438593391058491
500,n_29001_solar,solar,n_29001,CPLE,19.9,0.007033044707545503
501,n_29016_solar,solar,n_29016,DUK,64.7,0.023520430420241385
502,n_29017_solar,solar,n_29017,DUK,9.9,0.0035989530318452814
503,n_29018_solar,solar,n_29018,CPLE,5.0,0.0017670966601873123
504,n_29019_solar,solar,n_29019,DUK,2.0,0.0007270612185546022
505,n_29024_solar,solar,n_29024,DUK,200.0,0.07270612185546023
506,n_29262_solar,solar,n_29262,DUK,25.0,0.009088265231932529
507,n_29477_solar,solar,n_29477,DUK,2.0,0.0007270612185546022
508,n_29661_solar,solar,n_29661,DUK,3.0,0.0010905918278319034
509,n_29803_solar,solar,n_29803,CPLE,15.4,0.005442657713376922
510,n_29979_solar,solar,n_29979,CPLE,9.8,0.003463509453967132
511,n_29983_solar,solar,n_29983,CPLE,9.9,0.0034988513871708786
512,n_30412_solar,solar,n_30412,DUK,10.0,0.003635306092773011
513,n_30413_solar,solar,n_30413,CPLE,14.5,0.005124580314543206
514,n_30415_solar,solar,n_30415,DUK,1.0,0.0003635306092773011
515,n_30421_solar,solar,n_30421,CPLE,10.0,0.0035341933203746245
516,n_30852_solar,solar,n_30852,DUK,5.0,0.0018176530463865056
517,n_31010_solar,solar,n_31010,DUK,5.0,0.0018176530463865056
518,n_31027_solar,solar,n_31027,DUK,54.6,0.01984877126654064
519,n_324_solar,solar,n_324,CPLE,4.0,0.0014136773281498499
520,n_333_solar,solar,n_333,CPLE,2.0,0.0007068386640749249
521,n_340_solar,solar,n_340,DUK,27.0,0.009815326450487131
522,n_3484_solar,solar,n_3484,DUK,7.0,0.0025447142649411077
523,n_4099_solar,solar,n_4099,DUK,10.0,0.003635306092773011
524,n_4473_solar,solar,n_4473,DUK,43.4,0.015777228442634867
525,n_4475_solar,solar,n_4475,DUK,9.3,0.0033808346662789006
526,n_4484_solar,solar,n_4484,DUK,50.0,0.018176530463865057
527,n_4496_solar,solar,n_4496,DUK,56.4,0.020503126363239782
528,n_4517_solar,solar,n_4517,DUK,25.0,0.009088265231932529
529,n_4521_solar,solar,n_4521,DUK,5.0,0.0018176530463865056
530,n_4536_solar,solar,n_4536,DUK,4.0,0.0014541224371092045
531,n_6400_solar,solar,n_6400,CPLE,85.0,0.030040643223184307
532,n_6402_solar,solar,n_6402,CPLE,26.0,0.009188902632974024
533,n_6403_solar,solar,n_6403,CPLE,20.0,0.007068386640749249
534,n_6404_solar,solar,n_6404,CPLE,35.4,0.01251104435412617
535,n_6422_solar,solar,n_6422,CPLE,51.2,0.018095069800318078
536,n_6650_solar,solar,n_6650,CPLE,16.0,0.0056547093125993994
537,n_6651_solar,solar,n_6651,CPLE,105.0,0.03710902986393356
538,n_6655_solar,solar,n_6655,CPLE,16.2,0.005725393179006891
539,n_6658_solar,solar,n_6658,CPLE,9.9,0.0034988513871708786
540,n_6661_solar,solar,n_6661,CPLE,29.8,0.010531896094716381
541,n_6663_solar,solar,n_6663,CPLE,86.9,0.03071213995405549
542,n_6665_solar,solar,n_6665,CPLE,5.0,0.0017670966601873123
543,n_6670_solar,solar,n_6670,DUK,4.0,0.0014541224371092045
544,n_6677_solar,solar,n_6677,CPLE,108.0,0.03816928786004595
545,n_6679_solar,solar,n_6679,CPLE,77.0,0.027213288566884607
546,n_6680_solar,solar,n_6680,DUK,1.9,0.0006907081576268721
547,n_6681_solar,solar,n_6681,CPLE,36.0,0.012723095953348649
548,n_6682_solar,solar,n_6682,DUK,4.0,0.0014541224371092045
549,n_6684_solar,solar,n_6684,DUK,8.5,0.0030900101788570596
550,n_6685_solar,solar,n_6685,DUK,8.8,0.00319906936164025
551,n_6692_solar,solar,n_6692,CPLE,31.2,0.011026683159568828
552,n_6696_solar,solar,n_6696,CPLE,19.8,0.006997702774341757
553,n_6700_solar,solar,n_6700,DUK,10.0,0.003635306092773011
554,n_6888_solar,solar,n_6888,CPLE,1.2,0.0004241031984449549
555,n_6890_solar,solar,n_6890,CPLE,35.0,0.012369676621311186
556,n_6892_solar,solar,n_6892,CPLE,25.0,0.008835483300936562
557,n_6893_solar,solar,n_6893,CPLE,9.0,0.003180773988337162
558,n_6895_solar,solar,n_6895,CPLE,10.0,0.0035341933203746245
559,n_6897_solar,solar,n_6897,DUK,10.0,0.003635306092773011
560,n_6900_solar,solar,n_6900,CPLE,5.0,0.0017670966601873123
561,n_6901_solar,solar,n_6901,CPLE,15.2,0.005371973846969429
562,n_6902_solar,solar,n_6902,CPLE,18.3,0.006467573776285563
563,n_6903_solar,solar,n_6903,CPLE,4.0,0.0014136773281498499
564,n_6904_solar,solar,n_6904,CPLE,4.0,0.0014136773281498499
565,n_6906_solar,solar,n_6906,CPLE,23.8,0.008411380102491607
566,n_6907_solar,solar,n_6907,CPLE,19.4,0.006856335041526771
567,n_6964_solar,solar,n_6964,DUK,5.2,0.0018903591682419658
568,n_6965_solar,solar,n_6965,DUK,4.9,0.0017812999854587756
569,n_6969_solar,solar,n_6969,DUK,1.2,0.0004362367311327613
570,n_6972_solar,solar,n_6972,DUK,1.5,0.0005452959139159517
571,n_6974_solar,solar,n_6974,DUK,64.9,0.023593136542096844
572,n_6977_solar,solar,n_6977,DUK,15.0,0.005452959139159517
573,n_6978_solar,solar,n_6978,DUK,3.0,0.0010905918278319034
574,n_7014_solar,solar,n_7014,DUK,5.0,0.0018176530463865056
575,n_7026_solar,solar,n_7026,DUK,8.0,0.002908244874218409
576,n_7031_solar,solar,n_7031,DUK,10.0,0.003635306092773011
577,n_7041_solar,solar,n_7041,DUK,2.6,0.0009451795841209829
578,n_7049_solar,solar,n_7049,DUK,10.0,0.003635306092773011
579,n_7062_solar,solar,n_7062,DUK,50.8,0.018467354951286895
580,n_7069_solar,solar,n_7069,CPLE,10.0,0.0035341933203746245
581,n_7089_solar,solar,n_7089,CPLE,14.9,0.005265948047358191
582,n_7557_solar,solar,n_7557,CPLE,17.0,0.006008128644636862
583,n_7559_solar,solar,n_7559,CPLE,20.0,0.007068386640749249
584,n_7597_solar,solar,n_7597,DUK,2.2,0.0007997673404100625
585,n_7618_solar,solar,n_7618,CPLE,8.5,0.003004064322318431
586,n_7619_solar,solar,n_7619,CPLE,10.0,0.0035341933203746245
587,n_7700_solar,solar,n_7700,DUK,16.0,0.005816489748436818
588,n_8341_solar,solar,n_8341,DUK,3.0,0.0010905918278319034
589,n_9412_solar,solar,n_9412,DUK,5.0,0.0018176530463865056
590,n_9418_solar,solar,n_9418,DUK,85.3,0.031009160971353786
591,n_9419_solar,solar,n_9419,DUK,2.0,0.0007270612185546022
592,n_9426_solar,solar,n_9426,CPLE,4.0,0.0014136773281498499
593,n_9441_solar,solar,n_9441,CPLE,9.5,0.0033574836543558933
594,n_9454_solar,solar,n_9454,DUK,14.5,0.005271193834520866
595,n_9479_solar,solar,n_9479,DUK,88.7,0.03224516504289661
596,n_9480_solar,solar,n_9480,DUK,4.0,0.0014541224371092045
597,n_9488_solar,solar,n_9488,CPLE,7.0,0.0024739353242622373
598,n_9508_solar,solar,n_9508,CPLE,5.0,0.0017670966601873123
599,n_9820_solar,solar,n_9820,CPLE,56.3,0.019897508393709136
600,n_9821_solar,solar,n_9821,DUK,25.8,0.00937908971935437
601,n_9822_solar,solar,n_9822,CPLE,11.0,0.003887612652412087
602,n_9836_solar,solar,n_9836,CPLE,1.9,0.0006714967308711786
603,n_9837_solar,solar,n_9837,CPLE,4.5,0.001590386994168581
604,n_9838_solar,solar,n_9838,CPLE,4.9,0.001731754726983566
605,n_9839_solar,solar,n_9839,CPLE,8.9,0.0031454320551334157
606,n_9840_solar,solar,n_9840,DUK,5.0,0.0018176530463865056
607,n_9841_solar,solar,n_9841,CPLE,9.7,0.0034281675207633853
608,n_9846_solar,solar,n_9846,DUK,12.0,0.004362367311327614
609,n_9848_solar,solar,n_9848,CPLE,2.0,0.0007068386640749249
610,n_9849_solar,solar,n_9849,CPLE,10.0,0.0035341933203746245
611,n_9850_solar,solar,n_9850,CPLE,4.0,0.0014136773281498499
612,n_9851_solar,solar,n_9851,CPLE,20.0,0.007068386640749249
613,n_9852_solar,solar,n_9852,CPLE,62.3,0.02201802438593391
614,n_9854_solar,solar,n_9854,CPLE,10.0,0.0035341933203746245
615,n_9858_solar,solar,n_9858,DUK,44.8,0.01628617129562309
616,n_9859_solar,solar,n_9859,CPLE,95.2,0.03364552040996643
617,n_9862_solar,solar,n_9862,CPLE,103.0,0.03640219119985863
618,n_9864_solar,solar,n_9864,CPLE,5.0,0.0017670966601873123
619,n_9867_solar,solar,n_9867,DUK,24.5,0.008906499927293877
620,n_9868_solar,solar,n_9868,CPLE,39.5,0.013960063615479766
621,n_9869_solar,solar,n_9869,CPLE,8.5,0.003004064322318431
622,n_9870_solar,solar,n_9870,DUK,17.9,0.0065071979060636895
623,n_9871_solar,solar,n_9871,DUK,11.5,0.004180602006688963
624,n_9872_solar,solar,n_9872,DUK,10.0,0.003635306092773011
625,n_9873_solar,solar,n_9873,DUK,80.9,0.029409626290533664
626,n_9874_solar,solar,n_9874,CPLE,1.5,0.0005301289980561937
627,n_9876_solar,solar,n_9876,CPLE,20.3,0.007174412440360488
628,n_9877_solar,solar,n_9877,CPLE,2.0,0.0007068386640749249
629,n_9881_solar,solar,n_9881,DUK,19.9,0.007234259124618292
630,n_9883_solar,solar,n_9883,CPLE,10.0,0.0035341933203746245
631,n_9886_solar,solar,n_9886,CPLE,15.0,0.005301289980561937
632,n_9887_solar,solar,n_9887,CPLE,9.8,0.003463509453967132
633,n_9929_solar,solar,n_9929,CPLE,2.0,0.0007068386640749249
634,n_9930_solar,solar,n_9930,CPLE,4.0,0.0014136773281498499
635,n_9941_solar,solar,n_9941,CPLE,14.0,0.004947870648524475
636,n_9945_solar,solar,n_9945,CPLE,6.0,0.002120515992224775
637,n_9948_solar,solar,n_9948,CPLE,4.0,0.0014136773281498499
638,n_9967_solar,solar,n_9967,DUK,3.3,0.0011996510106150936
639,n_9968_solar,solar,n_9968,DUK,10.2,0.0037080122146284714
640,n_998_solar,solar,n_998,CPLE,3.6,0.0012723095953348649
641,n_9994_solar,solar,n_9994,CPLE,10.2,0.003604877186782117
642,n_9995_solar,solar,n_9995,CPLE,16.9,0.005972786711433115
643,PP_59825_5MWPV,solar,n_6699,CPLE,5.0,0.0017670966601873123
644,PP_59968_1,wind,n_6422,CPLE,208.0,1.0
