name,Plan_ID,typ,node_check,DC_OPF_node,Assume_BA,capa_MW,weights,maxcap,heat_rate,mincap,var_om,no_load,st_cost,ramp,minup,mindn
PP_2712_1,PP_2712,coal,1514,n_1514,CPLE,410.8,0.023606075,410.8,10.80519868,156.104,4.6,540.6272956,28756,143.78,24,24
PP_2712_2,PP_2712,coal,1514,n_1514,CPLE,657,0.03775363,657,9.840114956,249.66,4.6,787.408899,45990,229.95,24,24
PP_2712_3,PP_2712,coal,1514,n_1514,CPLE,745.2,0.042821926,745.2,4.881865003,283.176,4.6,443.0914697,52164,260.82,24,24
PP_2712_4,PP_2712,coal,1514,n_1514,CPLE,745.2,0.042821926,745.2,6.117322117,283.176,4.6,555.224949,52164,260.82,24,24
PP_2718_1,PP_2718,coal,28502,n_28502,DUK,163.2,0.004714978,163.2,4.693542781,62.016,4.6,93.29442928,11424,57.12,24,24
PP_2718_5,PP_2718,coal,28502,n_28502,DUK,272,0.007858296,272,12.70930392,103.36,4.6,430.3297173,19040,95.2,24,24
PP_2721_5,PP_2721,coal,30898,n_30898,DUK,621,0.017941184,621,12.06297659,235.98,4.6,912.3907261,43470,217.35,24,24
PP_2721_6,PP_2721,coal,30898,n_30898,DUK,909.5,0.026276179,909.5,9.347078398,345.61,4.6,1035.41241,63665,318.325,24,24
PP_2727_1,PP_2727,coal,6669,n_6669,DUK,348.5,0.010068442,348.5,9.827141871,132.43,4.6,417.1236224,24395,121.975,24,24
PP_2727_2,PP_2727,coal,6669,n_6669,DUK,348.5,0.010068442,348.5,9.897611564,132.43,4.6,420.1147845,24395,121.975,24,24
PP_2727_3,PP_2727,coal,6669,n_6669,DUK,711,0.020541356,711,10.00982873,270.18,4.6,866.8241942,49770,248.85,24,24
PP_2727_4,PP_2727,coal,6669,n_6669,DUK,711,0.020541356,711,9.712992375,270.18,4.6,841.1189657,49770,248.85,24,24
PP_54276_TG3,PP_54276,coal,4169,n_4169,DUK,28,0.000808942,28,18.92863428,10.64,4.6,64.55235469,1960,9.8,24,24
PP_6249_1,PP_6249,coal,9898,n_9898,CPLE,315,0.018101056,315,10.97442153,119.7,4.6,421.0435012,22050,110.25,24,24
PP_6249_2,PP_6249,coal,9898,n_9898,CPLE,315,0.018101056,315,10.86358764,119.7,4.6,416.7912599,22050,110.25,24,24
PP_6249_3,PP_6249,coal,9898,n_9898,CPLE,315,0.018101056,315,12.95471058,119.7,4.6,497.0190625,22050,110.25,24,24
PP_6249_4,PP_6249,coal,9898,n_9898,CPLE,315,0.018101056,315,15.31254511,119.7,4.6,587.4794938,22050,110.25,24,24
PP_6250_1,PP_6250,coal,1834,n_1834,CPLE,763.2,0.043856272,763.2,6.953060785,290.016,4.6,646.3223362,53424,267.12,24,24
PP_8042_1,PP_8042,coal,6682,n_6682,DUK,1245.6,0.035986375,1245.6,9.779299392,473.328,4.6,1483.61467,87192,435.96,24,24
PP_8042_2,PP_8042,coal,6682,n_6682,DUK,1245.6,0.035986375,1245.6,9.609722212,473.328,4.6,1457.888165,87192,435.96,24,24
PP_1016_all,PP_1016,ngcc,7619,n_7619,CPLE,231.9,0.013325825,231.9,13.31,88.122,3.17,436.0712777,16233,231.9,6,6
PP_1016_9,PP_1016,ngcc,7619,n_7619,CPLE,73,0.004194848,73,12.3847,27.74,3.17,128.5598341,5110,73,6,6
PP_10795_GEN3,PP_10795,ngct,31014,n_31014,CPLE,19,0.00109181,19,8.79,7.22,3.17,24.6306348,1330,19,1,1
PP_2706_CT5,PP_2706,ngcc,28665,n_28665,CPLE,191.2,0.010987053,191.2,10.18051779,72.656,3.17,276.7927479,13384,191.2,6,6
PP_2706_CT7,PP_2706,ngcc,28665,n_28665,CPLE,191.2,0.010987053,191.2,10.20180861,72.656,3.17,277.3716128,13384,191.2,6,6
PP_2706_GT1,PP_2706,ngct,28665,n_28665,CPLE,211.7,0.012165059,211.7,14.65058599,80.446,3.17,457.4135049,14819,211.7,1,1
PP_2706_GT2,PP_2706,ngct,28665,n_28665,CPLE,211.8,0.012170805,211.8,8.87774897,80.484,3.17,277.3077106,14826,211.8,1,1
PP_2706_ST6,PP_2706,ngcc,28665,n_28665,CPLE,102.8,0.005907265,102.8,7.022,39.064,3.17,102.6480945,7196,102.8,6,6
PP_2706_ST8,PP_2706,ngcc,28665,n_28665,CPLE,102.8,0.005907265,102.8,7.022,39.064,3.17,102.6480945,7196,102.8,6,6
PP_2709_1,PP_2709,ngct,6661,n_6661,DUK,195.2,0.005639483,195.2,7.022461832,74.176,3.17,202.1633054,13664,195.2,1,1
PP_2709_1A,PP_2709,ngcc,6661,n_6661,DUK,221,0.006384866,221,11.69241991,83.98,3.17,367.4460893,15470,221,6,6
PP_2709_1B,PP_2709,ngcc,6661,n_6661,DUK,221,0.006384866,221,11.8699891,83.98,3.17,373.0263802,15470,221,6,6
PP_2709_1C,PP_2709,ngcc,6661,n_6661,DUK,221,0.006384866,221,11.59024752,83.98,3.17,364.2352189,15470,221,6,6
PP_2709_2,PP_2709,ngct,6661,n_6661,DUK,195.2,0.005639483,195.2,12.1518319,74.176,3.17,349.8281033,13664,195.2,1,1
PP_2709_3,PP_2709,ngct,6661,n_6661,DUK,195.2,0.005639483,195.2,14.03650347,74.176,3.17,404.0842094,13664,195.2,1,1
PP_2709_4,PP_2709,ngct,6661,n_6661,DUK,195.2,0.005639483,195.2,18.01652318,74.176,3.17,518.6613989,13664,195.2,1,1
PP_2709_5,PP_2709,ngct,6661,n_6661,DUK,198.9,0.005746379,198.9,7.022461832,75.582,3.17,205.9952943,13923,198.9,1,1
PP_2709_ST1,PP_2709,ngcc,6661,n_6661,DUK,405,0.011700772,405,7.279365708,153.9,3.17,419.223398,28350,405,6,6
PP_2713_CA1,PP_2713,ngcc,28666,n_28666,CPLE,288,0.016549537,288,7.079761535,109.44,3.17,289.9399567,20160,288,6,6
PP_2713_CT004,PP_2713,ngct,28666,n_28666,CPLE,60.5,0.003476552,60.5,10.05826582,22.99,3.17,89.74527911,4235,60.5,1,1
PP_2713_CT005,PP_2713,ngct,28666,n_28666,CPLE,60.5,0.003476552,60.5,9.521436303,22.99,3.17,84.95539627,4235,60.5,1,1
PP_2713_CT1,PP_2713,ngcc,28666,n_28666,CPLE,221,0.012699471,221,7.079761535,83.98,3.17,222.4886473,15470,221,6,6
PP_2713_CT2,PP_2713,ngcc,28666,n_28666,CPLE,221,0.012699471,221,7.079761535,83.98,3.17,222.4886473,15470,221,6,6
PP_2720_CT11,PP_2720,ngcc,31267,n_31267,DUK,185.3,0.005353464,185.3,11.70664028,70.414,3.17,308.464113,12971,185.3,6,6
PP_2720_CT12,PP_2720,ngcc,31267,n_31267,DUK,185.3,0.005353464,185.3,11.41271849,70.414,3.17,300.7194209,12971,185.3,6,6
PP_2720_ST10,PP_2720,ngcc,31267,n_31267,DUK,327.3,0.009455957,327.3,6.93533071,124.374,3.17,322.7826127,22911,327.3,6,6
PP_2723_CT8,PP_2723,ngcc,7014,n_7014,DUK,185.3,0.005353464,185.3,12.05815067,70.414,3.17,317.7262359,12971,185.3,6,6
PP_2723_CT9,PP_2723,ngcc,7014,n_7014,DUK,185.3,0.005353464,185.3,11.9697903,70.414,3.17,315.3979843,12971,185.3,6,6
PP_2723_ST7,PP_2723,ngcc,7014,n_7014,DUK,327.3,0.009455957,327.3,7.169014213,124.374,3.17,333.6586581,22911,327.3,6,6
PP_3250_12,PP_3250,ngct,6707,n_6707,CPLE,158,0.00907926,158,22.8891042,60.04,3.17,533.3582438,11060,158,1,1
PP_3250_13,PP_3250,ngct,6707,n_6707,CPLE,158,0.00907926,158,15.24638777,60.04,3.17,355.2688884,11060,158,1,1
PP_3264_3,PP_3264,ngct,10239,n_10239,DUK,163.2,0.004714978,163.2,7.192703841,62.016,3.17,173.1192899,11424,163.2,1,1
PP_3264_7,PP_3264,ngct,10239,n_10239,DUK,54,0.001560103,54,11.97473995,20.52,3.17,95.36587098,3780,54,1,1
PP_3264_8,PP_3264,ngct,10239,n_10239,DUK,54,0.001560103,54,15.78093839,20.52,3.17,125.6781309,3780,54,1,1
PP_3264_CT11,PP_3264,ngcc,10239,n_10239,DUK,242.3,0.00700024,242.3,12.18914372,92.074,3.17,419.9751211,16961,242.3,6,6
PP_3264_CT12,PP_3264,ngcc,10239,n_10239,DUK,242.3,0.00700024,242.3,12.16408733,92.074,3.17,419.111807,16961,242.3,6,6
PP_3264_ST10,PP_3264,ngcc,10239,n_10239,DUK,362.1,0.010461357,362.1,7.192703841,137.598,3.17,370.3545253,25347,362.1,6,6
PP_3291_GT2,PP_3291,ngct,9961,n_9961,DUK,19.6,0.00056626,19.6,16.4977092,7.448,3.17,47.6884102,1372,19.6,1,1
PP_3291_GT3,PP_3291,ngct,9961,n_9961,DUK,22.3,0.000644265,22.3,16.49769738,8.474,3.17,54.25769313,1561,22.3,1,1
PP_3291_GT4,PP_3291,ngct,9961,n_9961,DUK,22.3,0.000644265,22.3,16.49769738,8.474,3.17,54.25769313,1561,22.3,1,1
PP_55043_GT1,PP_55043,ngcc,4521,n_4521,DUK,60,0.001733448,60,12.37510126,22.8,3.17,105.5837211,4200,60,6,6
PP_55043_ST1,PP_55043,ngcc,4521,n_4521,DUK,41.2,0.001190301,41.2,7.260931387,15.656,3.17,42.53892406,2884,41.2,6,6
PP_55166_CT01,PP_55166,ngct,4521,n_4521,DUK,197,0.005691487,197,11.94986135,74.86,3.17,347.1860137,13790,197,1,1
PP_55166_CT02,PP_55166,ngct,4521,n_4521,DUK,197,0.005691487,197,11.18838102,74.86,3.17,325.0622993,13790,197,1,1
PP_55166_CT03,PP_55166,ngct,4521,n_4521,DUK,197,0.005691487,197,7.617751931,74.86,3.17,221.3228128,13790,197,1,1
PP_55166_CT04,PP_55166,ngct,4521,n_4521,DUK,197,0.005691487,197,11.24637597,74.86,3.17,326.747259,13790,197,1,1
PP_55166_CT05,PP_55166,ngct,4521,n_4521,DUK,197,0.005691487,197,10.90407923,74.86,3.17,316.8023202,13790,197,1,1
PP_56249_1,PP_56249,ngct,29024,n_29024,CPLE,57.3,0.003292668,57.3,3.988123447,21.774,3.17,33.70205195,4011,57.3,1,1
PP_56249_2,PP_56249,ngct,29024,n_29024,CPLE,57.3,0.003292668,57.3,5.928300405,21.774,3.17,50.09771912,4011,57.3,1,1
PP_56249_3,PP_56249,ngct,29024,n_29024,CPLE,57.3,0.003292668,57.3,5.366900809,21.774,3.17,45.35355344,4011,57.3,1,1
PP_56249_4,PP_56249,ngct,29024,n_29024,CPLE,57.3,0.003292668,57.3,6.002832867,21.774,3.17,50.72756344,4011,57.3,1,1
PP_56249_5,PP_56249,ngct,29024,n_29024,CPLE,57.3,0.003292668,57.3,3.768655408,21.774,3.17,31.84741447,4011,57.3,1,1
PP_56249_6,PP_56249,ngct,29024,n_29024,CPLE,57.3,0.003292668,57.3,5.761277734,21.774,3.17,48.68627666,4011,57.3,1,1
PP_56292_ES1,PP_56292,ngct,28663,n_28663,CPLE,57.3,0.003292668,57.3,6.76235573,21.774,3.17,57.14599038,4011,57.3,1,1
PP_56292_ES2,PP_56292,ngct,28663,n_28663,CPLE,57.3,0.003292668,57.3,2.909009208,21.774,3.17,24.58288485,4011,57.3,1,1
PP_56292_ES3,PP_56292,ngct,28663,n_28663,CPLE,57.3,0.003292668,57.3,3.374423564,21.774,3.17,28.51591727,4011,57.3,1,1
PP_56292_ES4,PP_56292,ngct,28663,n_28663,CPLE,57.3,0.003292668,57.3,6.939299966,21.774,3.17,58.64127605,4011,57.3,1,1
PP_56292_ES5,PP_56292,ngct,28663,n_28663,CPLE,57.3,0.003292668,57.3,7.048787496,21.774,3.17,59.56651181,4011,57.3,1,1
PP_56292_ES6,PP_56292,ngct,28663,n_28663,CPLE,57.3,0.003292668,57.3,3.422845555,21.774,3.17,28.92511234,4011,57.3,1,1
PP_57029_1,PP_57029,ngct,29803,n_29803,DUK,184,0.005315906,184,10.33800054,69.92,3.17,280.5352908,12880,184,1,1
PP_57029_2,PP_57029,ngct,29803,n_29803,DUK,184,0.005315906,184,10.38112521,69.92,3.17,281.7055357,12880,184,1,1
PP_57029_3,PP_57029,ngct,29803,n_29803,DUK,184,0.005315906,184,10.63188612,69.92,3.17,288.510264,12880,184,1,1
PP_57029_4,PP_57029,ngct,29803,n_29803,DUK,184,0.005315906,184,9.65182645,69.92,3.17,261.9150511,12880,184,1,1
PP_57505_1,PP_57505,ngct,15782,n_15782,DUK,15,0.000433362,15,30.34166667,5.7,3.17,67.12183501,1050,15,1,1
PP_57505_2,PP_57505,ngct,15782,n_15782,DUK,15,0.000433362,15,30.34166667,5.7,3.17,67.12183501,1050,15,1,1
PP_58400_GT01,PP_58400,ngct,229,n_229,DUK,5.5,0.000158899,5.5,20.65079365,2.09,3.17,16.75068476,385,5.5,1,1
PP_59325_KMEC1,PP_59325,ngcc,29803,n_29803,DUK,310.2,0.008961925,310.2,6.799916498,117.876,3.17,299.9454824,21714,310.2,6,6
PP_59325_KMEC2,PP_59325,ngcc,29803,n_29803,DUK,233.7,0.006751779,233.7,6.799916498,88.806,3.17,225.9744012,16359,233.7,6,6
PP_61675_CTG1,PP_61675,ngct,12439,n_12439,CPLE,5.6,0.000321797,5.6,12.80846445,2.128,3.17,10.57835709,392,5.6,1,1
PP_61675_STG,PP_61675,ngct,12439,n_12439,CPLE,1,5.74637E-05,1,18.21190476,0.38,3.17,2.685891714,70,1,1,1
PP_61676_CTG1,PP_61676,ngct,12439,n_12439,CPLE,5.6,0.000321797,5.6,14.03271841,2.128,3.17,11.58945374,392,5.6,1,1
PP_61676_CTG2,PP_61676,ngct,12439,n_12439,CPLE,5.6,0.000321797,5.6,14.03271841,2.128,3.17,11.58945374,392,5.6,1,1
PP_63063_GT01,PP_63063,ngct,229,n_229,DUK,13.4,0.000387137,13.4,15.11989326,5.092,3.17,29.8804169,938,13.4,1,1
PP_7277_1,PP_7277,ngct,4099,n_4099,DUK,109.6,0.003166431,109.6,16.11295154,41.648,3.17,260.446655,7672,109.6,1,1
PP_7277_10,PP_7277,ngct,4099,n_4099,DUK,109.6,0.003166431,109.6,10.33347846,41.648,3.17,167.0283618,7672,109.6,1,1
PP_7277_11,PP_7277,ngct,4099,n_4099,DUK,109.6,0.003166431,109.6,18.77286987,41.648,3.17,303.4410642,7672,109.6,1,1
PP_7277_12,PP_7277,ngct,4099,n_4099,DUK,109.6,0.003166431,109.6,16.38613326,41.648,3.17,264.8623119,7672,109.6,1,1
PP_7277_13,PP_7277,ngct,4099,n_4099,DUK,109.6,0.003166431,109.6,16.05036228,41.648,3.17,259.4349742,7672,109.6,1,1
PP_7277_14,PP_7277,ngct,4099,n_4099,DUK,109.6,0.003166431,109.6,16.1252256,41.648,3.17,260.6450506,7672,109.6,1,1
PP_7277_15,PP_7277,ngct,4099,n_4099,DUK,109.6,0.003166431,109.6,14.43116937,41.648,3.17,233.2626509,7672,109.6,1,1
PP_7277_16,PP_7277,ngct,4099,n_4099,DUK,109.6,0.003166431,109.6,12.60900501,41.648,3.17,203.8095361,7672,109.6,1,1
PP_7277_2,PP_7277,ngct,4099,n_4099,DUK,109.6,0.003166431,109.6,20.73080578,41.648,3.17,335.0887643,7672,109.6,1,1
PP_7277_3,PP_7277,ngct,4099,n_4099,DUK,109.6,0.003166431,109.6,20.71208254,41.648,3.17,334.7861255,7672,109.6,1,1
PP_7277_4,PP_7277,ngct,4099,n_4099,DUK,109.6,0.003166431,109.6,20.31965066,41.648,3.17,328.4429319,7672,109.6,1,1
PP_7277_5,PP_7277,ngct,4099,n_4099,DUK,109.6,0.003166431,109.6,17.4396495,41.648,3.17,281.8911461,7672,109.6,1,1
PP_7277_6,PP_7277,ngct,4099,n_4099,DUK,109.6,0.003166431,109.6,16.02792414,41.648,3.17,259.0722884,7672,109.6,1,1
PP_7277_7,PP_7277,ngct,4099,n_4099,DUK,109.6,0.003166431,109.6,18.1367138,41.648,3.17,293.1583596,7672,109.6,1,1
PP_7277_8,PP_7277,ngct,4099,n_4099,DUK,109.6,0.003166431,109.6,12.69175035,41.648,3.17,205.1470158,7672,109.6,1,1
PP_7277_9,PP_7277,ngct,4099,n_4099,DUK,109.6,0.003166431,109.6,14.1904608,41.648,3.17,229.3718838,7672,109.6,1,1
PP_7805_001,PP_7805,ngct,28663,n_28663,CPLE,199.4,0.011458256,199.4,8.586263318,75.772,3.17,252.5006416,13958,199.4,1,1
PP_7805_002,PP_7805,ngct,28663,n_28663,CPLE,199.4,0.011458256,199.4,11.71478183,75.772,3.17,344.5025872,13958,199.4,1,1
PP_7805_003,PP_7805,ngct,28663,n_28663,CPLE,199.4,0.011458256,199.4,9.632253189,75.772,3.17,283.2606012,13958,199.4,1,1
PP_7805_004,PP_7805,ngct,28663,n_28663,CPLE,199.4,0.011458256,199.4,12.37114605,75.772,3.17,363.8046259,13958,199.4,1,1
PP_7805_10,PP_7805,ngcc,28663,n_28663,CPLE,191.2,0.010987053,191.2,11.62520531,72.656,3.17,316.0715977,13384,191.2,6,6
PP_7805_6,PP_7805,ngct,28663,n_28663,CPLE,199.4,0.011458256,199.4,11.75552528,75.772,3.17,345.7007507,13958,199.4,1,1
PP_7805_7,PP_7805,ngcc,28663,n_28663,CPLE,199.4,0.011458256,199.4,11.13394722,75.772,3.17,315.6975884,13958,199.4,6,6
PP_7805_8,PP_7805,ngcc,28663,n_28663,CPLE,199.4,0.011458256,199.4,11.17414382,75.772,3.17,316.8373432,13958,199.4,6,6
PP_7805_9,PP_7805,ngcc,28663,n_28663,CPLE,191.2,0.010987053,191.2,11.67681469,72.656,3.17,317.474778,13384,191.2,6,6
PP_7805_ST4,PP_7805,ngcc,28663,n_28663,CPLE,195.5,0.011234147,195.5,7.676022526,74.29,3.17,213.3928946,13685,195.5,6,6
PP_7805_ST5,PP_7805,ngcc,28663,n_28663,CPLE,271.1,0.015578401,271.1,7.676022526,103.018,3.17,295.9120906,18977,271.1,6,6
PP_7826_001,PP_7826,ngct,4473,n_4473,DUK,199.4,0.005760825,199.4,8.319994155,75.772,3.17,244.670328,13958,199.4,1,1
PP_7826_002,PP_7826,ngct,4473,n_4473,DUK,199.4,0.005760825,199.4,11.61965432,75.772,3.17,341.7051239,13958,199.4,1,1
PP_7826_003,PP_7826,ngct,4473,n_4473,DUK,199.4,0.005760825,199.4,12.76731362,75.772,3.17,375.4549285,13958,199.4,1,1
PP_7826_4,PP_7826,ngcc,4473,n_4473,DUK,199.4,0.005760825,199.4,10.72345987,75.772,3.17,304.0584218,13958,199.4,6,6
PP_7826_5,PP_7826,ngcc,4473,n_4473,DUK,199.4,0.005760825,199.4,10.712896,75.772,3.17,303.7588885,13958,199.4,6,6
PP_7826_STG,PP_7826,ngcc,4473,n_4473,DUK,195,0.005633705,195,7.412731677,74.1,3.17,205.5463852,13650,195,6,6
PP_7834_CT1A,PP_7834,ngcc,8337,n_8337,DUK,165,0.004766981,165,11.2067642,62.7,3.17,262.9427075,11550,165,6,6
PP_7834_CT1B,PP_7834,ngcc,8337,n_8337,DUK,165,0.004766981,165,11.13612112,62.7,3.17,261.285219,11550,165,6,6
PP_7834_CT2A,PP_7834,ngct,8337,n_8337,DUK,165,0.004766981,165,17.04336612,62.7,3.17,414.7366798,11550,165,1,1
PP_7834_CT2B,PP_7834,ngct,8337,n_8337,DUK,165,0.004766981,165,17.79513976,62.7,3.17,433.0304899,11550,165,1,1
PP_7834_CT3A,PP_7834,ngct,8337,n_8337,DUK,84,0.002426827,84,8.259202161,31.92,3.17,102.3176393,5880,84,1,1
PP_7834_CT3B,PP_7834,ngct,8337,n_8337,DUK,84,0.002426827,84,8.259202161,31.92,3.17,102.3176393,5880,84,1,1
PP_7834_CT4A,PP_7834,ngct,8337,n_8337,DUK,84,0.002426827,84,8.259202161,31.92,3.17,102.3176393,5880,84,1,1
PP_7834_ST1S,PP_7834,ngcc,8337,n_8337,DUK,190,0.005489251,190,8.259202161,72.2,3.17,223.1457653,13300,190,6,6
PP_7981_1,PP_7981,ngct,4477,n_4477,DUK,99.9,0.00288619,99.9,12.01938938,37.962,3.17,177.0846926,6993,99.9,1,1
PP_7981_2,PP_7981,ngct,4477,n_4477,DUK,99.9,0.00288619,99.9,15.38481366,37.962,3.17,226.6683366,6993,99.9,1,1
PP_7981_3,PP_7981,ngct,4477,n_4477,DUK,99.9,0.00288619,99.9,12.22088881,37.962,3.17,180.0534345,6993,99.9,1,1
PP_7981_4,PP_7981,ngct,4477,n_4477,DUK,99.9,0.00288619,99.9,17.30628746,37.962,3.17,254.9778943,6993,99.9,1,1
PP_7981_5,PP_7981,ngct,4477,n_4477,DUK,99.9,0.00288619,99.9,10.35627197,37.962,3.17,152.5815647,6993,99.9,1,1
PP_7981_6,PP_7981,ngct,4477,n_4477,DUK,99.9,0.00288619,99.9,15.36601002,37.962,3.17,226.3912979,6993,99.9,1,1
PP_7981_7,PP_7981,ngct,4477,n_4477,DUK,99.9,0.00288619,99.9,11.10848832,37.962,3.17,163.6641578,6993,99.9,1,1
PP_7981_8,PP_7981,ngct,4477,n_4477,DUK,99.9,0.00288619,99.9,10.69010606,37.962,3.17,157.5000265,6993,99.9,1,1
PP_10051_GEN1,PP_10051,hydro,30069,n_30069,CPLE,0.6,3.44782E-05,10000,0,0,0,0,0,0,0,0
PP_10051_GEN2,PP_10051,hydro,30069,n_30069,CPLE,0.6,3.44782E-05,10000,0,0,0,0,0,0,0,0
PP_10173_T-1,PP_10173,hydro,4521,n_4521,DUK,4.3,0.00012423,10000,0,0,0,0,0,0,0,0
PP_10181_GEN2,PP_10181,hydro,28601,n_28601,CPLE,0.8,4.59709E-05,10000,0,0,0,0,0,0,0,0
PP_10181_GEN3,PP_10181,hydro,28601,n_28601,CPLE,0.8,4.59709E-05,10000,0,0,0,0,0,0,0,0
PP_10258_1,PP_10258,hydro,1851,n_1851,DUK,1,2.88908E-05,10000,0,0,0,0,0,0,0,0
PP_10258_2,PP_10258,hydro,1851,n_1851,DUK,0.5,1.44454E-05,10000,0,0,0,0,0,0,0,0
PP_10550_GEN1,PP_10550,hydro,4517,n_4517,DUK,1.8,5.20034E-05,10000,0,0,0,0,0,0,0,0
PP_10787_GEN1,PP_10787,hydro,14003,n_14003,DUK,1,2.88908E-05,10000,0,0,0,0,0,0,0,0
PP_10799_GEN1,PP_10799,hydro,10239,n_10239,DUK,2,5.77816E-05,10000,0,0,0,0,0,0,0,0
PP_10800_GEN1,PP_10800,hydro,10239,n_10239,DUK,3.3,9.53396E-05,10000,0,0,0,0,0,0,0,0
PP_10801_GEN1,PP_10801,hydro,28842,n_28842,DUK,3,8.66724E-05,10000,0,0,0,0,0,0,0,0
PP_10801_GEN2,PP_10801,hydro,28842,n_28842,DUK,3.2,9.24505E-05,10000,0,0,0,0,0,0,0,0
PP_2707_1,PP_2707,hydro,30525,n_30525,CPLE,3.2,0.000183884,10000,0,0,0,0,0,0,0,0
PP_2707_2,PP_2707,hydro,30525,n_30525,CPLE,3.2,0.000183884,10000,0,0,0,0,0,0,0,0
PP_2707_3,PP_2707,hydro,30525,n_30525,CPLE,3.2,0.000183884,10000,0,0,0,0,0,0,0,0
PP_2707_4,PP_2707,hydro,30525,n_30525,CPLE,5,0.000287318,10000,0,0,0,0,0,0,0,0
PP_2707_5,PP_2707,hydro,30525,n_30525,CPLE,5,0.000287318,10000,0,0,0,0,0,0,0,0
PP_2707_6,PP_2707,hydro,30525,n_30525,CPLE,5,0.000287318,10000,0,0,0,0,0,0,0,0
PP_2707_GT1,PP_2707,oil,30525,n_30525,CPLE,17.5,0.001005614,17.5,32,6.65,2,26.0095931,1225,17.5,1,1
PP_2707_GT2,PP_2707,oil,30525,n_30525,CPLE,17.5,0.001005614,17.5,48,6.65,2,39.01438965,1225,17.5,1,1
PP_2707_GT3,PP_2707,oil,30525,n_30525,CPLE,17.5,0.001005614,17.5,45,6.65,2,36.5759903,1225,17.5,1,1
PP_2707_GT4,PP_2707,oil,30525,n_30525,CPLE,17.5,0.001005614,17.5,39,6.65,2,31.69919159,1225,17.5,1,1
PP_2710_HC1,PP_2710,hydro,28601,n_28601,CPLE,2.5,0.000143659,10000,0,0,0,0,0,0,0,0
PP_2710_HC2,PP_2710,hydro,28601,n_28601,CPLE,2.5,0.000143659,10000,0,0,0,0,0,0,0,0
PP_2714_1,PP_2714,hydro,15691,n_15691,CPLE,22,0.001264201,10000,0,0,0,0,0,0,0,0
PP_2714_2,PP_2714,hydro,15691,n_15691,CPLE,18,0.001034346,10000,0,0,0,0,0,0,0,0
PP_2714_3,PP_2714,hydro,15691,n_15691,CPLE,22,0.001264201,10000,0,0,0,0,0,0,0,0
PP_2714_4,PP_2714,hydro,15691,n_15691,CPLE,22,0.001264201,10000,0,0,0,0,0,0,0,0
PP_2715_1,PP_2715,hydro,6024,n_6024,CPLE,36,0.002068692,10000,0,0,0,0,0,0,0,0
PP_2715_2,PP_2715,hydro,6024,n_6024,CPLE,36,0.002068692,10000,0,0,0,0,0,0,0,0
PP_2715_3,PP_2715,hydro,6024,n_6024,CPLE,36,0.002068692,10000,0,0,0,0,0,0,0,0
PP_2719_1,PP_2719,hydro,16289,n_16289,DUK,13,0.00037558,10000,0,0,0,0,0,0,0,0
PP_2719_2,PP_2719,hydro,16289,n_16289,DUK,13,0.00037558,10000,0,0,0,0,0,0,0,0
PP_2719_3,PP_2719,hydro,16289,n_16289,DUK,1.7,4.91144E-05,10000,0,0,0,0,0,0,0,0
PP_2722_1,PP_2722,hydro,6646,n_6646,DUK,87.5,0.002527945,10000,0,0,0,0,0,0,0,0
PP_2722_2,PP_2722,hydro,6646,n_6646,DUK,87.5,0.002527945,10000,0,0,0,0,0,0,0,0
PP_2722_3,PP_2722,hydro,6646,n_6646,DUK,87.5,0.002527945,10000,0,0,0,0,0,0,0,0
PP_2722_4,PP_2722,hydro,6646,n_6646,DUK,87.5,0.002527945,10000,0,0,0,0,0,0,0,0
PP_2726_1,PP_2726,hydro,29021,n_29021,DUK,8.6,0.000248461,10000,0,0,0,0,0,0,0,0
PP_2726_2,PP_2726,hydro,29021,n_29021,DUK,8.6,0.000248461,10000,0,0,0,0,0,0,0,0
PP_2726_3,PP_2726,hydro,29021,n_29021,DUK,8.6,0.000248461,10000,0,0,0,0,0,0,0,0
PP_2728_1,PP_2728,hydro,30415,n_30415,DUK,15,0.000433362,10000,0,0,0,0,0,0,0,0
PP_2728_2,PP_2728,hydro,30415,n_30415,DUK,15,0.000433362,10000,0,0,0,0,0,0,0,0
PP_2728_3,PP_2728,hydro,30415,n_30415,DUK,15,0.000433362,10000,0,0,0,0,0,0,0,0
PP_2728_4,PP_2728,hydro,30415,n_30415,DUK,15,0.000433362,10000,0,0,0,0,0,0,0,0
PP_2729_1,PP_2729,hydro,15622,n_15622,DUK,18,0.000520034,10000,0,0,0,0,0,0,0,0
PP_2729_2,PP_2729,hydro,15622,n_15622,DUK,18,0.000520034,10000,0,0,0,0,0,0,0,0
PP_2730_1,PP_2730,hydro,14194,n_14194,DUK,8.5,0.000245572,10000,0,0,0,0,0,0,0,0
PP_2730_2,PP_2730,hydro,14194,n_14194,DUK,8.5,0.000245572,10000,0,0,0,0,0,0,0,0
PP_2730_3,PP_2730,hydro,14194,n_14194,DUK,8.5,0.000245572,10000,0,0,0,0,0,0,0,0
PP_2735_1,PP_2735,hydro,11731,n_11731,DUK,2.7,7.80051E-05,10000,0,0,0,0,0,0,0,0
PP_2735_2,PP_2735,hydro,11731,n_11731,DUK,2.7,7.80051E-05,10000,0,0,0,0,0,0,0,0
PP_2736_1,PP_2736,hydro,11731,n_11731,DUK,2.5,7.2227E-05,10000,0,0,0,0,0,0,0,0
PP_2736_2,PP_2736,hydro,11731,n_11731,DUK,2.5,7.2227E-05,10000,0,0,0,0,0,0,0,0
PP_2741_1,PP_2741,hydro,6024,n_6024,DUK,9,0.000260017,10000,0,0,0,0,0,0,0,0
PP_2743_1,PP_2743,hydro,6024,n_6024,DUK,6.4,0.000184901,10000,0,0,0,0,0,0,0,0
PP_2745_1,PP_2745,hydro,13721,n_13721,DUK,0.5,1.44454E-05,10000,0,0,0,0,0,0,0,0
PP_2745_2,PP_2745,hydro,13721,n_13721,DUK,0.5,1.44454E-05,10000,0,0,0,0,0,0,0,0
PP_2746_1,PP_2746,hydro,1063,n_1063,DUK,0.6,1.73345E-05,10000,0,0,0,0,0,0,0,0
PP_2746_2,PP_2746,hydro,1063,n_1063,DUK,0.6,1.73345E-05,10000,0,0,0,0,0,0,0,0
PP_2746_3,PP_2746,hydro,1063,n_1063,DUK,0.6,1.73345E-05,10000,0,0,0,0,0,0,0,0
PP_2747_1,PP_2747,hydro,1063,n_1063,DUK,43.2,0.001248082,10000,0,0,0,0,0,0,0,0
PP_2749_1,PP_2749,hydro,6024,n_6024,DUK,10.8,0.000312021,10000,0,0,0,0,0,0,0,0
PP_2750_1,PP_2750,hydro,7798,n_7798,DUK,21.6,0.000624041,10000,0,0,0,0,0,0,0,0
PP_2751_1,PP_2751,hydro,7798,n_7798,DUK,3,8.66724E-05,10000,0,0,0,0,0,0,0,0
PP_2758_1,PP_2758,hydro,2416,n_2416,CPLE,25,0.001436592,10000,0,0,0,0,0,0,0,0
PP_2758_2,PP_2758,hydro,2416,n_2416,CPLE,25,0.001436592,10000,0,0,0,0,0,0,0,0
PP_2758_3,PP_2758,hydro,2416,n_2416,CPLE,25,0.001436592,10000,0,0,0,0,0,0,0,0
PP_2758_4,PP_2758,hydro,2416,n_2416,CPLE,25,0.001436592,10000,0,0,0,0,0,0,0,0
PP_2773_1,PP_2773,hydro,15662,n_15662,DUK,1.2,3.4669E-05,10000,0,0,0,0,0,0,0,0
PP_2773_2,PP_2773,hydro,15662,n_15662,DUK,2.4,6.93379E-05,10000,0,0,0,0,0,0,0,0
PP_2778_1,PP_2778,hydro,1063,n_1063,DUK,13.2,0.000381359,10000,0,0,0,0,0,0,0,0
PP_2779_1,PP_2779,hydro,1063,n_1063,DUK,81,0.002340154,10000,0,0,0,0,0,0,0,0
PP_2779_2,PP_2779,hydro,1063,n_1063,DUK,92.7,0.002678177,10000,0,0,0,0,0,0,0,0
PP_2779_3,PP_2779,hydro,1063,n_1063,DUK,81,0.002340154,10000,0,0,0,0,0,0,0,0
PP_2780_1,PP_2780,hydro,1063,n_1063,DUK,70.6,0.00203969,10000,0,0,0,0,0,0,0,0
PP_2780_2,PP_2780,hydro,1063,n_1063,DUK,95,0.002744626,10000,0,0,0,0,0,0,0,0
PP_3253_1,PP_3253,hydro,28842,n_28842,DUK,0.7,2.02236E-05,10000,0,0,0,0,0,0,0,0
PP_3253_2,PP_3253,hydro,28842,n_28842,DUK,0.7,2.02236E-05,10000,0,0,0,0,0,0,0,0
PP_3254_HC1,PP_3254,hydro,30976,n_30976,DUK,5,0.000144454,10000,0,0,0,0,0,0,0,0
PP_3254_HC2,PP_3254,hydro,30976,n_30976,DUK,5,0.000144454,10000,0,0,0,0,0,0,0,0
PP_3254_HC3,PP_3254,hydro,30976,n_30976,DUK,5,0.000144454,10000,0,0,0,0,0,0,0,0
PP_3255_1,PP_3255,hydro,18271,n_18271,DUK,15,0.000433362,10000,0,0,0,0,0,0,0,0
PP_3255_2,PP_3255,hydro,18271,n_18271,DUK,15,0.000433362,10000,0,0,0,0,0,0,0,0
PP_3255_3,PP_3255,hydro,18271,n_18271,DUK,15,0.000433362,10000,0,0,0,0,0,0,0,0
PP_3256_1,PP_3256,hydro,28332,n_28332,DUK,15,0.000433362,10000,0,0,0,0,0,0,0,0
PP_3256_2,PP_3256,hydro,28332,n_28332,DUK,15,0.000433362,10000,0,0,0,0,0,0,0,0
PP_3256_3,PP_3256,hydro,28332,n_28332,DUK,15,0.000433362,10000,0,0,0,0,0,0,0,0
PP_3257_1,PP_3257,hydro,28332,n_28332,DUK,9.3,0.000268684,10000,0,0,0,0,0,0,0,0
PP_3257_2,PP_3257,hydro,28332,n_28332,DUK,8.8,0.000254239,10000,0,0,0,0,0,0,0,0
PP_3257_3,PP_3257,hydro,28332,n_28332,DUK,8.8,0.000254239,10000,0,0,0,0,0,0,0,0
PP_3257_4,PP_3257,hydro,28332,n_28332,DUK,9.4,0.000271573,10000,0,0,0,0,0,0,0,0
PP_3257_5,PP_3257,hydro,28332,n_28332,DUK,6,0.000173345,10000,0,0,0,0,0,0,0,0
PP_3258_3,PP_3258,hydro,4521,n_4521,DUK,1.4,4.04471E-05,10000,0,0,0,0,0,0,0,0
PP_3258_4,PP_3258,hydro,4521,n_4521,DUK,1.4,4.04471E-05,10000,0,0,0,0,0,0,0,0
PP_3258_5,PP_3258,hydro,4521,n_4521,DUK,1.4,4.04471E-05,10000,0,0,0,0,0,0,0,0
PP_3258_6,PP_3258,hydro,4521,n_4521,DUK,2.5,7.2227E-05,10000,0,0,0,0,0,0,0,0
PP_3259_1,PP_3259,hydro,28332,n_28332,DUK,3,8.66724E-05,10000,0,0,0,0,0,0,0,0
PP_3259_2,PP_3259,hydro,28332,n_28332,DUK,3,8.66724E-05,10000,0,0,0,0,0,0,0,0
PP_3259_5,PP_3259,hydro,28332,n_28332,DUK,3,8.66724E-05,10000,0,0,0,0,0,0,0,0
PP_3259_6,PP_3259,hydro,28332,n_28332,DUK,3,8.66724E-05,10000,0,0,0,0,0,0,0,0
PP_3261_1,PP_3261,hydro,10239,n_10239,DUK,1,2.88908E-05,10000,0,0,0,0,0,0,0,0
PP_3261_2,PP_3261,hydro,10239,n_10239,DUK,1,2.88908E-05,10000,0,0,0,0,0,0,0,0
PP_3261_3,PP_3261,hydro,10239,n_10239,DUK,1,2.88908E-05,10000,0,0,0,0,0,0,0,0
PP_3261_4,PP_3261,hydro,10239,n_10239,DUK,1,2.88908E-05,10000,0,0,0,0,0,0,0,0
PP_3262_1,PP_3262,hydro,275,n_275,DUK,193.5,0.005590369,10000,0,0,0,0,0,0,0,0
PP_3262_2,PP_3262,hydro,275,n_275,DUK,193.5,0.005590369,10000,0,0,0,0,0,0,0,0
PP_3262_3,PP_3262,hydro,275,n_275,DUK,193.5,0.005590369,10000,0,0,0,0,0,0,0,0
PP_3262_4,PP_3262,hydro,275,n_275,DUK,193.5,0.005590369,10000,0,0,0,0,0,0,0,0
PP_3267_1,PP_3267,hydro,28107,n_28107,DUK,0.6,1.73345E-05,10000,0,0,0,0,0,0,0,0
PP_3267_2,PP_3267,hydro,28107,n_28107,DUK,0.6,1.73345E-05,10000,0,0,0,0,0,0,0,0
PP_3267_3,PP_3267,hydro,28107,n_28107,DUK,0.6,1.73345E-05,10000,0,0,0,0,0,0,0,0
PP_3267_4,PP_3267,hydro,28107,n_28107,DUK,0.6,1.73345E-05,10000,0,0,0,0,0,0,0,0
PP_3270_1,PP_3270,hydro,17955,n_17955,DUK,18.1,0.000522923,10000,0,0,0,0,0,0,0,0
PP_3270_2,PP_3270,hydro,17955,n_17955,DUK,18.1,0.000522923,10000,0,0,0,0,0,0,0,0
PP_3270_3,PP_3270,hydro,17955,n_17955,DUK,18.1,0.000522923,10000,0,0,0,0,0,0,0,0
PP_3270_4,PP_3270,hydro,17955,n_17955,DUK,18.1,0.000522923,10000,0,0,0,0,0,0,0,0
PP_3270_5,PP_3270,hydro,17955,n_17955,DUK,18.1,0.000522923,10000,0,0,0,0,0,0,0,0
PP_3271_1,PP_3271,hydro,28108,n_28108,DUK,15,0.000433362,10000,0,0,0,0,0,0,0,0
PP_3271_2,PP_3271,hydro,28108,n_28108,DUK,15,0.000433362,10000,0,0,0,0,0,0,0,0
PP_3271_3,PP_3271,hydro,28108,n_28108,DUK,15,0.000433362,10000,0,0,0,0,0,0,0,0
PP_3271_4,PP_3271,hydro,28108,n_28108,DUK,15,0.000433362,10000,0,0,0,0,0,0,0,0
PP_3272_1,PP_3272,hydro,18262,n_18262,DUK,3,8.66724E-05,10000,0,0,0,0,0,0,0,0
PP_3272_2,PP_3272,hydro,18262,n_18262,DUK,3,8.66724E-05,10000,0,0,0,0,0,0,0,0
PP_3272_3,PP_3272,hydro,18262,n_18262,DUK,3,8.66724E-05,10000,0,0,0,0,0,0,0,0
PP_3272_4,PP_3272,hydro,18262,n_18262,DUK,3,8.66724E-05,10000,0,0,0,0,0,0,0,0
PP_3275_2,PP_3275,hydro,18262,n_18262,DUK,4.2,0.000121341,10000,0,0,0,0,0,0,0,0
PP_3275_HY1,PP_3275,hydro,18262,n_18262,DUK,4.2,0.000121341,10000,0,0,0,0,0,0,0,0
PP_3275_HY3,PP_3275,hydro,18262,n_18262,DUK,4.2,0.000121341,10000,0,0,0,0,0,0,0,0
PP_3275_HY4,PP_3275,hydro,18262,n_18262,DUK,4.2,0.000121341,10000,0,0,0,0,0,0,0,0
PP_3275_HY5,PP_3275,hydro,18262,n_18262,DUK,1.2,3.4669E-05,10000,0,0,0,0,0,0,0,0
PP_3289_1,PP_3289,hydro,18302,n_18302,DUK,1.1,3.17799E-05,10000,0,0,0,0,0,0,0,0
PP_3289_2,PP_3289,hydro,18302,n_18302,DUK,1.1,3.17799E-05,10000,0,0,0,0,0,0,0,0
PP_3289_3,PP_3289,hydro,18302,n_18302,DUK,1.1,3.17799E-05,10000,0,0,0,0,0,0,0,0
PP_3289_4,PP_3289,hydro,18302,n_18302,DUK,1.1,3.17799E-05,10000,0,0,0,0,0,0,0,0
PP_3290_1,PP_3290,hydro,9961,n_9961,DUK,2.5,7.2227E-05,10000,0,0,0,0,0,0,0,0
PP_3290_2,PP_3290,hydro,9961,n_9961,DUK,2.5,7.2227E-05,10000,0,0,0,0,0,0,0,0
PP_3290_4,PP_3290,hydro,9961,n_9961,DUK,2.5,7.2227E-05,10000,0,0,0,0,0,0,0,0
PP_3290_5,PP_3290,hydro,9961,n_9961,DUK,2.5,7.2227E-05,10000,0,0,0,0,0,0,0,0
PP_3290_6,PP_3290,hydro,9961,n_9961,DUK,2.5,7.2227E-05,10000,0,0,0,0,0,0,0,0
PP_3323_1,PP_3323,hydro,28803,n_28803,DUK,51.7,0.001493654,10000,0,0,0,0,0,0,0,0
PP_3323_2,PP_3323,hydro,28803,n_28803,DUK,51.7,0.001493654,10000,0,0,0,0,0,0,0,0
PP_3323_3,PP_3323,hydro,28803,n_28803,DUK,51.7,0.001493654,10000,0,0,0,0,0,0,0,0
PP_3323_4,PP_3323,hydro,28803,n_28803,DUK,51.7,0.001493654,10000,0,0,0,0,0,0,0,0
PP_3323_5,PP_3323,hydro,28803,n_28803,DUK,51.7,0.001493654,10000,0,0,0,0,0,0,0,0
PP_3323_6,PP_3323,hydro,28803,n_28803,DUK,51.7,0.001493654,10000,0,0,0,0,0,0,0,0
PP_3323_7,PP_3323,hydro,28803,n_28803,DUK,51.7,0.001493654,10000,0,0,0,0,0,0,0,0
PP_50890_GEN1,PP_50890,hydro,28601,n_28601,CPLE,0.2,1.14927E-05,10000,0,0,0,0,0,0,0,0
PP_50890_GEN2,PP_50890,hydro,28601,n_28601,CPLE,0.2,1.14927E-05,10000,0,0,0,0,0,0,0,0
PP_50890_GEN3,PP_50890,hydro,28601,n_28601,CPLE,0.2,1.14927E-05,10000,0,0,0,0,0,0,0,0
PP_50890_GEN4,PP_50890,hydro,28601,n_28601,CPLE,0.2,1.14927E-05,10000,0,0,0,0,0,0,0,0
PP_52049_1H,PP_52049,hydro,4536,n_4536,DUK,0.7,2.02236E-05,10000,0,0,0,0,0,0,0,0
PP_52049_2V,PP_52049,hydro,4536,n_4536,DUK,0.5,1.44454E-05,10000,0,0,0,0,0,0,0,0
PP_54675_DI2,PP_54675,oil,4536,n_4536,DUK,2,5.77816E-05,2,9.492011943,0.76,2,0.881726316,140,2,1,1
PP_54801_GEN1,PP_54801,hydro,7011,n_7011,DUK,0.8,2.31126E-05,10000,0,0,0,0,0,0,0,0
PP_54801_GEN2,PP_54801,hydro,7011,n_7011,DUK,0.3,8.66724E-06,10000,0,0,0,0,0,0,0,0
PP_54801_GEN3,PP_54801,hydro,7011,n_7011,DUK,0.1,2.88908E-06,10000,0,0,0,0,0,0,0,0
PP_54894_YN1,PP_54894,hydro,15692,n_15692,CPLE,24.7,0.001419353,10000,0,0,0,0,0,0,0,0
PP_54894_YN2,PP_54894,hydro,15692,n_15692,CPLE,24.7,0.001419353,10000,0,0,0,0,0,0,0,0
PP_54894_YN3,PP_54894,hydro,15692,n_15692,CPLE,29,0.001666446,10000,0,0,0,0,0,0,0,0
PP_54894_YN4,PP_54894,hydro,15692,n_15692,CPLE,30.4,0.001746896,10000,0,0,0,0,0,0,0,0
PP_54895_YF1,PP_54895,hydro,15692,n_15692,DUK,9,0.000260017,10000,0,0,0,0,0,0,0,0
PP_54895_YF2,PP_54895,hydro,15692,n_15692,DUK,11.2,0.000323577,10000,0,0,0,0,0,0,0,0
PP_54895_YF3,PP_54895,hydro,15692,n_15692,DUK,11.2,0.000323577,10000,0,0,0,0,0,0,0,0
PP_54896_HR1,PP_54896,hydro,15641,n_15641,DUK,11,0.000317799,10000,0,0,0,0,0,0,0,0
PP_54896_HR2,PP_54896,hydro,15641,n_15641,DUK,11,0.000317799,10000,0,0,0,0,0,0,0,0
PP_54896_HR3,PP_54896,hydro,15641,n_15641,DUK,11,0.000317799,10000,0,0,0,0,0,0,0,0
PP_54897_TT1,PP_54897,hydro,15692,n_15692,CPLE,14,0.000804491,10000,0,0,0,0,0,0,0,0
PP_54897_TT2,PP_54897,hydro,15692,n_15692,CPLE,14,0.000804491,10000,0,0,0,0,0,0,0,0
PP_54897_TT3,PP_54897,hydro,15692,n_15692,CPLE,14,0.000804491,10000,0,0,0,0,0,0,0,0
PP_54898_1,PP_54898,hydro,1063,n_1063,DUK,22.5,0.000650043,10000,0,0,0,0,0,0,0,0
PP_54898_2,PP_54898,hydro,1063,n_1063,DUK,22.5,0.000650043,10000,0,0,0,0,0,0,0,0
PP_54899_1A,PP_54899,hydro,1063,n_1063,DUK,27.5,0.000794497,10000,0,0,0,0,0,0,0,0
PP_54899_2A,PP_54899,hydro,1063,n_1063,DUK,27.5,0.000794497,10000,0,0,0,0,0,0,0,0
PP_54899_3A,PP_54899,hydro,1063,n_1063,DUK,27.5,0.000794497,10000,0,0,0,0,0,0,0,0
PP_54899_4A,PP_54899,hydro,1063,n_1063,DUK,27.5,0.000794497,10000,0,0,0,0,0,0,0,0
PP_54899_5,PP_54899,hydro,1063,n_1063,DUK,30,0.000866724,10000,0,0,0,0,0,0,0,0
PP_58257_UP1,PP_58257,hydro,4478,n_4478,DUK,1.1,3.17799E-05,10000,0,0,0,0,0,0,0,0
PP_58390_EMOD,PP_58390,hydro,29973,n_29973,DUK,2.2,6.35598E-05,10000,0,0,0,0,0,0,0,0
PP_58390_WMOD,PP_58390,hydro,29973,n_29973,DUK,2.2,6.35598E-05,10000,0,0,0,0,0,0,0,0
PP_6126_1,PP_6126,hydro,29011,n_29011,DUK,73.4,0.002120584,10000,0,0,0,0,0,0,0,0
PP_6126_2,PP_6126,hydro,29011,n_29011,DUK,73.4,0.002120584,10000,0,0,0,0,0,0,0,0
PP_6126_3,PP_6126,hydro,29011,n_29011,DUK,73.4,0.002120584,10000,0,0,0,0,0,0,0,0
PP_6126_4,PP_6126,hydro,29011,n_29011,DUK,73.4,0.002120584,10000,0,0,0,0,0,0,0,0
PP_6126_5,PP_6126,hydro,29011,n_29011,DUK,73.4,0.002120584,10000,0,0,0,0,0,0,0,0
PP_6126_6,PP_6126,hydro,29011,n_29011,DUK,73.4,0.002120584,10000,0,0,0,0,0,0,0,0
PP_6126_7,PP_6126,hydro,29011,n_29011,DUK,73.4,0.002120584,10000,0,0,0,0,0,0,0,0
PP_6126_8,PP_6126,hydro,29011,n_29011,DUK,73.4,0.002120584,10000,0,0,0,0,0,0,0,0
PP_6438_1,PP_6438,hydro,1063,n_1063,DUK,1.4,4.04471E-05,10000,0,0,0,0,0,0,0,0
PP_6517_1,PP_6517,hydro,29228,n_29228,DUK,78.8,0.002276595,10000,0,0,0,0,0,0,0,0
PP_6517_2,PP_6517,hydro,29228,n_29228,DUK,78.8,0.002276595,10000,0,0,0,0,0,0,0,0
PP_7125_1,PP_7125,hydro,7797,n_7797,DUK,420,0.012134134,10000,0,0,0,0,0,0,0,0
PP_7125_2,PP_7125,hydro,7797,n_7797,DUK,420,0.012134134,10000,0,0,0,0,0,0,0,0
PP_7125_3,PP_7125,hydro,7797,n_7797,DUK,324,0.009360618,10000,0,0,0,0,0,0,0,0
PP_7125_4,PP_7125,hydro,7797,n_7797,DUK,324,0.009360618,10000,0,0,0,0,0,0,0,0
PP_3251_2,PP_3251,nuc,6705,n_6705,CPLE,768.6,0.044166576,10000,0,0,0,0,0,0,0,0
PP_3265_1,PP_3265,nuc,29228,n_29228,DUK,886.7,0.025617469,10000,0,0,0,0,0,0,0,0
PP_3265_2,PP_3265,nuc,29228,n_29228,DUK,886.7,0.025617469,10000,0,0,0,0,0,0,0,0
PP_3265_3,PP_3265,nuc,29228,n_29228,DUK,893.3,0.025808148,10000,0,0,0,0,0,0,0,0
PP_6014_1,PP_6014,nuc,18689,n_18689,CPLE,1001.6,0.05755561,10000,0,0,0,0,0,0,0,0
PP_6014_2,PP_6014,nuc,18689,n_18689,CPLE,1001.6,0.05755561,10000,0,0,0,0,0,0,0,0
PP_6015_1,PP_6015,nuc,319,n_319,CPLE,950.9,0.054642202,10000,0,0,0,0,0,0,0,0
PP_6036_1,PP_6036,nuc,28505,n_28505,DUK,1205.1,0.034816298,10000,0,0,0,0,0,0,0,0
PP_6036_2,PP_6036,nuc,28505,n_28505,DUK,1205.1,0.034816298,10000,0,0,0,0,0,0,0,0
PP_6038_1,PP_6038,nuc,6652,n_6652,DUK,1220.3,0.035255438,10000,0,0,0,0,0,0,0,0
PP_6038_2,PP_6038,nuc,6652,n_6652,DUK,1220.3,0.035255438,10000,0,0,0,0,0,0,0,0
PP_6127_1,PP_6127,nuc,29011,n_29011,DUK,1029.6,0.029745963,10000,0,0,0,0,0,0,0,0
oil_10017,#N/A,oil,10017,n_10017,DUK,4,0.000115563,4,18,1.52,2,3.344090542,280,4,1,1
oil_13843,#N/A,oil,13843,n_13843,DUK,1.8,5.20034E-05,1.8,18,0.684,2,1.504840744,126,1.8,1,1
oil_14301,#N/A,oil,14301,n_14301,DUK,1.3,3.7558E-05,1.3,149,0.494,2,8.996532471,91,1.3,1,1
oil_14508,#N/A,oil,14508,n_14508,DUK,1.3,3.7558E-05,1.3,18,0.494,2,1.086829426,91,1.3,1,1
oil_14783,#N/A,oil,14783,n_14783,DUK,1.8,5.20034E-05,1.8,23.69230769,0.684,2,1.980730551,126,1.8,1,1
oil_15511,#N/A,oil,15511,n_15511,DUK,1,2.88908E-05,1,8.11,0.38,2,0.753349286,70,1,1,1
oil_15630,#N/A,oil,15630,n_15630,DUK,3.6,0.000104007,3.6,18.22,1.368,2,3.046466483,252,3.6,1,1
oil_15641,#N/A,oil,15641,n_15641,DUK,3.6,0.000104007,3.6,8.11,1.368,2,1.356028715,252,3.6,1,1
oil_15692,#N/A,oil,15692,n_15692,DUK,5.4,0.00015601,5.4,16.882,2.052,2,4.234120239,378,5.4,1,1
oil_15782,#N/A,oil,15782,n_15782,DUK,1.8,5.20034E-05,1.8,17.722,0.684,2,1.481599314,126,1.8,1,1
oil_17246,#N/A,oil,17246,n_17246,DUK,2.9,8.37833E-05,2.9,10.32,1.102,2,1.390026968,203,2.9,1,1
oil_18302,#N/A,oil,18302,n_18302,DUK,5.8,0.000167567,5.8,10.232,2.204,2,2.756348051,406,5.8,1,1
oil_18690,#N/A,oil,18690,n_18690,DUK,2.2,6.35598E-05,2.2,20.745,0.836,2,2.119735392,154,2.2,1,1
oil_21285,#N/A,oil,21285,n_21285,DUK,2.2,6.35598E-05,2.2,18,0.836,2,1.839249798,154,2.2,1,1
oil_23782,#N/A,oil,23782,n_23782,CPLE,9.2,0.000528666,9.2,10.79482,3.496,2,4.612631531,644,9.2,1,1
oil_28471,#N/A,oil,28471,n_28471,DUK,2.2,6.35598E-05,2.2,18,0.836,2,1.839249798,154,2.2,1,1
oil_28504,#N/A,oil,28504,n_28504,DUK,5.8,0.000167567,5.8,10.2143,2.204,2,2.751579935,406,5.8,1,1
oil_29228,#N/A,oil,29228,n_29228,DUK,10,0.000288908,10.9,9.524,4.142,2,5.706300365,763,10.9,1,1
oil_8325,#N/A,oil,8325,n_8325,DUK,2.9,8.37833E-05,2.9,9.524,1.102,2,5.706300365,203,2.9,1,1
oil_29477,#N/A,oil,29477,n_29477,DUK,2.2,6.35598E-05,2.2,8.11,0.836,2,0.828684214,154,2.2,1,1
oil_30212,#N/A,oil,30212,n_30212,DUK,2.2,6.35598E-05,2.2,18.962,0.836,2,1.937547482,154,2.2,1,1
oil_31224,#N/A,oil,31224,n_31224,DUK,1.8,5.20034E-05,1.8,8.11,0.684,2,0.678014357,126,1.8,1,1
oil_4459,#N/A,oil,4459,n_4459,DUK,1.8,5.20034E-05,1.8,18,0.684,2,1.504840744,126,1.8,1,1
oil_4475,#N/A,oil,4475,n_4475,DUK,1.8,5.20034E-05,1.8,10.3333,0.684,2,0.86388727,126,1.8,1,1
oil_4478,#N/A,oil,4478,n_4478,DUK,12.6,0.000364024,12.6,12.731,4.788,2,7.45038292,882,12.6,1,1
oil_4496,#N/A,oil,4496,n_4496,DUK,1.8,5.20034E-05,1.8,8.11,0.684,2,0.678014357,126,1.8,1,1
oil_4517,#N/A,oil,4517,n_4517,DUK,24.1,0.000696268,24.1,15.7987,9.158,2,17.68413925,1687,24.1,1,1
oil_6954,#N/A,oil,6954,n_6954,DUK,1.8,5.20034E-05,1.8,8.11,0.684,2,0.678014357,126,1.8,1,1
oil_7031,#N/A,oil,7031,n_7031,DUK,5.4,0.00015601,5.4,9.546,2.052,2,4.788403247,378,5.4,1,1
oil_7041,#N/A,oil,7041,n_7041,DUK,11,0.000317799,11,13.165,4.18,2,6.72603433,770,11,1,1
PP_2716_GT1,PP_2716,oil,28662,n_28662,CPLE,39.7,0.002281308,39.7,49.05,15.086,2,90.44301876,2779,39.7,1,1
PP_2716_GT2,PP_2716,oil,28662,n_28662,CPLE,39.7,0.002281308,39.7,51.191,15.086,2,94.3907966,2779,39.7,1,1
PP_2716_GT3,PP_2716,oil,28662,n_28662,CPLE,41.8,0.002401981,41.8,49.719,15.884,2,96.52597519,2926,41.8,1,1
PP_2716_GT4,PP_2716,oil,28662,n_28662,CPLE,41.8,0.002401981,41.8,54.803,15.884,2,106.396207,2926,41.8,1,1
PP_3320_1,PP_3320,oil,9900,n_9900,CPLE,11.5,0.000660832,11.5,18.3971,4.37,2,9.826361572,805,11.5,1,1
PP_3320_2,PP_3320,oil,9900,n_9900,CPLE,11.5,0.000660832,11.5,18.3971,4.37,2,9.826361572,805,11.5,1,1
PP_3320_3,PP_3320,oil,9900,n_9900,CPLE,26.6,0.001528534,26.6,56.959,10.108,2,70.37031964,1862,26.6,1,1
PP_3320_4,PP_3320,oil,9900,n_9900,CPLE,26.6,0.001528534,26.6,18.3971,10.108,2,22.72880155,1862,26.6,1,1
PP_3320_5,PP_3320,oil,9900,n_9900,CPLE,35.3,0.002028468,35.3,15.189,13.414,2,24.90287098,2471,35.3,1,1
PP_50555_GEN1,PP_50555,oil,10054,n_10054,CPLE,86,0.004941875,86,18,32.68,2,71.89794665,6020,86,1,1
PP_50555_GEN2,PP_50555,oil,10054,n_10054,CPLE,40,0.002298547,40,18,15.2,2,33.44090542,2800,40,1,1
PP_50555_GEN3,PP_50555,oil,10054,n_10054,CPLE,54,0.003103038,54,18,20.52,2,45.14522231,3780,54,1,1
n_10002_solar,#N/A,solar,10002,n_10002,CPLE,5,0.000287318,10000,0,0,0,0,0,0,0,0
n_10009_solar,#N/A,solar,10009,n_10009,CPLE,10,0.000574637,10000,0,0,0,0,0,0,0,0
n_10012_solar,#N/A,solar,10012,n_10012,CPLE,5,0.000287318,10000,0,0,0,0,0,0,0,0
n_10014_solar,#N/A,solar,10014,n_10014,DUK,6.9,0.000199346,10000,0,0,0,0,0,0,0,0
n_10015_solar,#N/A,solar,10015,n_10015,CPLE,3,0.000172391,10000,0,0,0,0,0,0,0,0
n_10017_solar,#N/A,solar,10017,n_10017,DUK,11.1,0.000320688,10000,0,0,0,0,0,0,0,0
n_10039_solar,#N/A,solar,10039,n_10039,CPLE,17,0.000976882,10000,0,0,0,0,0,0,0,0
n_10045_solar,#N/A,solar,10045,n_10045,CPLE,2,0.000114927,10000,0,0,0,0,0,0,0,0
n_10051_solar,#N/A,solar,10051,n_10051,CPLE,2.2,0.00012642,10000,0,0,0,0,0,0,0,0
n_10052_solar,#N/A,solar,10052,n_10052,CPLE,20,0.001149273,10000,0,0,0,0,0,0,0,0
n_10053_solar,#N/A,solar,10053,n_10053,CPLE,94.9,0.005453302,10000,0,0,0,0,0,0,0,0
n_10054_solar,#N/A,solar,10054,n_10054,CPLE,22,0.001264201,10000,0,0,0,0,0,0,0,0
n_10058_solar,#N/A,solar,10058,n_10058,DUK,22.9,0.000661599,10000,0,0,0,0,0,0,0,0
n_10584_solar,#N/A,solar,10584,n_10584,CPLE,6,0.000344782,10000,0,0,0,0,0,0,0,0
n_10707_solar,#N/A,solar,10707,n_10707,DUK,20.2,0.000583594,10000,0,0,0,0,0,0,0,0
n_11731_solar,#N/A,solar,11731,n_11731,CPLE,4,0.000229855,10000,0,0,0,0,0,0,0,0
n_11742_solar,#N/A,solar,11742,n_11742,DUK,3,8.66724E-05,10000,0,0,0,0,0,0,0,0
n_12414_solar,#N/A,solar,12414,n_12414,DUK,84.3,0.002435494,10000,0,0,0,0,0,0,0,0
n_12417_solar,#N/A,solar,12417,n_12417,CPLE,5,0.000287318,10000,0,0,0,0,0,0,0,0
n_13956_solar,#N/A,solar,13956,n_13956,CPLE,25.9,0.001488309,10000,0,0,0,0,0,0,0,0
n_14001_solar,#N/A,solar,14001,n_14001,DUK,2,5.77816E-05,10000,0,0,0,0,0,0,0,0
n_14031_solar,#N/A,solar,14031,n_14031,DUK,6,0.000173345,10000,0,0,0,0,0,0,0,0
n_14258_solar,#N/A,solar,14258,n_14258,DUK,5,0.000144454,10000,0,0,0,0,0,0,0,0
n_14577_solar,#N/A,solar,14577,n_14577,DUK,2,5.77816E-05,10000,0,0,0,0,0,0,0,0
n_14593_solar,#N/A,solar,14593,n_14593,DUK,3,8.66724E-05,10000,0,0,0,0,0,0,0,0
n_14626_solar,#N/A,solar,14626,n_14626,DUK,51.5,0.001487876,10000,0,0,0,0,0,0,0,0
n_1517_solar,#N/A,solar,1517,n_1517,DUK,5,0.000144454,10000,0,0,0,0,0,0,0,0
n_15226_solar,#N/A,solar,15226,n_15226,DUK,54.7,0.001580327,10000,0,0,0,0,0,0,0,0
n_15511_solar,#N/A,solar,15511,n_15511,DUK,9.8,0.00028313,10000,0,0,0,0,0,0,0,0
n_15512_solar,#N/A,solar,15512,n_15512,DUK,109.4,0.003160653,10000,0,0,0,0,0,0,0,0
n_15622_solar,#N/A,solar,15622,n_15622,DUK,10,0.000288908,10000,0,0,0,0,0,0,0,0
n_15630_solar,#N/A,solar,15630,n_15630,DUK,31,0.000895615,10000,0,0,0,0,0,0,0,0
n_15632_solar,#N/A,solar,15632,n_15632,DUK,130.3,0.003764471,10000,0,0,0,0,0,0,0,0
n_15664_solar,#N/A,solar,15664,n_15664,DUK,5,0.000144454,10000,0,0,0,0,0,0,0,0
n_15689_solar,#N/A,solar,15689,n_15689,CPLE,5,0.000287318,10000,0,0,0,0,0,0,0,0
n_15690_solar,#N/A,solar,15690,n_15690,CPLE,2,0.000114927,10000,0,0,0,0,0,0,0,0
n_15691_solar,#N/A,solar,15691,n_15691,DUK,8.5,0.000245572,10000,0,0,0,0,0,0,0,0
n_15692_solar,#N/A,solar,15692,n_15692,DUK,5,0.000144454,10000,0,0,0,0,0,0,0,0
n_1575_solar,#N/A,solar,1575,n_1575,DUK,24,0.000693379,10000,0,0,0,0,0,0,0,0
n_15775_solar,#N/A,solar,15775,n_15775,DUK,27.5,0.000794497,10000,0,0,0,0,0,0,0,0
n_15777_solar,#N/A,solar,15777,n_15777,DUK,79.8,0.002305485,10000,0,0,0,0,0,0,0,0
n_15782_solar,#N/A,solar,15782,n_15782,DUK,20.3,0.000586483,10000,0,0,0,0,0,0,0,0
n_16281_solar,#N/A,solar,16281,n_16281,DUK,1.1,3.17799E-05,10000,0,0,0,0,0,0,0,0
n_16404_solar,#N/A,solar,16404,n_16404,CPLE,39.5,0.002269815,10000,0,0,0,0,0,0,0,0
n_16911_solar,#N/A,solar,16911,n_16911,CPLE,75.9,0.004361492,10000,0,0,0,0,0,0,0,0
n_17072_solar,#N/A,solar,17072,n_17072,DUK,4.9,0.000141565,10000,0,0,0,0,0,0,0,0
n_17163_solar,#N/A,solar,17163,n_17163,CPLE,43.2,0.00248243,10000,0,0,0,0,0,0,0,0
n_18277_solar,#N/A,solar,18277,n_18277,CPLE,75,0.004309775,10000,0,0,0,0,0,0,0,0
n_18283_solar,#N/A,solar,18283,n_18283,CPLE,2,0.000114927,10000,0,0,0,0,0,0,0,0
n_18296_solar,#N/A,solar,18296,n_18296,DUK,3,8.66724E-05,10000,0,0,0,0,0,0,0,0
n_18302_solar,#N/A,solar,18302,n_18302,DUK,12.8,0.000369802,10000,0,0,0,0,0,0,0,0
n_1850_solar,#N/A,solar,1850,n_1850,DUK,13,0.00037558,10000,0,0,0,0,0,0,0,0
n_1851_solar,#N/A,solar,1851,n_1851,DUK,5,0.000144454,10000,0,0,0,0,0,0,0,0
n_18688_solar,#N/A,solar,18688,n_18688,CPLE,5,0.000287318,10000,0,0,0,0,0,0,0,0
n_18693_solar,#N/A,solar,18693,n_18693,CPLE,2,0.000114927,10000,0,0,0,0,0,0,0,0
n_18696_solar,#N/A,solar,18696,n_18696,CPLE,5,0.000287318,10000,0,0,0,0,0,0,0,0
n_18698_solar,#N/A,solar,18698,n_18698,DUK,5,0.000144454,10000,0,0,0,0,0,0,0,0
n_18710_solar,#N/A,solar,18710,n_18710,CPLE,9.6,0.000551651,10000,0,0,0,0,0,0,0,0
n_18866_solar,#N/A,solar,18866,n_18866,CPLE,10,0.000574637,10000,0,0,0,0,0,0,0,0
n_18868_solar,#N/A,solar,18868,n_18868,CPLE,18.8,0.001080317,10000,0,0,0,0,0,0,0,0
n_18870_solar,#N/A,solar,18870,n_18870,DUK,8.4,0.000242683,10000,0,0,0,0,0,0,0,0
n_1924_solar,#N/A,solar,1924,n_1924,CPLE,149.3,0.008579326,10000,0,0,0,0,0,0,0,0
n_22541_solar,#N/A,solar,22541,n_22541,CPLE,7,0.000402246,10000,0,0,0,0,0,0,0,0
n_22589_solar,#N/A,solar,22589,n_22589,CPLE,5,0.000287318,10000,0,0,0,0,0,0,0,0
n_22591_solar,#N/A,solar,22591,n_22591,DUK,12.8,0.000369802,10000,0,0,0,0,0,0,0,0
n_22592_solar,#N/A,solar,22592,n_22592,CPLE,10,0.000574637,10000,0,0,0,0,0,0,0,0
n_22602_solar,#N/A,solar,22602,n_22602,DUK,3.5,0.000101118,10000,0,0,0,0,0,0,0,0
n_22612_solar,#N/A,solar,22612,n_22612,CPLE,19.2,0.001103302,10000,0,0,0,0,0,0,0,0
n_22818_solar,#N/A,solar,22818,n_22818,CPLE,6.5,0.000373514,10000,0,0,0,0,0,0,0,0
n_23599_solar,#N/A,solar,23599,n_23599,CPLE,10,0.000574637,10000,0,0,0,0,0,0,0,0
n_23600_solar,#N/A,solar,23600,n_23600,CPLE,24,0.001379128,10000,0,0,0,0,0,0,0,0
n_23772_solar,#N/A,solar,23772,n_23772,CPLE,1.9,0.000109181,10000,0,0,0,0,0,0,0,0
n_23776_solar,#N/A,solar,23776,n_23776,DUK,24.4,0.000704935,10000,0,0,0,0,0,0,0,0
n_23777_solar,#N/A,solar,23777,n_23777,CPLE,29.4,0.001689432,10000,0,0,0,0,0,0,0,0
n_23779_solar,#N/A,solar,23779,n_23779,CPLW,5,0.23364486,10000,0,0,0,0,0,0,0,0
n_23782_solar,#N/A,solar,23782,n_23782,CPLE,31.9,0.001833091,10000,0,0,0,0,0,0,0,0
n_23786_solar,#N/A,solar,23786,n_23786,CPLE,5,0.000287318,10000,0,0,0,0,0,0,0,0
n_23789_solar,#N/A,solar,23789,n_23789,DUK,70,0.002022356,10000,0,0,0,0,0,0,0,0
n_23790_solar,#N/A,solar,23790,n_23790,CPLE,5,0.000287318,10000,0,0,0,0,0,0,0,0
n_23792_solar,#N/A,solar,23792,n_23792,CPLE,4.9,0.000281572,10000,0,0,0,0,0,0,0,0
n_23793_solar,#N/A,solar,23793,n_23793,DUK,80.5,0.002325709,10000,0,0,0,0,0,0,0,0
n_23819_solar,#N/A,solar,23819,n_23819,CPLE,4,0.000229855,10000,0,0,0,0,0,0,0,0
n_23847_solar,#N/A,solar,23847,n_23847,CPLW,9.8,0.457943925,10000,0,0,0,0,0,0,0,0
n_23848_solar,#N/A,solar,23848,n_23848,DUK,13.2,0.000381359,10000,0,0,0,0,0,0,0,0
n_23849_solar,#N/A,solar,23849,n_23849,DUK,5,0.000144454,10000,0,0,0,0,0,0,0,0
n_28211_solar,#N/A,solar,28211,n_28211,CPLE,12,0.000689564,10000,0,0,0,0,0,0,0,0
n_28295_solar,#N/A,solar,28295,n_28295,DUK,2,5.77816E-05,10000,0,0,0,0,0,0,0,0
n_28296_solar,#N/A,solar,28296,n_28296,DUK,1,2.88908E-05,10000,0,0,0,0,0,0,0,0
n_28298_solar,#N/A,solar,28298,n_28298,DUK,2,5.77816E-05,10000,0,0,0,0,0,0,0,0
n_28303_solar,#N/A,solar,28303,n_28303,DUK,3,8.66724E-05,10000,0,0,0,0,0,0,0,0
n_28601_solar,#N/A,solar,28601,n_28601,CPLW,6.6,0.308411215,10000,0,0,0,0,0,0,0,0
n_28635_solar,#N/A,solar,28635,n_28635,DUK,3,8.66724E-05,10000,0,0,0,0,0,0,0,0
n_28662_solar,#N/A,solar,28662,n_28662,CPLE,2,0.000114927,10000,0,0,0,0,0,0,0,0
n_28666_solar,#N/A,solar,28666,n_28666,CPLE,2.8,0.000160898,10000,0,0,0,0,0,0,0,0
n_28671_solar,#N/A,solar,28671,n_28671,CPLE,2,0.000114927,10000,0,0,0,0,0,0,0,0
n_28698_solar,#N/A,solar,28698,n_28698,DUK,4.5,0.000130009,10000,0,0,0,0,0,0,0,0
n_28700_solar,#N/A,solar,28700,n_28700,DUK,17.5,0.000505589,10000,0,0,0,0,0,0,0,0
n_28710_solar,#N/A,solar,28710,n_28710,DUK,24.9,0.000719381,10000,0,0,0,0,0,0,0,0
n_28719_solar,#N/A,solar,28719,n_28719,CPLE,82.1,0.004717767,10000,0,0,0,0,0,0,0,0
n_28766_solar,#N/A,solar,28766,n_28766,CPLE,15,0.000861955,10000,0,0,0,0,0,0,0,0
n_28842_solar,#N/A,solar,28842,n_28842,DUK,5.5,0.000158899,10000,0,0,0,0,0,0,0,0
n_28946_solar,#N/A,solar,28946,n_28946,DUK,12.8,0.000369802,10000,0,0,0,0,0,0,0,0
n_28953_solar,#N/A,solar,28953,n_28953,DUK,11.9,0.0003438,10000,0,0,0,0,0,0,0,0
n_28954_solar,#N/A,solar,28954,n_28954,CPLE,88.4,0.005079788,10000,0,0,0,0,0,0,0,0
n_28990_solar,#N/A,solar,28990,n_28990,CPLE,5,0.000287318,10000,0,0,0,0,0,0,0,0
n_28995_solar,#N/A,solar,28995,n_28995,DUK,65,0.001877902,10000,0,0,0,0,0,0,0,0
n_28996_solar,#N/A,solar,28996,n_28996,DUK,1,2.88908E-05,10000,0,0,0,0,0,0,0,0
n_28998_solar,#N/A,solar,28998,n_28998,DUK,5,0.000144454,10000,0,0,0,0,0,0,0,0
n_28999_solar,#N/A,solar,28999,n_28999,CPLE,6.9,0.000396499,10000,0,0,0,0,0,0,0,0
n_29001_solar,#N/A,solar,29001,n_29001,CPLE,19.9,0.001143527,10000,0,0,0,0,0,0,0,0
n_29016_solar,#N/A,solar,29016,n_29016,DUK,64.7,0.001869234,10000,0,0,0,0,0,0,0,0
n_29017_solar,#N/A,solar,29017,n_29017,DUK,9.9,0.000286019,10000,0,0,0,0,0,0,0,0
n_29018_solar,#N/A,solar,29018,n_29018,CPLE,5,0.000287318,10000,0,0,0,0,0,0,0,0
n_29019_solar,#N/A,solar,29019,n_29019,DUK,2,5.77816E-05,10000,0,0,0,0,0,0,0,0
n_29024_solar,#N/A,solar,29024,n_29024,DUK,100,0.00288908,10000,0,0,0,0,0,0,0,0
n_29262_solar,#N/A,solar,29262,n_29262,DUK,12.5,0.000361135,10000,0,0,0,0,0,0,0,0
n_29477_solar,#N/A,solar,29477,n_29477,DUK,2,5.77816E-05,10000,0,0,0,0,0,0,0,0
n_29661_solar,#N/A,solar,29661,n_29661,DUK,3,8.66724E-05,10000,0,0,0,0,0,0,0,0
n_29803_solar,#N/A,solar,29803,n_29803,CPLE,15.4,0.00088494,10000,0,0,0,0,0,0,0,0
n_29979_solar,#N/A,solar,29979,n_29979,CPLE,4.9,0.000281572,10000,0,0,0,0,0,0,0,0
n_29983_solar,#N/A,solar,29983,n_29983,CPLE,9.9,0.00056889,10000,0,0,0,0,0,0,0,0
n_30412_solar,#N/A,solar,30412,n_30412,DUK,10,0.000288908,10000,0,0,0,0,0,0,0,0
n_30413_solar,#N/A,solar,30413,n_30413,CPLE,14.5,0.000833223,10000,0,0,0,0,0,0,0,0
n_30415_solar,#N/A,solar,30415,n_30415,DUK,1,2.88908E-05,10000,0,0,0,0,0,0,0,0
n_30421_solar,#N/A,solar,30421,n_30421,CPLE,5,0.000287318,10000,0,0,0,0,0,0,0,0
n_30852_solar,#N/A,solar,30852,n_30852,DUK,5,0.000144454,10000,0,0,0,0,0,0,0,0
n_31010_solar,#N/A,solar,31010,n_31010,DUK,5,0.000144454,10000,0,0,0,0,0,0,0,0
n_31027_solar,#N/A,solar,31027,n_31027,DUK,54.6,0.001577437,10000,0,0,0,0,0,0,0,0
n_324_solar,#N/A,solar,324,n_324,CPLE,2,0.000114927,10000,0,0,0,0,0,0,0,0
n_333_solar,#N/A,solar,333,n_333,CPLE,1,5.74637E-05,10000,0,0,0,0,0,0,0,0
n_340_solar,#N/A,solar,340,n_340,DUK,27,0.000780051,10000,0,0,0,0,0,0,0,0
n_3484_solar,#N/A,solar,3484,n_3484,DUK,3.5,0.000101118,10000,0,0,0,0,0,0,0,0
n_4099_solar,#N/A,solar,4099,n_4099,DUK,10,0.000288908,10000,0,0,0,0,0,0,0,0
n_4473_solar,#N/A,solar,4473,n_4473,DUK,43.4,0.001253861,10000,0,0,0,0,0,0,0,0
n_4475_solar,#N/A,solar,4475,n_4475,DUK,9.3,0.000268684,10000,0,0,0,0,0,0,0,0
n_4484_solar,#N/A,solar,4484,n_4484,DUK,50,0.00144454,10000,0,0,0,0,0,0,0,0
n_4496_solar,#N/A,solar,4496,n_4496,DUK,56.4,0.001629441,10000,0,0,0,0,0,0,0,0
n_4517_solar,#N/A,solar,4517,n_4517,DUK,25,0.00072227,10000,0,0,0,0,0,0,0,0
n_4521_solar,#N/A,solar,4521,n_4521,DUK,5,0.000144454,10000,0,0,0,0,0,0,0,0
n_4536_solar,#N/A,solar,4536,n_4536,DUK,4,0.000115563,10000,0,0,0,0,0,0,0,0
n_6400_solar,#N/A,solar,6400,n_6400,CPLE,85,0.004884412,10000,0,0,0,0,0,0,0,0
n_6402_solar,#N/A,solar,6402,n_6402,CPLE,26,0.001494055,10000,0,0,0,0,0,0,0,0
n_6403_solar,#N/A,solar,6403,n_6403,CPLE,20,0.001149273,10000,0,0,0,0,0,0,0,0
n_6404_solar,#N/A,solar,6404,n_6404,CPLE,35.4,0.002034214,10000,0,0,0,0,0,0,0,0
n_10123_solar,#N/A,solar,10123,n_10123,CPLE,80.6,0.004631572,10000,0,0,0,0,0,0,0,0
n_6650_solar,#N/A,solar,6650,n_6650,CPLE,8,0.000459709,10000,0,0,0,0,0,0,0,0
n_6651_solar,#N/A,solar,6651,n_6651,CPLE,105,0.006033685,10000,0,0,0,0,0,0,0,0
n_6655_solar,#N/A,solar,6655,n_6655,CPLE,16.2,0.000930911,10000,0,0,0,0,0,0,0,0
n_6658_solar,#N/A,solar,6658,n_6658,CPLE,9.9,0.00056889,10000,0,0,0,0,0,0,0,0
n_6661_solar,#N/A,solar,6661,n_6661,CPLE,29.8,0.001712417,10000,0,0,0,0,0,0,0,0
n_6663_solar,#N/A,solar,6663,n_6663,CPLE,86.9,0.004993593,10000,0,0,0,0,0,0,0,0
n_6665_solar,#N/A,solar,6665,n_6665,CPLE,5,0.000287318,10000,0,0,0,0,0,0,0,0
n_6670_solar,#N/A,solar,6670,n_6670,CPLE,2,0.000114927,10000,0,0,0,0,0,0,0,0
n_6677_solar,#N/A,solar,6677,n_6677,CPLE,85,0.004884412,10000,0,0,0,0,0,0,0,0
n_6679_solar,#N/A,solar,6679,n_6679,CPLE,77,0.004424702,10000,0,0,0,0,0,0,0,0
n_6680_solar,#N/A,solar,6680,n_6680,DUK,1.9,5.48925E-05,10000,0,0,0,0,0,0,0,0
n_6682_solar,#N/A,solar,6682,n_6682,DUK,4,0.000115563,10000,0,0,0,0,0,0,0,0
n_6684_solar,#N/A,solar,6684,n_6684,DUK,8.5,0.000245572,10000,0,0,0,0,0,0,0,0
n_6685_solar,#N/A,solar,6685,n_6685,DUK,8.8,0.000254239,10000,0,0,0,0,0,0,0,0
n_6692_solar,#N/A,solar,6692,n_6692,CPLE,15.6,0.000896433,10000,0,0,0,0,0,0,0,0
n_6696_solar,#N/A,solar,6696,n_6696,CPLE,9.9,0.00056889,10000,0,0,0,0,0,0,0,0
n_6700_solar,#N/A,solar,6700,n_6700,DUK,5,0.000144454,10000,0,0,0,0,0,0,0,0
n_6888_solar,#N/A,solar,6888,n_6888,CPLE,1.2,6.89564E-05,10000,0,0,0,0,0,0,0,0
n_6890_solar,#N/A,solar,6890,n_6890,CPLE,35,0.002011228,10000,0,0,0,0,0,0,0,0
n_6892_solar,#N/A,solar,6892,n_6892,CPLE,25,0.001436592,10000,0,0,0,0,0,0,0,0
n_6893_solar,#N/A,solar,6893,n_6893,CPLE,9,0.000517173,10000,0,0,0,0,0,0,0,0
n_6895_solar,#N/A,solar,6895,n_6895,CPLE,10,0.000574637,10000,0,0,0,0,0,0,0,0
n_6897_solar,#N/A,solar,6897,n_6897,DUK,10,0.000288908,10000,0,0,0,0,0,0,0,0
n_6900_solar,#N/A,solar,6900,n_6900,CPLE,5,0.000287318,10000,0,0,0,0,0,0,0,0
n_6901_solar,#N/A,solar,6901,n_6901,CPLE,15.2,0.000873448,10000,0,0,0,0,0,0,0,0
n_6902_solar,#N/A,solar,6902,n_6902,CPLE,18.3,0.001051585,10000,0,0,0,0,0,0,0,0
n_6903_solar,#N/A,solar,6903,n_6903,CPLE,4,0.000229855,10000,0,0,0,0,0,0,0,0
n_6904_solar,#N/A,solar,6904,n_6904,CPLE,4,0.000229855,10000,0,0,0,0,0,0,0,0
n_6906_solar,#N/A,solar,6906,n_6906,CPLE,23.8,0.001367635,10000,0,0,0,0,0,0,0,0
n_6907_solar,#N/A,solar,6907,n_6907,CPLE,19.4,0.001114795,10000,0,0,0,0,0,0,0,0
n_6964_solar,#N/A,solar,6964,n_6964,DUK,5.2,0.000150232,10000,0,0,0,0,0,0,0,0
n_6965_solar,#N/A,solar,6965,n_6965,DUK,4.9,0.000141565,10000,0,0,0,0,0,0,0,0
n_6969_solar,#N/A,solar,6969,n_6969,DUK,1.2,3.4669E-05,10000,0,0,0,0,0,0,0,0
n_6972_solar,#N/A,solar,6972,n_6972,DUK,1.5,4.33362E-05,10000,0,0,0,0,0,0,0,0
n_6974_solar,#N/A,solar,6974,n_6974,DUK,64.9,0.001875013,10000,0,0,0,0,0,0,0,0
n_6977_solar,#N/A,solar,6977,n_6977,DUK,15,0.000433362,10000,0,0,0,0,0,0,0,0
n_6978_solar,#N/A,solar,6978,n_6978,DUK,3,8.66724E-05,10000,0,0,0,0,0,0,0,0
n_7014_solar,#N/A,solar,7014,n_7014,DUK,5,0.000144454,10000,0,0,0,0,0,0,0,0
n_7026_solar,#N/A,solar,7026,n_7026,DUK,4,0.000115563,10000,0,0,0,0,0,0,0,0
n_7031_solar,#N/A,solar,7031,n_7031,DUK,5,0.000144454,10000,0,0,0,0,0,0,0,0
n_7041_solar,#N/A,solar,7041,n_7041,DUK,1.3,3.7558E-05,10000,0,0,0,0,0,0,0,0
n_7049_solar,#N/A,solar,7049,n_7049,DUK,10,0.000288908,10000,0,0,0,0,0,0,0,0
n_7062_solar,#N/A,solar,7062,n_7062,DUK,50.8,0.001467652,10000,0,0,0,0,0,0,0,0
n_7069_solar,#N/A,solar,7069,n_7069,CPLE,10,0.000574637,10000,0,0,0,0,0,0,0,0
n_7089_solar,#N/A,solar,7089,n_7089,CPLE,14.9,0.000856209,10000,0,0,0,0,0,0,0,0
n_7557_solar,#N/A,solar,7557,n_7557,CPLE,8.5,0.000488441,10000,0,0,0,0,0,0,0,0
n_7559_solar,#N/A,solar,7559,n_7559,CPLE,10,0.000574637,10000,0,0,0,0,0,0,0,0
n_7597_solar,#N/A,solar,7597,n_7597,DUK,1.1,3.17799E-05,10000,0,0,0,0,0,0,0,0
n_7618_solar,#N/A,solar,7618,n_7618,CPLE,8.5,0.000488441,10000,0,0,0,0,0,0,0,0
n_7619_solar,#N/A,solar,7619,n_7619,CPLE,10,0.000574637,10000,0,0,0,0,0,0,0,0
n_7700_solar,#N/A,solar,7700,n_7700,DUK,16,0.000462253,10000,0,0,0,0,0,0,0,0
n_1063_solar,#N/A,solar,1063,n_1063,DUK,3,8.66724E-05,10000,0,0,0,0,0,0,0,0
n_9412_solar,#N/A,solar,9412,n_9412,DUK,5,0.000144454,10000,0,0,0,0,0,0,0,0
n_9418_solar,#N/A,solar,9418,n_9418,DUK,85.3,0.002464385,10000,0,0,0,0,0,0,0,0
n_9419_solar,#N/A,solar,9419,n_9419,DUK,2,5.77816E-05,10000,0,0,0,0,0,0,0,0
n_9426_solar,#N/A,solar,9426,n_9426,CPLE,4,0.000229855,10000,0,0,0,0,0,0,0,0
n_9441_solar,#N/A,solar,9441,n_9441,CPLE,9.5,0.000545905,10000,0,0,0,0,0,0,0,0
n_9454_solar,#N/A,solar,9454,n_9454,DUK,14.5,0.000418917,10000,0,0,0,0,0,0,0,0
n_9479_solar,#N/A,solar,9479,n_9479,DUK,88.7,0.002562614,10000,0,0,0,0,0,0,0,0
n_9480_solar,#N/A,solar,9480,n_9480,DUK,4,0.000115563,10000,0,0,0,0,0,0,0,0
n_9488_solar,#N/A,solar,9488,n_9488,CPLE,7,0.000402246,10000,0,0,0,0,0,0,0,0
n_9508_solar,#N/A,solar,9508,n_9508,CPLE,5,0.000287318,10000,0,0,0,0,0,0,0,0
n_9820_solar,#N/A,solar,9820,n_9820,CPLE,56.3,0.003235205,10000,0,0,0,0,0,0,0,0
n_9821_solar,#N/A,solar,9821,n_9821,DUK,25.8,0.000745383,10000,0,0,0,0,0,0,0,0
n_9822_solar,#N/A,solar,9822,n_9822,CPLE,11,0.0006321,10000,0,0,0,0,0,0,0,0
n_9836_solar,#N/A,solar,9836,n_9836,CPLE,1.9,0.000109181,10000,0,0,0,0,0,0,0,0
n_9837_solar,#N/A,solar,9837,n_9837,CPLE,4.5,0.000258587,10000,0,0,0,0,0,0,0,0
n_9838_solar,#N/A,solar,9838,n_9838,CPLE,4.9,0.000281572,10000,0,0,0,0,0,0,0,0
n_9839_solar,#N/A,solar,9839,n_9839,CPLE,8.9,0.000511427,10000,0,0,0,0,0,0,0,0
n_9840_solar,#N/A,solar,9840,n_9840,DUK,5,0.000144454,10000,0,0,0,0,0,0,0,0
n_9841_solar,#N/A,solar,9841,n_9841,CPLE,9.7,0.000557398,10000,0,0,0,0,0,0,0,0
n_9846_solar,#N/A,solar,9846,n_9846,DUK,12,0.00034669,10000,0,0,0,0,0,0,0,0
n_9848_solar,#N/A,solar,9848,n_9848,CPLE,2,0.000114927,10000,0,0,0,0,0,0,0,0
n_9849_solar,#N/A,solar,9849,n_9849,CPLE,10,0.000574637,10000,0,0,0,0,0,0,0,0
n_9850_solar,#N/A,solar,9850,n_9850,CPLE,4,0.000229855,10000,0,0,0,0,0,0,0,0
n_9851_solar,#N/A,solar,9851,n_9851,CPLE,20,0.001149273,10000,0,0,0,0,0,0,0,0
n_9852_solar,#N/A,solar,9852,n_9852,CPLE,62.3,0.003579987,10000,0,0,0,0,0,0,0,0
n_9854_solar,#N/A,solar,9854,n_9854,CPLE,10,0.000574637,10000,0,0,0,0,0,0,0,0
n_9858_solar,#N/A,solar,9858,n_9858,DUK,44.8,0.001294308,10000,0,0,0,0,0,0,0,0
n_9859_solar,#N/A,solar,9859,n_9859,CPLE,95.2,0.005470541,10000,0,0,0,0,0,0,0,0
n_9862_solar,#N/A,solar,9862,n_9862,CPLE,22.4,0.001287186,10000,0,0,0,0,0,0,0,0
n_9864_solar,#N/A,solar,9864,n_9864,CPLE,5,0.000287318,10000,0,0,0,0,0,0,0,0
n_9867_solar,#N/A,solar,9867,n_9867,DUK,24.5,0.000707824,10000,0,0,0,0,0,0,0,0
n_9868_solar,#N/A,solar,9868,n_9868,CPLE,39.5,0.002269815,10000,0,0,0,0,0,0,0,0
n_9869_solar,#N/A,solar,9869,n_9869,CPLE,8.5,0.000488441,10000,0,0,0,0,0,0,0,0
n_9870_solar,#N/A,solar,9870,n_9870,DUK,17.9,0.000517145,10000,0,0,0,0,0,0,0,0
n_9871_solar,#N/A,solar,9871,n_9871,DUK,11.5,0.000332244,10000,0,0,0,0,0,0,0,0
n_9872_solar,#N/A,solar,9872,n_9872,DUK,10,0.000288908,10000,0,0,0,0,0,0,0,0
n_9873_solar,#N/A,solar,9873,n_9873,DUK,80.9,0.002337265,10000,0,0,0,0,0,0,0,0
n_9874_solar,#N/A,solar,9874,n_9874,CPLE,1.5,8.61955E-05,10000,0,0,0,0,0,0,0,0
n_9876_solar,#N/A,solar,9876,n_9876,CPLE,20.3,0.001166512,10000,0,0,0,0,0,0,0,0
n_9877_solar,#N/A,solar,9877,n_9877,CPLE,2,0.000114927,10000,0,0,0,0,0,0,0,0
n_9881_solar,#N/A,solar,9881,n_9881,DUK,19.9,0.000574927,10000,0,0,0,0,0,0,0,0
n_9883_solar,#N/A,solar,9883,n_9883,CPLE,10,0.000574637,10000,0,0,0,0,0,0,0,0
n_9886_solar,#N/A,solar,9886,n_9886,CPLE,15,0.000861955,10000,0,0,0,0,0,0,0,0
n_9887_solar,#N/A,solar,9887,n_9887,CPLE,9.8,0.000563144,10000,0,0,0,0,0,0,0,0
n_9929_solar,#N/A,solar,9929,n_9929,CPLE,2,0.000114927,10000,0,0,0,0,0,0,0,0
n_9930_solar,#N/A,solar,9930,n_9930,CPLE,4,0.000229855,10000,0,0,0,0,0,0,0,0
n_9941_solar,#N/A,solar,9941,n_9941,CPLE,14,0.000804491,10000,0,0,0,0,0,0,0,0
n_9945_solar,#N/A,solar,9945,n_9945,CPLE,6,0.000344782,10000,0,0,0,0,0,0,0,0
n_9948_solar,#N/A,solar,9948,n_9948,CPLE,4,0.000229855,10000,0,0,0,0,0,0,0,0
n_9967_solar,#N/A,solar,9967,n_9967,DUK,3.3,9.53396E-05,10000,0,0,0,0,0,0,0,0
n_9968_solar,#N/A,solar,9968,n_9968,DUK,3.4,9.82287E-05,10000,0,0,0,0,0,0,0,0
n_998_solar,#N/A,solar,998,n_998,CPLE,3.6,0.000206869,10000,0,0,0,0,0,0,0,0
n_9994_solar,#N/A,solar,9994,n_9994,CPLE,10.2,0.000586129,10000,0,0,0,0,0,0,0,0
n_9995_solar,#N/A,solar,9995,n_9995,CPLE,16.9,0.000971136,10000,0,0,0,0,0,0,0,0
n_6699_solar,PP_59825,solar,6699,n_6699,CPLE,5,0.000287318,10000,0,0,0,0,0,0,0,0
n_18697_solar,#N/A,solar,18697,n_18697,CPLE,23,0.001321664,10000,0,0,0,0,0,0,0,0
n_22427_solar,#N/A,solar,22427,n_22427,CPLE,16,0.000919419,10000,0,0,0,0,0,0,0,0
n_29953_solar,#N/A,solar,29953,n_29953,CPLE,20,0.001149273,10000,0,0,0,0,0,0,0,0
n_9986_solar,#N/A,solar,9986,n_9986,DUK,6.8,0.000196457,10000,0,0,0,0,0,0,0,0