,name,typ,node_check,DC_OPF_node,Assume_BA,capa_MW,maxcap,heat_rate,mincap,var_om,no_load,st_cost,ramp,minup,mindn,Total_Capacity,weights,fuel_type,nearest_node,Weight
0,PP_2712_1,coal,1514,n_1514,CPLE,410.8,410.8,10.80519868,156.104,4.6,540.6272956,28756,143.78,24,24,4581.4,0.0896669140437421,coal,n_1514,0.0896669140437421
1,PP_2712_2,coal,1514,n_1514,CPLE,657.0,657.0,9.840114956,249.66,4.6,787.408899,45990,229.95,24,24,4581.4,0.1434059457807657,coal,n_1514,0.1434059457807657
2,PP_2712_3,coal,1514,n_1514,CPLE,745.2,745.2,4.881865003,283.176,4.6,443.0914697,52164,260.82,24,24,4581.4,0.16265770288558085,coal,n_1514,0.16265770288558085
3,PP_2712_4,coal,1514,n_1514,CPLE,745.2,745.2,6.117322117,283.176,4.6,555.224949,52164,260.82,24,24,4581.4,0.16265770288558085,coal,n_1514,0.16265770288558085
4,PP_2718_1,coal,28502,n_28502,DUK,163.2,163.2,4.693542781,62.016,4.6,93.29442928,11424,57.12,24,24,6603.9,0.024712669786035524,coal,n_28502,0.024712669786035524
5,PP_2718_5,coal,28502,n_28502,DUK,272.0,272.0,12.70930392,103.36,4.6,430.3297173,19040,95.2,24,24,6603.9,0.04118778297672587,coal,n_28502,0.04118778297672587
6,PP_2721_5,coal,30898,n_30898,DUK,621.0,621.0,12.06297659,235.98,4.6,912.3907261,43470,217.35,24,24,6603.9,0.09403534275201018,coal,n_30898,0.09403534275201018
7,PP_2721_6,coal,30898,n_30898,DUK,909.5,909.5,9.347078398,345.61,4.6,1035.41241,63665,318.325,24,24,6603.9,0.13772164932842715,coal,n_30898,0.13772164932842715
8,PP_2727_1,coal,6669,n_6669,DUK,348.5,348.5,9.827141871,132.43,4.6,417.1236224,24395,121.975,24,24,6603.9,0.05277184693893003,coal,n_6669,0.05277184693893003
9,PP_2727_2,coal,6669,n_6669,DUK,348.5,348.5,9.897611564,132.43,4.6,420.1147845,24395,121.975,24,24,6603.9,0.05277184693893003,coal,n_6669,0.05277184693893003
10,PP_2727_3,coal,6669,n_6669,DUK,711.0,711.0,10.00982873,270.18,4.6,866.8241942,49770,248.85,24,24,6603.9,0.10766365329577977,coal,n_6669,0.10766365329577977
11,PP_2727_4,coal,6669,n_6669,DUK,711.0,711.0,9.712992375,270.18,4.6,841.1189657,49770,248.85,24,24,6603.9,0.10766365329577977,coal,n_6669,0.10766365329577977
12,PP_54276_TG3,coal,4169,n_4169,DUK,28.0,28.0,18.92863428,10.64,4.6,64.55235469,1960,9.8,24,24,6603.9,0.0042399188358394286,coal,n_4169,0.0042399188358394286
13,PP_6249_1,coal,9898,n_9898,CPLE,315.0,315.0,10.97442153,119.7,4.6,421.0435012,22050,110.25,24,24,4581.4,0.06875627537433973,coal,n_9898,0.06875627537433973
14,PP_6249_2,coal,9898,n_9898,CPLE,315.0,315.0,10.86358764,119.7,4.6,416.7912599,22050,110.25,24,24,4581.4,0.06875627537433973,coal,n_9898,0.06875627537433973
15,PP_6249_3,coal,9898,n_9898,CPLE,315.0,315.0,12.95471058,119.7,4.6,497.0190625,22050,110.25,24,24,4581.4,0.06875627537433973,coal,n_9898,0.06875627537433973
16,PP_6249_4,coal,9898,n_9898,CPLE,315.0,315.0,15.31254511,119.7,4.6,587.4794938,22050,110.25,24,24,4581.4,0.06875627537433973,coal,n_9898,0.06875627537433973
17,PP_6250_1,coal,1834,n_1834,CPLE,763.2,763.2,6.953060785,290.016,4.6,646.3223362,53424,267.12,24,24,4581.4,0.1665866329069717,coal,n_1834,0.1665866329069717
18,PP_8042_1,coal,6682,n_6682,DUK,1245.6,1245.6,9.779299392,473.328,4.6,1483.61467,87192,435.96,24,24,6603.9,0.18861581792577115,coal,n_6682,0.18861581792577115
19,PP_8042_2,coal,6682,n_6682,DUK,1245.6,1245.6,9.609722212,473.328,4.6,1457.888165,87192,435.96,24,24,6603.9,0.18861581792577115,coal,n_6682,0.18861581792577115
20,PP_1016_all,ngcc,7619,n_7619,CPLE,231.9,231.9,13.31,88.122,3.17,436.0712777,16233,231.9,6,6,2870.7,0.08078169087678964,ngcc,n_7619,0.08078169087678964
21,PP_1016_9,ngcc,7619,n_7619,CPLE,73.0,73.0,12.3847,27.74,3.17,128.5598341,5110,73.0,6,6,2870.7,0.025429337792176127,ngcc,n_7619,0.025429337792176127
22,PP_10795_GEN3,ngct,31014,n_31014,CPLE,19.0,19.0,8.79,7.22,3.17,24.6306348,1330,19.0,1,1,2581.9,0.0073589217243115535,ngct,n_31014,0.0073589217243115535
23,PP_2706_CT5,ngcc,28665,n_28665,CPLE,191.2,191.2,10.18051779,72.656,3.17,276.7927479,13384,191.2,6,6,2870.7,0.06660396418991883,ngcc,n_28665,0.06660396418991883
24,PP_2706_CT7,ngcc,28665,n_28665,CPLE,191.2,191.2,10.20180861,72.656,3.17,277.3716128,13384,191.2,6,6,2870.7,0.06660396418991883,ngcc,n_28665,0.06660396418991883
25,PP_2706_GT1,ngct,28665,n_28665,CPLE,211.7,211.7,14.65058599,80.446,3.17,457.4135049,14819,211.7,1,1,2581.9,0.08199388047561872,ngct,n_28665,0.08199388047561872
26,PP_2706_GT2,ngct,28665,n_28665,CPLE,211.8,211.8,8.87774897,80.484,3.17,277.3077106,14826,211.8,1,1,2581.9,0.08203261164258879,ngct,n_28665,0.08203261164258879
27,PP_2706_ST6,ngcc,28665,n_28665,CPLE,102.8,102.8,7.022,39.064,3.17,102.6480945,7196,102.8,6,6,2870.7,0.03581008116487268,ngcc,n_28665,0.03581008116487268
28,PP_2706_ST8,ngcc,28665,n_28665,CPLE,102.8,102.8,7.022,39.064,3.17,102.6480945,7196,102.8,6,6,2870.7,0.03581008116487268,ngcc,n_28665,0.03581008116487268
29,PP_2709_1,ngct,6661,n_6661,DUK,195.2,195.2,7.022461832,74.176,3.17,202.1633054,13664,195.2,1,1,6818.0,0.0286300968025814,ngct,n_6661,0.0286300968025814
30,PP_2709_1A,ngcc,6661,n_6661,DUK,221.0,221.0,11.69241991,83.98,3.17,367.4460893,15470,221.0,6,6,5069.4,0.04359490274983233,ngcc,n_6661,0.04359490274983233
31,PP_2709_1B,ngcc,6661,n_6661,DUK,221.0,221.0,11.8699891,83.98,3.17,373.0263802,15470,221.0,6,6,5069.4,0.04359490274983233,ngcc,n_6661,0.04359490274983233
32,PP_2709_1C,ngcc,6661,n_6661,DUK,221.0,221.0,11.59024752,83.98,3.17,364.2352189,15470,221.0,6,6,5069.4,0.04359490274983233,ngcc,n_6661,0.04359490274983233
33,PP_2709_2,ngct,6661,n_6661,DUK,195.2,195.2,12.1518319,74.176,3.17,349.8281033,13664,195.2,1,1,6818.0,0.0286300968025814,ngct,n_6661,0.0286300968025814
34,PP_2709_3,ngct,6661,n_6661,DUK,195.2,195.2,14.03650347,74.176,3.17,404.0842094,13664,195.2,1,1,6818.0,0.0286300968025814,ngct,n_6661,0.0286300968025814
35,PP_2709_4,ngct,6661,n_6661,DUK,195.2,195.2,18.01652318,74.176,3.17,518.6613989,13664,195.2,1,1,6818.0,0.0286300968025814,ngct,n_6661,0.0286300968025814
36,PP_2709_5,ngct,6661,n_6661,DUK,198.9,198.9,7.022461832,75.582,3.17,205.9952943,13923,198.9,1,1,6818.0,0.029172777940745086,ngct,n_6661,0.029172777940745086
37,PP_2709_ST1,ngcc,6661,n_6661,DUK,405.0,405.0,7.279365708,153.9,3.17,419.223398,28350,405.0,6,6,5069.4,0.07989111137412712,ngcc,n_6661,0.07989111137412712
38,PP_2713_CA1,ngcc,28666,n_28666,CPLE,288.0,288.0,7.079761535,109.44,3.17,289.9399567,20160,288.0,6,6,2870.7,0.10032396279653047,ngcc,n_28666,0.10032396279653047
39,PP_2713_CT004,ngct,28666,n_28666,CPLE,60.5,60.5,10.05826582,22.99,3.17,89.74527911,4235,60.5,1,1,2581.9,0.02343235601688679,ngct,n_28666,0.02343235601688679
40,PP_2713_CT005,ngct,28666,n_28666,CPLE,60.5,60.5,9.521436303,22.99,3.17,84.95539627,4235,60.5,1,1,2581.9,0.02343235601688679,ngct,n_28666,0.02343235601688679
41,PP_2713_CT1,ngcc,28666,n_28666,CPLE,221.0,221.0,7.079761535,83.98,3.17,222.4886473,15470,221.0,6,6,2870.7,0.0769847075626154,ngcc,n_28666,0.0769847075626154
42,PP_2713_CT2,ngcc,28666,n_28666,CPLE,221.0,221.0,7.079761535,83.98,3.17,222.4886473,15470,221.0,6,6,2870.7,0.0769847075626154,ngcc,n_28666,0.0769847075626154
43,PP_2720_CT11,ngcc,31267,n_31267,DUK,185.3,185.3,11.70664028,70.414,3.17,308.464113,12971,185.3,6,6,5069.4,0.036552649228705575,ngcc,n_31267,0.036552649228705575
44,PP_2720_CT12,ngcc,31267,n_31267,DUK,185.3,185.3,11.41271849,70.414,3.17,300.7194209,12971,185.3,6,6,5069.4,0.036552649228705575,ngcc,n_31267,0.036552649228705575
45,PP_2720_ST10,ngcc,31267,n_31267,DUK,327.3,327.3,6.93533071,124.374,3.17,322.7826127,22911,327.3,6,6,5069.4,0.06456385371049829,ngcc,n_31267,0.06456385371049829
46,PP_2723_CT8,ngcc,7014,n_7014,DUK,185.3,185.3,12.05815067,70.414,3.17,317.7262359,12971,185.3,6,6,5069.4,0.036552649228705575,ngcc,n_7014,0.036552649228705575
47,PP_2723_CT9,ngcc,7014,n_7014,DUK,185.3,185.3,11.9697903,70.414,3.17,315.3979843,12971,185.3,6,6,5069.4,0.036552649228705575,ngcc,n_7014,0.036552649228705575
48,PP_2723_ST7,ngcc,7014,n_7014,DUK,327.3,327.3,7.169014213,124.374,3.17,333.6586581,22911,327.3,6,6,5069.4,0.06456385371049829,ngcc,n_7014,0.06456385371049829
49,PP_3250_12,ngct,6707,n_6707,CPLE,158.0,158.0,22.8891042,60.04,3.17,533.3582438,11060,158.0,1,1,2581.9,0.061195243812696073,ngct,n_6707,0.061195243812696073
50,PP_3250_13,ngct,6707,n_6707,CPLE,158.0,158.0,15.24638777,60.04,3.17,355.2688884,11060,158.0,1,1,2581.9,0.061195243812696073,ngct,n_6707,0.061195243812696073
51,PP_3264_3,ngct,10239,n_10239,DUK,163.2,163.2,7.192703841,62.016,3.17,173.1192899,11424,163.2,1,1,6818.0,0.023936638310354943,ngct,n_10239,0.023936638310354943
52,PP_3264_7,ngct,10239,n_10239,DUK,54.0,54.0,11.97473995,20.52,3.17,95.36587098,3780,54.0,1,1,6818.0,0.00792021120563215,ngct,n_10239,0.00792021120563215
53,PP_3264_8,ngct,10239,n_10239,DUK,54.0,54.0,15.78093839,20.52,3.17,125.6781309,3780,54.0,1,1,6818.0,0.00792021120563215,ngct,n_10239,0.00792021120563215
54,PP_3264_CT11,ngcc,10239,n_10239,DUK,242.3,242.3,12.18914372,92.074,3.17,419.9751211,16961,242.3,6,6,5069.4,0.04779658342210124,ngcc,n_10239,0.04779658342210124
55,PP_3264_CT12,ngcc,10239,n_10239,DUK,242.3,242.3,12.16408733,92.074,3.17,419.111807,16961,242.3,6,6,5069.4,0.04779658342210124,ngcc,n_10239,0.04779658342210124
56,PP_3264_ST10,ngcc,10239,n_10239,DUK,362.1,362.1,7.192703841,137.598,3.17,370.3545253,25347,362.1,6,6,5069.4,0.07142857142857144,ngcc,n_10239,0.07142857142857144
57,PP_3291_GT2,ngct,9961,n_9961,DUK,19.6,19.6,16.4977092,7.448,3.17,47.6884102,1372,19.6,1,1,6818.0,0.0028747433264887066,ngct,n_9961,0.0028747433264887066
58,PP_3291_GT3,ngct,9961,n_9961,DUK,22.3,22.3,16.49769738,8.474,3.17,54.25769313,1561,22.3,1,1,6818.0,0.003270753886770314,ngct,n_9961,0.003270753886770314
59,PP_3291_GT4,ngct,9961,n_9961,DUK,22.3,22.3,16.49769738,8.474,3.17,54.25769313,1561,22.3,1,1,6818.0,0.003270753886770314,ngct,n_9961,0.003270753886770314
60,PP_55043_GT1,ngcc,4521,n_4521,DUK,60.0,60.0,12.37510126,22.8,3.17,105.5837211,4200,60.0,6,6,5069.4,0.01183572020357439,ngcc,n_4521,0.01183572020357439
61,PP_55043_ST1,ngcc,4521,n_4521,DUK,41.2,41.2,7.260931387,15.656,3.17,42.53892406,2884,41.2,6,6,5069.4,0.008127194539787747,ngcc,n_4521,0.008127194539787747
62,PP_55166_CT01,ngct,4521,n_4521,DUK,197.0,197.0,11.94986135,74.86,3.17,347.1860137,13790,197.0,1,1,6818.0,0.02889410384276914,ngct,n_4521,0.02889410384276914
63,PP_55166_CT02,ngct,4521,n_4521,DUK,197.0,197.0,11.18838102,74.86,3.17,325.0622993,13790,197.0,1,1,6818.0,0.02889410384276914,ngct,n_4521,0.02889410384276914
64,PP_55166_CT03,ngct,4521,n_4521,DUK,197.0,197.0,7.617751931,74.86,3.17,221.3228128,13790,197.0,1,1,6818.0,0.02889410384276914,ngct,n_4521,0.02889410384276914
65,PP_55166_CT04,ngct,4521,n_4521,DUK,197.0,197.0,11.24637597,74.86,3.17,326.747259,13790,197.0,1,1,6818.0,0.02889410384276914,ngct,n_4521,0.02889410384276914
66,PP_55166_CT05,ngct,4521,n_4521,DUK,197.0,197.0,10.90407923,74.86,3.17,316.8023202,13790,197.0,1,1,6818.0,0.02889410384276914,ngct,n_4521,0.02889410384276914
67,PP_56249_1,ngct,29024,n_29024,CPLE,57.3,57.3,3.988123447,21.774,3.17,33.70205195,4011,57.3,1,1,2581.9,0.02219295867384484,ngct,n_29024,0.02219295867384484
68,PP_56249_2,ngct,29024,n_29024,CPLE,57.3,57.3,5.928300405,21.774,3.17,50.09771912,4011,57.3,1,1,2581.9,0.02219295867384484,ngct,n_29024,0.02219295867384484
69,PP_56249_3,ngct,29024,n_29024,CPLE,57.3,57.3,5.366900809,21.774,3.17,45.35355344,4011,57.3,1,1,2581.9,0.02219295867384484,ngct,n_29024,0.02219295867384484
70,PP_56249_4,ngct,29024,n_29024,CPLE,57.3,57.3,6.002832867,21.774,3.17,50.72756344,4011,57.3,1,1,2581.9,0.02219295867384484,ngct,n_29024,0.02219295867384484
71,PP_56249_5,ngct,29024,n_29024,CPLE,57.3,57.3,3.768655408,21.774,3.17,31.84741447,4011,57.3,1,1,2581.9,0.02219295867384484,ngct,n_29024,0.02219295867384484
72,PP_56249_6,ngct,29024,n_29024,CPLE,57.3,57.3,5.761277734,21.774,3.17,48.68627666,4011,57.3,1,1,2581.9,0.02219295867384484,ngct,n_29024,0.02219295867384484
73,PP_56292_ES1,ngct,28663,n_28663,CPLE,57.3,57.3,6.76235573,21.774,3.17,57.14599038,4011,57.3,1,1,2581.9,0.02219295867384484,ngct,n_28663,0.02219295867384484
74,PP_56292_ES2,ngct,28663,n_28663,CPLE,57.3,57.3,2.909009208,21.774,3.17,24.58288485,4011,57.3,1,1,2581.9,0.02219295867384484,ngct,n_28663,0.02219295867384484
75,PP_56292_ES3,ngct,28663,n_28663,CPLE,57.3,57.3,3.374423564,21.774,3.17,28.51591727,4011,57.3,1,1,2581.9,0.02219295867384484,ngct,n_28663,0.02219295867384484
76,PP_56292_ES4,ngct,28663,n_28663,CPLE,57.3,57.3,6.939299966,21.774,3.17,58.64127605,4011,57.3,1,1,2581.9,0.02219295867384484,ngct,n_28663,0.02219295867384484
77,PP_56292_ES5,ngct,28663,n_28663,CPLE,57.3,57.3,7.048787496,21.774,3.17,59.56651181,4011,57.3,1,1,2581.9,0.02219295867384484,ngct,n_28663,0.02219295867384484
78,PP_56292_ES6,ngct,28663,n_28663,CPLE,57.3,57.3,3.422845555,21.774,3.17,28.92511234,4011,57.3,1,1,2581.9,0.02219295867384484,ngct,n_28663,0.02219295867384484
79,PP_57029_1,ngct,29803,n_29803,DUK,184.0,184.0,10.33800054,69.92,3.17,280.5352908,12880,184.0,1,1,6818.0,0.026987386330302142,ngct,n_29803,0.026987386330302142
80,PP_57029_2,ngct,29803,n_29803,DUK,184.0,184.0,10.38112521,69.92,3.17,281.7055357,12880,184.0,1,1,6818.0,0.026987386330302142,ngct,n_29803,0.026987386330302142
81,PP_57029_3,ngct,29803,n_29803,DUK,184.0,184.0,10.63188612,69.92,3.17,288.510264,12880,184.0,1,1,6818.0,0.026987386330302142,ngct,n_29803,0.026987386330302142
82,PP_57029_4,ngct,29803,n_29803,DUK,184.0,184.0,9.65182645,69.92,3.17,261.9150511,12880,184.0,1,1,6818.0,0.026987386330302142,ngct,n_29803,0.026987386330302142
83,PP_57505_1,ngct,15782,n_15782,DUK,15.0,15.0,30.34166667,5.7,3.17,67.12183501,1050,15.0,1,1,6818.0,0.0022000586682311527,ngct,n_15782,0.0022000586682311527
84,PP_57505_2,ngct,15782,n_15782,DUK,15.0,15.0,30.34166667,5.7,3.17,67.12183501,1050,15.0,1,1,6818.0,0.0022000586682311527,ngct,n_15782,0.0022000586682311527
85,PP_58400_GT01,ngct,229,n_229,DUK,5.5,5.5,20.65079365,2.09,3.17,16.75068476,385,5.5,1,1,6818.0,0.0008066881783514227,ngct,n_229,0.0008066881783514227
86,PP_59325_KMEC1,ngcc,29803,n_29803,DUK,310.2,310.2,6.799916498,117.876,3.17,299.9454824,21714,310.2,6,6,5069.4,0.06119067345247958,ngcc,n_29803,0.06119067345247958
87,PP_59325_KMEC2,ngcc,29803,n_29803,DUK,233.7,233.7,6.799916498,88.806,3.17,225.9744012,16359,233.7,6,6,5069.4,0.046100130192922244,ngcc,n_29803,0.046100130192922244
88,PP_61675_CTG1,ngct,12439,n_12439,CPLE,5.6,5.6,12.80846445,2.128,3.17,10.57835709,392,5.6,1,1,2581.9,0.002168945350323405,ngct,n_12439,0.002168945350323405
89,PP_61675_STG,ngct,12439,n_12439,CPLE,1.0,1.0,18.21190476,0.38,3.17,2.685891714,70,1.0,1,1,2581.9,0.00038731166970060806,ngct,n_12439,0.00038731166970060806
90,PP_61676_CTG1,ngct,12439,n_12439,CPLE,5.6,5.6,14.03271841,2.128,3.17,11.58945374,392,5.6,1,1,2581.9,0.002168945350323405,ngct,n_12439,0.002168945350323405
91,PP_61676_CTG2,ngct,12439,n_12439,CPLE,5.6,5.6,14.03271841,2.128,3.17,11.58945374,392,5.6,1,1,2581.9,0.002168945350323405,ngct,n_12439,0.002168945350323405
92,PP_63063_GT01,ngct,229,n_229,DUK,13.4,13.4,15.11989326,5.092,3.17,29.8804169,938,13.4,1,1,6818.0,0.00196538574361983,ngct,n_229,0.00196538574361983
93,PP_7277_1,ngct,4099,n_4099,DUK,109.6,109.6,16.11295154,41.648,3.17,260.446655,7672,109.6,1,1,6818.0,0.016075095335875624,ngct,n_4099,0.016075095335875624
94,PP_7277_10,ngct,4099,n_4099,DUK,109.6,109.6,10.33347846,41.648,3.17,167.0283618,7672,109.6,1,1,6818.0,0.016075095335875624,ngct,n_4099,0.016075095335875624
95,PP_7277_11,ngct,4099,n_4099,DUK,109.6,109.6,18.77286987,41.648,3.17,303.4410642,7672,109.6,1,1,6818.0,0.016075095335875624,ngct,n_4099,0.016075095335875624
96,PP_7277_12,ngct,4099,n_4099,DUK,109.6,109.6,16.38613326,41.648,3.17,264.8623119,7672,109.6,1,1,6818.0,0.016075095335875624,ngct,n_4099,0.016075095335875624
97,PP_7277_13,ngct,4099,n_4099,DUK,109.6,109.6,16.05036228,41.648,3.17,259.4349742,7672,109.6,1,1,6818.0,0.016075095335875624,ngct,n_4099,0.016075095335875624
98,PP_7277_14,ngct,4099,n_4099,DUK,109.6,109.6,16.1252256,41.648,3.17,260.6450506,7672,109.6,1,1,6818.0,0.016075095335875624,ngct,n_4099,0.016075095335875624
99,PP_7277_15,ngct,4099,n_4099,DUK,109.6,109.6,14.43116937,41.648,3.17,233.2626509,7672,109.6,1,1,6818.0,0.016075095335875624,ngct,n_4099,0.016075095335875624
100,PP_7277_16,ngct,4099,n_4099,DUK,109.6,109.6,12.60900501,41.648,3.17,203.8095361,7672,109.6,1,1,6818.0,0.016075095335875624,ngct,n_4099,0.016075095335875624
101,PP_7277_2,ngct,4099,n_4099,DUK,109.6,109.6,20.73080578,41.648,3.17,335.0887643,7672,109.6,1,1,6818.0,0.016075095335875624,ngct,n_4099,0.016075095335875624
102,PP_7277_3,ngct,4099,n_4099,DUK,109.6,109.6,20.71208254,41.648,3.17,334.7861255,7672,109.6,1,1,6818.0,0.016075095335875624,ngct,n_4099,0.016075095335875624
103,PP_7277_4,ngct,4099,n_4099,DUK,109.6,109.6,20.31965066,41.648,3.17,328.4429319,7672,109.6,1,1,6818.0,0.016075095335875624,ngct,n_4099,0.016075095335875624
104,PP_7277_5,ngct,4099,n_4099,DUK,109.6,109.6,17.4396495,41.648,3.17,281.8911461,7672,109.6,1,1,6818.0,0.016075095335875624,ngct,n_4099,0.016075095335875624
105,PP_7277_6,ngct,4099,n_4099,DUK,109.6,109.6,16.02792414,41.648,3.17,259.0722884,7672,109.6,1,1,6818.0,0.016075095335875624,ngct,n_4099,0.016075095335875624
106,PP_7277_7,ngct,4099,n_4099,DUK,109.6,109.6,18.1367138,41.648,3.17,293.1583596,7672,109.6,1,1,6818.0,0.016075095335875624,ngct,n_4099,0.016075095335875624
107,PP_7277_8,ngct,4099,n_4099,DUK,109.6,109.6,12.69175035,41.648,3.17,205.1470158,7672,109.6,1,1,6818.0,0.016075095335875624,ngct,n_4099,0.016075095335875624
108,PP_7277_9,ngct,4099,n_4099,DUK,109.6,109.6,14.1904608,41.648,3.17,229.3718838,7672,109.6,1,1,6818.0,0.016075095335875624,ngct,n_4099,0.016075095335875624
109,PP_7805_001,ngct,28663,n_28663,CPLE,199.4,199.4,8.586263318,75.772,3.17,252.5006416,13958,199.4,1,1,2581.9,0.07722994693830125,ngct,n_28663,0.07722994693830125
110,PP_7805_002,ngct,28663,n_28663,CPLE,199.4,199.4,11.71478183,75.772,3.17,344.5025872,13958,199.4,1,1,2581.9,0.07722994693830125,ngct,n_28663,0.07722994693830125
111,PP_7805_003,ngct,28663,n_28663,CPLE,199.4,199.4,9.632253189,75.772,3.17,283.2606012,13958,199.4,1,1,2581.9,0.07722994693830125,ngct,n_28663,0.07722994693830125
112,PP_7805_004,ngct,28663,n_28663,CPLE,199.4,199.4,12.37114605,75.772,3.17,363.8046259,13958,199.4,1,1,2581.9,0.07722994693830125,ngct,n_28663,0.07722994693830125
113,PP_7805_10,ngcc,28663,n_28663,CPLE,191.2,191.2,11.62520531,72.656,3.17,316.0715977,13384,191.2,6,6,2870.7,0.06660396418991883,ngcc,n_28663,0.06660396418991883
114,PP_7805_6,ngct,28663,n_28663,CPLE,199.4,199.4,11.75552528,75.772,3.17,345.7007507,13958,199.4,1,1,2581.9,0.07722994693830125,ngct,n_28663,0.07722994693830125
115,PP_7805_7,ngcc,28663,n_28663,CPLE,199.4,199.4,11.13394722,75.772,3.17,315.6975884,13958,199.4,6,6,2870.7,0.06946041035287562,ngcc,n_28663,0.06946041035287562
116,PP_7805_8,ngcc,28663,n_28663,CPLE,199.4,199.4,11.17414382,75.772,3.17,316.8373432,13958,199.4,6,6,2870.7,0.06946041035287562,ngcc,n_28663,0.06946041035287562
117,PP_7805_9,ngcc,28663,n_28663,CPLE,191.2,191.2,11.67681469,72.656,3.17,317.474778,13384,191.2,6,6,2870.7,0.06660396418991883,ngcc,n_28663,0.06660396418991883
118,PP_7805_ST4,ngcc,28663,n_28663,CPLE,195.5,195.5,7.676022526,74.29,3.17,213.3928946,13685,195.5,6,6,2870.7,0.06810185669000593,ngcc,n_28663,0.06810185669000593
119,PP_7805_ST5,ngcc,28663,n_28663,CPLE,271.1,271.1,7.676022526,103.018,3.17,295.9120906,18977,271.1,6,6,2870.7,0.09443689692409518,ngcc,n_28663,0.09443689692409518
120,PP_7826_001,ngct,4473,n_4473,DUK,199.4,199.4,8.319994155,75.772,3.17,244.670328,13958,199.4,1,1,6818.0,0.029246113229686125,ngct,n_4473,0.029246113229686125
121,PP_7826_002,ngct,4473,n_4473,DUK,199.4,199.4,11.61965432,75.772,3.17,341.7051239,13958,199.4,1,1,6818.0,0.029246113229686125,ngct,n_4473,0.029246113229686125
122,PP_7826_003,ngct,4473,n_4473,DUK,199.4,199.4,12.76731362,75.772,3.17,375.4549285,13958,199.4,1,1,6818.0,0.029246113229686125,ngct,n_4473,0.029246113229686125
123,PP_7826_4,ngcc,4473,n_4473,DUK,199.4,199.4,10.72345987,75.772,3.17,304.0584218,13958,199.4,6,6,5069.4,0.03933404347654555,ngcc,n_4473,0.03933404347654555
124,PP_7826_5,ngcc,4473,n_4473,DUK,199.4,199.4,10.712896,75.772,3.17,303.7588885,13958,199.4,6,6,5069.4,0.03933404347654555,ngcc,n_4473,0.03933404347654555
125,PP_7826_STG,ngcc,4473,n_4473,DUK,195.0,195.0,7.412731677,74.1,3.17,205.5463852,13650,195.0,6,6,5069.4,0.03846609066161676,ngcc,n_4473,0.03846609066161676
126,PP_7834_CT1A,ngcc,8337,n_8337,DUK,165.0,165.0,11.2067642,62.7,3.17,262.9427075,11550,165.0,6,6,5069.4,0.03254823055982957,ngcc,n_8337,0.03254823055982957
127,PP_7834_CT1B,ngcc,8337,n_8337,DUK,165.0,165.0,11.13612112,62.7,3.17,261.285219,11550,165.0,6,6,5069.4,0.03254823055982957,ngcc,n_8337,0.03254823055982957
128,PP_7834_CT2A,ngct,8337,n_8337,DUK,165.0,165.0,17.04336612,62.7,3.17,414.7366798,11550,165.0,1,1,6818.0,0.02420064535054268,ngct,n_8337,0.02420064535054268
129,PP_7834_CT2B,ngct,8337,n_8337,DUK,165.0,165.0,17.79513976,62.7,3.17,433.0304899,11550,165.0,1,1,6818.0,0.02420064535054268,ngct,n_8337,0.02420064535054268
130,PP_7834_CT3A,ngct,8337,n_8337,DUK,84.0,84.0,8.259202161,31.92,3.17,102.3176393,5880,84.0,1,1,6818.0,0.012320328542094456,ngct,n_8337,0.012320328542094456
131,PP_7834_CT3B,ngct,8337,n_8337,DUK,84.0,84.0,8.259202161,31.92,3.17,102.3176393,5880,84.0,1,1,6818.0,0.012320328542094456,ngct,n_8337,0.012320328542094456
132,PP_7834_CT4A,ngct,8337,n_8337,DUK,84.0,84.0,8.259202161,31.92,3.17,102.3176393,5880,84.0,1,1,6818.0,0.012320328542094456,ngct,n_8337,0.012320328542094456
133,PP_7834_ST1S,ngcc,8337,n_8337,DUK,190.0,190.0,8.259202161,72.2,3.17,223.1457653,13300,190.0,6,6,5069.4,0.03747978064465223,ngcc,n_8337,0.03747978064465223
134,PP_7981_1,ngct,4477,n_4477,DUK,99.9,99.9,12.01938938,37.962,3.17,177.0846926,6993,99.9,1,1,6818.0,0.014652390730419478,ngct,n_4477,0.014652390730419478
135,PP_7981_2,ngct,4477,n_4477,DUK,99.9,99.9,15.38481366,37.962,3.17,226.6683366,6993,99.9,1,1,6818.0,0.014652390730419478,ngct,n_4477,0.014652390730419478
136,PP_7981_3,ngct,4477,n_4477,DUK,99.9,99.9,12.22088881,37.962,3.17,180.0534345,6993,99.9,1,1,6818.0,0.014652390730419478,ngct,n_4477,0.014652390730419478
137,PP_7981_4,ngct,4477,n_4477,DUK,99.9,99.9,17.30628746,37.962,3.17,254.9778943,6993,99.9,1,1,6818.0,0.014652390730419478,ngct,n_4477,0.014652390730419478
138,PP_7981_5,ngct,4477,n_4477,DUK,99.9,99.9,10.35627197,37.962,3.17,152.5815647,6993,99.9,1,1,6818.0,0.014652390730419478,ngct,n_4477,0.014652390730419478
139,PP_7981_6,ngct,4477,n_4477,DUK,99.9,99.9,15.36601002,37.962,3.17,226.3912979,6993,99.9,1,1,6818.0,0.014652390730419478,ngct,n_4477,0.014652390730419478
140,PP_7981_7,ngct,4477,n_4477,DUK,99.9,99.9,11.10848832,37.962,3.17,163.6641578,6993,99.9,1,1,6818.0,0.014652390730419478,ngct,n_4477,0.014652390730419478
141,PP_7981_8,ngct,4477,n_4477,DUK,99.9,99.9,10.69010606,37.962,3.17,157.5000265,6993,99.9,1,1,6818.0,0.014652390730419478,ngct,n_4477,0.014652390730419478
142,PP_10051_GEN1,hydro,30069,n_30069,CPLE,0.6,10000.0,0.0,0.0,0.0,0.0,0,0.0,0,0,367.2,0.0016339869281045752,hydro,n_30069,0.0016339869281045752
143,PP_10051_GEN2,hydro,30069,n_30069,CPLE,0.6,10000.0,0.0,0.0,0.0,0.0,0,0.0,0,0,367.2,0.0016339869281045752,hydro,n_30069,0.0016339869281045752
144,PP_10173_T-1,hydro,4521,n_4521,DUK,4.3,10000.0,0.0,0.0,0.0,0.0,0,0.0,0,0,5088.0,0.0008451257861635219,hydro,n_4521,0.0008451257861635219
145,PP_10181_GEN2,hydro,28601,n_28601,CPLE,0.8,10000.0,0.0,0.0,0.0,0.0,0,0.0,0,0,367.2,0.002178649237472767,hydro,n_28601,0.002178649237472767
146,PP_10181_GEN3,hydro,28601,n_28601,CPLE,0.8,10000.0,0.0,0.0,0.0,0.0,0,0.0,0,0,367.2,0.002178649237472767,hydro,n_28601,0.002178649237472767
147,PP_10258_1,hydro,1851,n_1851,DUK,1.0,10000.0,0.0,0.0,0.0,0.0,0,0.0,0,0,5088.0,0.00019654088050314466,hydro,n_1851,0.00019654088050314466
148,PP_10258_2,hydro,1851,n_1851,DUK,0.5,10000.0,0.0,0.0,0.0,0.0,0,0.0,0,0,5088.0,9.827044025157233e-05,hydro,n_1851,9.827044025157233e-05
149,PP_10550_GEN1,hydro,4517,n_4517,DUK,1.8,10000.0,0.0,0.0,0.0,0.0,0,0.0,0,0,5088.0,0.0003537735849056604,hydro,n_4517,0.0003537735849056604
150,PP_10787_GEN1,hydro,14003,n_14003,DUK,1.0,10000.0,0.0,0.0,0.0,0.0,0,0.0,0,0,5088.0,0.00019654088050314466,hydro,n_14003,0.00019654088050314466
151,PP_10799_GEN1,hydro,10239,n_10239,DUK,2.0,10000.0,0.0,0.0,0.0,0.0,0,0.0,0,0,5088.0,0.00039308176100628933,hydro,n_10239,0.00039308176100628933
152,PP_10800_GEN1,hydro,10239,n_10239,DUK,3.3,10000.0,0.0,0.0,0.0,0.0,0,0.0,0,0,5088.0,0.0006485849056603773,hydro,n_10239,0.0006485849056603773
153,PP_10801_GEN1,hydro,28842,n_28842,DUK,3.0,10000.0,0.0,0.0,0.0,0.0,0,0.0,0,0,5088.0,0.0005896226415094339,hydro,n_28842,0.0005896226415094339
154,PP_10801_GEN2,hydro,28842,n_28842,DUK,3.2,10000.0,0.0,0.0,0.0,0.0,0,0.0,0,0,5088.0,0.000628930817610063,hydro,n_28842,0.000628930817610063
155,PP_2707_1,hydro,30525,n_30525,CPLE,3.2,10000.0,0.0,0.0,0.0,0.0,0,0.0,0,0,367.2,0.008714596949891068,hydro,n_30525,0.008714596949891068
156,PP_2707_2,hydro,30525,n_30525,CPLE,3.2,10000.0,0.0,0.0,0.0,0.0,0,0.0,0,0,367.2,0.008714596949891068,hydro,n_30525,0.008714596949891068
157,PP_2707_3,hydro,30525,n_30525,CPLE,3.2,10000.0,0.0,0.0,0.0,0.0,0,0.0,0,0,367.2,0.008714596949891068,hydro,n_30525,0.008714596949891068
158,PP_2707_4,hydro,30525,n_30525,CPLE,5.0,10000.0,0.0,0.0,0.0,0.0,0,0.0,0,0,367.2,0.013616557734204794,hydro,n_30525,0.013616557734204794
159,PP_2707_5,hydro,30525,n_30525,CPLE,5.0,10000.0,0.0,0.0,0.0,0.0,0,0.0,0,0,367.2,0.013616557734204794,hydro,n_30525,0.013616557734204794
160,PP_2707_6,hydro,30525,n_30525,CPLE,5.0,10000.0,0.0,0.0,0.0,0.0,0,0.0,0,0,367.2,0.013616557734204794,hydro,n_30525,0.013616557734204794
161,PP_2707_GT1,oil,30525,n_30525,CPLE,17.5,17.5,32.0,6.65,2.0,26.0095931,1225,17.5,1,1,533.7,0.03278995690462806,oil,n_30525,0.03278995690462806
162,PP_2707_GT2,oil,30525,n_30525,CPLE,17.5,17.5,48.0,6.65,2.0,39.01438965,1225,17.5,1,1,533.7,0.03278995690462806,oil,n_30525,0.03278995690462806
163,PP_2707_GT3,oil,30525,n_30525,CPLE,17.5,17.5,45.0,6.65,2.0,36.5759903,1225,17.5,1,1,533.7,0.03278995690462806,oil,n_30525,0.03278995690462806
164,PP_2707_GT4,oil,30525,n_30525,CPLE,17.5,17.5,39.0,6.65,2.0,31.69919159,1225,17.5,1,1,533.7,0.03278995690462806,oil,n_30525,0.03278995690462806
165,PP_2710_HC1,hydro,28601,n_28601,CPLE,2.5,10000.0,0.0,0.0,0.0,0.0,0,0.0,0,0,367.2,0.006808278867102397,hydro,n_28601,0.006808278867102397
166,PP_2710_HC2,hydro,28601,n_28601,CPLE,2.5,10000.0,0.0,0.0,0.0,0.0,0,0.0,0,0,367.2,0.006808278867102397,hydro,n_28601,0.006808278867102397
167,PP_2714_1,hydro,15691,n_15691,CPLE,22.0,10000.0,0.0,0.0,0.0,0.0,0,0.0,0,0,367.2,0.05991285403050109,hydro,n_15691,0.05991285403050109
168,PP_2714_2,hydro,15691,n_15691,CPLE,18.0,10000.0,0.0,0.0,0.0,0.0,0,0.0,0,0,367.2,0.049019607843137254,hydro,n_15691,0.049019607843137254
169,PP_2714_3,hydro,15691,n_15691,CPLE,22.0,10000.0,0.0,0.0,0.0,0.0,0,0.0,0,0,367.2,0.05991285403050109,hydro,n_15691,0.05991285403050109
170,PP_2714_4,hydro,15691,n_15691,CPLE,22.0,10000.0,0.0,0.0,0.0,0.0,0,0.0,0,0,367.2,0.05991285403050109,hydro,n_15691,0.05991285403050109
171,PP_2715_1,hydro,6024,n_6024,CPLW,36.0,10000.0,0.0,0.0,0.0,0.0,0,0.0,0,0,108.8,0.33088235294117646,hydro,n_6024,0.33088235294117646
172,PP_2715_2,hydro,6024,n_6024,CPLW,36.0,10000.0,0.0,0.0,0.0,0.0,0,0.0,0,0,108.8,0.33088235294117646,hydro,n_6024,0.33088235294117646
173,PP_2715_3,hydro,6024,n_6024,CPLW,36.0,10000.0,0.0,0.0,0.0,0.0,0,0.0,0,0,108.8,0.33088235294117646,hydro,n_6024,0.33088235294117646
174,PP_2719_1,hydro,16289,n_16289,DUK,13.0,10000.0,0.0,0.0,0.0,0.0,0,0.0,0,0,5088.0,0.0025550314465408804,hydro,n_16289,0.0025550314465408804
175,PP_2719_2,hydro,16289,n_16289,DUK,13.0,10000.0,0.0,0.0,0.0,0.0,0,0.0,0,0,5088.0,0.0025550314465408804,hydro,n_16289,0.0025550314465408804
176,PP_2719_3,hydro,16289,n_16289,DUK,1.7,10000.0,0.0,0.0,0.0,0.0,0,0.0,0,0,5088.0,0.0003341194968553459,hydro,n_16289,0.0003341194968553459
177,PP_2722_1,hydro,6646,n_6646,DUK,87.5,10000.0,0.0,0.0,0.0,0.0,0,0.0,0,0,5088.0,0.017197327044025157,hydro,n_6646,0.017197327044025157
178,PP_2722_2,hydro,6646,n_6646,DUK,87.5,10000.0,0.0,0.0,0.0,0.0,0,0.0,0,0,5088.0,0.017197327044025157,hydro,n_6646,0.017197327044025157
179,PP_2722_3,hydro,6646,n_6646,DUK,87.5,10000.0,0.0,0.0,0.0,0.0,0,0.0,0,0,5088.0,0.017197327044025157,hydro,n_6646,0.017197327044025157
180,PP_2722_4,hydro,6646,n_6646,DUK,87.5,10000.0,0.0,0.0,0.0,0.0,0,0.0,0,0,5088.0,0.017197327044025157,hydro,n_6646,0.017197327044025157
181,PP_2726_1,hydro,29021,n_29021,DUK,8.6,10000.0,0.0,0.0,0.0,0.0,0,0.0,0,0,5088.0,0.0016902515723270439,hydro,n_29021,0.0016902515723270439
182,PP_2726_2,hydro,29021,n_29021,DUK,8.6,10000.0,0.0,0.0,0.0,0.0,0,0.0,0,0,5088.0,0.0016902515723270439,hydro,n_29021,0.0016902515723270439
183,PP_2726_3,hydro,29021,n_29021,DUK,8.6,10000.0,0.0,0.0,0.0,0.0,0,0.0,0,0,5088.0,0.0016902515723270439,hydro,n_29021,0.0016902515723270439
184,PP_2728_1,hydro,30415,n_30415,DUK,15.0,10000.0,0.0,0.0,0.0,0.0,0,0.0,0,0,5088.0,0.00294811320754717,hydro,n_30415,0.00294811320754717
185,PP_2728_2,hydro,30415,n_30415,DUK,15.0,10000.0,0.0,0.0,0.0,0.0,0,0.0,0,0,5088.0,0.00294811320754717,hydro,n_30415,0.00294811320754717
186,PP_2728_3,hydro,30415,n_30415,DUK,15.0,10000.0,0.0,0.0,0.0,0.0,0,0.0,0,0,5088.0,0.00294811320754717,hydro,n_30415,0.00294811320754717
187,PP_2728_4,hydro,30415,n_30415,DUK,15.0,10000.0,0.0,0.0,0.0,0.0,0,0.0,0,0,5088.0,0.00294811320754717,hydro,n_30415,0.00294811320754717
188,PP_2729_1,hydro,15622,n_15622,DUK,18.0,10000.0,0.0,0.0,0.0,0.0,0,0.0,0,0,5088.0,0.003537735849056604,hydro,n_15622,0.003537735849056604
189,PP_2729_2,hydro,15622,n_15622,DUK,18.0,10000.0,0.0,0.0,0.0,0.0,0,0.0,0,0,5088.0,0.003537735849056604,hydro,n_15622,0.003537735849056604
190,PP_2730_1,hydro,14194,n_14194,DUK,8.5,10000.0,0.0,0.0,0.0,0.0,0,0.0,0,0,5088.0,0.0016705974842767296,hydro,n_14194,0.0016705974842767296
191,PP_2730_2,hydro,14194,n_14194,DUK,8.5,10000.0,0.0,0.0,0.0,0.0,0,0.0,0,0,5088.0,0.0016705974842767296,hydro,n_14194,0.0016705974842767296
192,PP_2730_3,hydro,14194,n_14194,DUK,8.5,10000.0,0.0,0.0,0.0,0.0,0,0.0,0,0,5088.0,0.0016705974842767296,hydro,n_14194,0.0016705974842767296
193,PP_2735_1,hydro,11731,n_11731,DUK,2.7,10000.0,0.0,0.0,0.0,0.0,0,0.0,0,0,5088.0,0.0005306603773584906,hydro,n_11731,0.0005306603773584906
194,PP_2735_2,hydro,11731,n_11731,DUK,2.7,10000.0,0.0,0.0,0.0,0.0,0,0.0,0,0,5088.0,0.0005306603773584906,hydro,n_11731,0.0005306603773584906
195,PP_2736_1,hydro,11731,n_11731,DUK,2.5,10000.0,0.0,0.0,0.0,0.0,0,0.0,0,0,5088.0,0.0004913522012578616,hydro,n_11731,0.0004913522012578616
196,PP_2736_2,hydro,11731,n_11731,DUK,2.5,10000.0,0.0,0.0,0.0,0.0,0,0.0,0,0,5088.0,0.0004913522012578616,hydro,n_11731,0.0004913522012578616
197,PP_2741_1,hydro,6024,n_6024,DUK,9.0,10000.0,0.0,0.0,0.0,0.0,0,0.0,0,0,5088.0,0.001768867924528302,hydro,n_6024,0.001768867924528302
198,PP_2743_1,hydro,6024,n_6024,DUK,6.4,10000.0,0.0,0.0,0.0,0.0,0,0.0,0,0,5088.0,0.001257861635220126,hydro,n_6024,0.001257861635220126
199,PP_2745_1,hydro,13721,n_13721,DUK,0.5,10000.0,0.0,0.0,0.0,0.0,0,0.0,0,0,5088.0,9.827044025157233e-05,hydro,n_13721,9.827044025157233e-05
200,PP_2745_2,hydro,13721,n_13721,DUK,0.5,10000.0,0.0,0.0,0.0,0.0,0,0.0,0,0,5088.0,9.827044025157233e-05,hydro,n_13721,9.827044025157233e-05
201,PP_2746_1,hydro,1063,n_1063,DUK,0.6,10000.0,0.0,0.0,0.0,0.0,0,0.0,0,0,5088.0,0.0001179245283018868,hydro,n_1063,0.0001179245283018868
202,PP_2746_2,hydro,1063,n_1063,DUK,0.6,10000.0,0.0,0.0,0.0,0.0,0,0.0,0,0,5088.0,0.0001179245283018868,hydro,n_1063,0.0001179245283018868
203,PP_2746_3,hydro,1063,n_1063,DUK,0.6,10000.0,0.0,0.0,0.0,0.0,0,0.0,0,0,5088.0,0.0001179245283018868,hydro,n_1063,0.0001179245283018868
204,PP_2747_1,hydro,1063,n_1063,DUK,43.2,10000.0,0.0,0.0,0.0,0.0,0,0.0,0,0,5088.0,0.008490566037735849,hydro,n_1063,0.008490566037735849
205,PP_2749_1,hydro,6024,n_6024,DUK,10.8,10000.0,0.0,0.0,0.0,0.0,0,0.0,0,0,5088.0,0.0021226415094339622,hydro,n_6024,0.0021226415094339622
206,PP_2750_1,hydro,7798,n_7798,DUK,21.6,10000.0,0.0,0.0,0.0,0.0,0,0.0,0,0,5088.0,0.0042452830188679245,hydro,n_7798,0.0042452830188679245
207,PP_2751_1,hydro,7798,n_7798,DUK,3.0,10000.0,0.0,0.0,0.0,0.0,0,0.0,0,0,5088.0,0.0005896226415094339,hydro,n_7798,0.0005896226415094339
208,PP_2758_1,hydro,2416,n_2416,CPLE,25.0,10000.0,0.0,0.0,0.0,0.0,0,0.0,0,0,367.2,0.06808278867102396,hydro,n_2416,0.06808278867102396
209,PP_2758_2,hydro,2416,n_2416,CPLE,25.0,10000.0,0.0,0.0,0.0,0.0,0,0.0,0,0,367.2,0.06808278867102396,hydro,n_2416,0.06808278867102396
210,PP_2758_3,hydro,2416,n_2416,CPLE,25.0,10000.0,0.0,0.0,0.0,0.0,0,0.0,0,0,367.2,0.06808278867102396,hydro,n_2416,0.06808278867102396
211,PP_2758_4,hydro,2416,n_2416,CPLE,25.0,10000.0,0.0,0.0,0.0,0.0,0,0.0,0,0,367.2,0.06808278867102396,hydro,n_2416,0.06808278867102396
212,PP_2773_1,hydro,15662,n_15662,DUK,1.2,10000.0,0.0,0.0,0.0,0.0,0,0.0,0,0,5088.0,0.0002358490566037736,hydro,n_15662,0.0002358490566037736
213,PP_2773_2,hydro,15662,n_15662,DUK,2.4,10000.0,0.0,0.0,0.0,0.0,0,0.0,0,0,5088.0,0.0004716981132075472,hydro,n_15662,0.0004716981132075472
214,PP_2778_1,hydro,1063,n_1063,DUK,13.2,10000.0,0.0,0.0,0.0,0.0,0,0.0,0,0,5088.0,0.0025943396226415093,hydro,n_1063,0.0025943396226415093
215,PP_2779_1,hydro,1063,n_1063,DUK,81.0,10000.0,0.0,0.0,0.0,0.0,0,0.0,0,0,5088.0,0.015919811320754717,hydro,n_1063,0.015919811320754717
216,PP_2779_2,hydro,1063,n_1063,DUK,92.7,10000.0,0.0,0.0,0.0,0.0,0,0.0,0,0,5088.0,0.01821933962264151,hydro,n_1063,0.01821933962264151
217,PP_2779_3,hydro,1063,n_1063,DUK,81.0,10000.0,0.0,0.0,0.0,0.0,0,0.0,0,0,5088.0,0.015919811320754717,hydro,n_1063,0.015919811320754717
218,PP_2780_1,hydro,1063,n_1063,DUK,70.6,10000.0,0.0,0.0,0.0,0.0,0,0.0,0,0,5088.0,0.013875786163522011,hydro,n_1063,0.013875786163522011
219,PP_2780_2,hydro,1063,n_1063,DUK,95.0,10000.0,0.0,0.0,0.0,0.0,0,0.0,0,0,5088.0,0.01867138364779874,hydro,n_1063,0.01867138364779874
220,PP_3253_1,hydro,28842,n_28842,DUK,0.7,10000.0,0.0,0.0,0.0,0.0,0,0.0,0,0,5088.0,0.00013757861635220125,hydro,n_28842,0.00013757861635220125
221,PP_3253_2,hydro,28842,n_28842,DUK,0.7,10000.0,0.0,0.0,0.0,0.0,0,0.0,0,0,5088.0,0.00013757861635220125,hydro,n_28842,0.00013757861635220125
222,PP_3254_HC1,hydro,30976,n_30976,DUK,5.0,10000.0,0.0,0.0,0.0,0.0,0,0.0,0,0,5088.0,0.0009827044025157233,hydro,n_30976,0.0009827044025157233
223,PP_3254_HC2,hydro,30976,n_30976,DUK,5.0,10000.0,0.0,0.0,0.0,0.0,0,0.0,0,0,5088.0,0.0009827044025157233,hydro,n_30976,0.0009827044025157233
224,PP_3254_HC3,hydro,30976,n_30976,DUK,5.0,10000.0,0.0,0.0,0.0,0.0,0,0.0,0,0,5088.0,0.0009827044025157233,hydro,n_30976,0.0009827044025157233
225,PP_3255_1,hydro,18271,n_18271,DUK,15.0,10000.0,0.0,0.0,0.0,0.0,0,0.0,0,0,5088.0,0.00294811320754717,hydro,n_18271,0.00294811320754717
226,PP_3255_2,hydro,18271,n_18271,DUK,15.0,10000.0,0.0,0.0,0.0,0.0,0,0.0,0,0,5088.0,0.00294811320754717,hydro,n_18271,0.00294811320754717
227,PP_3255_3,hydro,18271,n_18271,DUK,15.0,10000.0,0.0,0.0,0.0,0.0,0,0.0,0,0,5088.0,0.00294811320754717,hydro,n_18271,0.00294811320754717
228,PP_3256_1,hydro,28332,n_28332,DUK,15.0,10000.0,0.0,0.0,0.0,0.0,0,0.0,0,0,5088.0,0.00294811320754717,hydro,n_28332,0.00294811320754717
229,PP_3256_2,hydro,28332,n_28332,DUK,15.0,10000.0,0.0,0.0,0.0,0.0,0,0.0,0,0,5088.0,0.00294811320754717,hydro,n_28332,0.00294811320754717
230,PP_3256_3,hydro,28332,n_28332,DUK,15.0,10000.0,0.0,0.0,0.0,0.0,0,0.0,0,0,5088.0,0.00294811320754717,hydro,n_28332,0.00294811320754717
231,PP_3257_1,hydro,28332,n_28332,DUK,9.3,10000.0,0.0,0.0,0.0,0.0,0,0.0,0,0,5088.0,0.0018278301886792455,hydro,n_28332,0.0018278301886792455
232,PP_3257_2,hydro,28332,n_28332,DUK,8.8,10000.0,0.0,0.0,0.0,0.0,0,0.0,0,0,5088.0,0.001729559748427673,hydro,n_28332,0.001729559748427673
233,PP_3257_3,hydro,28332,n_28332,DUK,8.8,10000.0,0.0,0.0,0.0,0.0,0,0.0,0,0,5088.0,0.001729559748427673,hydro,n_28332,0.001729559748427673
234,PP_3257_4,hydro,28332,n_28332,DUK,9.4,10000.0,0.0,0.0,0.0,0.0,0,0.0,0,0,5088.0,0.0018474842767295598,hydro,n_28332,0.0018474842767295598
235,PP_3257_5,hydro,28332,n_28332,DUK,6.0,10000.0,0.0,0.0,0.0,0.0,0,0.0,0,0,5088.0,0.0011792452830188679,hydro,n_28332,0.0011792452830188679
236,PP_3258_3,hydro,4521,n_4521,DUK,1.4,10000.0,0.0,0.0,0.0,0.0,0,0.0,0,0,5088.0,0.0002751572327044025,hydro,n_4521,0.0002751572327044025
237,PP_3258_4,hydro,4521,n_4521,DUK,1.4,10000.0,0.0,0.0,0.0,0.0,0,0.0,0,0,5088.0,0.0002751572327044025,hydro,n_4521,0.0002751572327044025
238,PP_3258_5,hydro,4521,n_4521,DUK,1.4,10000.0,0.0,0.0,0.0,0.0,0,0.0,0,0,5088.0,0.0002751572327044025,hydro,n_4521,0.0002751572327044025
239,PP_3258_6,hydro,4521,n_4521,DUK,2.5,10000.0,0.0,0.0,0.0,0.0,0,0.0,0,0,5088.0,0.0004913522012578616,hydro,n_4521,0.0004913522012578616
240,PP_3259_1,hydro,28332,n_28332,DUK,3.0,10000.0,0.0,0.0,0.0,0.0,0,0.0,0,0,5088.0,0.0005896226415094339,hydro,n_28332,0.0005896226415094339
241,PP_3259_2,hydro,28332,n_28332,DUK,3.0,10000.0,0.0,0.0,0.0,0.0,0,0.0,0,0,5088.0,0.0005896226415094339,hydro,n_28332,0.0005896226415094339
242,PP_3259_5,hydro,28332,n_28332,DUK,3.0,10000.0,0.0,0.0,0.0,0.0,0,0.0,0,0,5088.0,0.0005896226415094339,hydro,n_28332,0.0005896226415094339
243,PP_3259_6,hydro,28332,n_28332,DUK,3.0,10000.0,0.0,0.0,0.0,0.0,0,0.0,0,0,5088.0,0.0005896226415094339,hydro,n_28332,0.0005896226415094339
244,PP_3261_1,hydro,10239,n_10239,DUK,1.0,10000.0,0.0,0.0,0.0,0.0,0,0.0,0,0,5088.0,0.00019654088050314466,hydro,n_10239,0.00019654088050314466
245,PP_3261_2,hydro,10239,n_10239,DUK,1.0,10000.0,0.0,0.0,0.0,0.0,0,0.0,0,0,5088.0,0.00019654088050314466,hydro,n_10239,0.00019654088050314466
246,PP_3261_3,hydro,10239,n_10239,DUK,1.0,10000.0,0.0,0.0,0.0,0.0,0,0.0,0,0,5088.0,0.00019654088050314466,hydro,n_10239,0.00019654088050314466
247,PP_3261_4,hydro,10239,n_10239,DUK,1.0,10000.0,0.0,0.0,0.0,0.0,0,0.0,0,0,5088.0,0.00019654088050314466,hydro,n_10239,0.00019654088050314466
248,PP_3262_1,hydro,275,n_275,DUK,193.5,10000.0,0.0,0.0,0.0,0.0,0,0.0,0,0,5088.0,0.03803066037735849,hydro,n_275,0.03803066037735849
249,PP_3262_2,hydro,275,n_275,DUK,193.5,10000.0,0.0,0.0,0.0,0.0,0,0.0,0,0,5088.0,0.03803066037735849,hydro,n_275,0.03803066037735849
250,PP_3262_3,hydro,275,n_275,DUK,193.5,10000.0,0.0,0.0,0.0,0.0,0,0.0,0,0,5088.0,0.03803066037735849,hydro,n_275,0.03803066037735849
251,PP_3262_4,hydro,275,n_275,DUK,193.5,10000.0,0.0,0.0,0.0,0.0,0,0.0,0,0,5088.0,0.03803066037735849,hydro,n_275,0.03803066037735849
252,PP_3267_1,hydro,28107,n_28107,DUK,0.6,10000.0,0.0,0.0,0.0,0.0,0,0.0,0,0,5088.0,0.0001179245283018868,hydro,n_28107,0.0001179245283018868
253,PP_3267_2,hydro,28107,n_28107,DUK,0.6,10000.0,0.0,0.0,0.0,0.0,0,0.0,0,0,5088.0,0.0001179245283018868,hydro,n_28107,0.0001179245283018868
254,PP_3267_3,hydro,28107,n_28107,DUK,0.6,10000.0,0.0,0.0,0.0,0.0,0,0.0,0,0,5088.0,0.0001179245283018868,hydro,n_28107,0.0001179245283018868
255,PP_3267_4,hydro,28107,n_28107,DUK,0.6,10000.0,0.0,0.0,0.0,0.0,0,0.0,0,0,5088.0,0.0001179245283018868,hydro,n_28107,0.0001179245283018868
256,PP_3270_1,hydro,17955,n_17955,DUK,18.1,10000.0,0.0,0.0,0.0,0.0,0,0.0,0,0,5088.0,0.0035573899371069183,hydro,n_17955,0.0035573899371069183
257,PP_3270_2,hydro,17955,n_17955,DUK,18.1,10000.0,0.0,0.0,0.0,0.0,0,0.0,0,0,5088.0,0.0035573899371069183,hydro,n_17955,0.0035573899371069183
258,PP_3270_3,hydro,17955,n_17955,DUK,18.1,10000.0,0.0,0.0,0.0,0.0,0,0.0,0,0,5088.0,0.0035573899371069183,hydro,n_17955,0.0035573899371069183
259,PP_3270_4,hydro,17955,n_17955,DUK,18.1,10000.0,0.0,0.0,0.0,0.0,0,0.0,0,0,5088.0,0.0035573899371069183,hydro,n_17955,0.0035573899371069183
260,PP_3270_5,hydro,17955,n_17955,DUK,18.1,10000.0,0.0,0.0,0.0,0.0,0,0.0,0,0,5088.0,0.0035573899371069183,hydro,n_17955,0.0035573899371069183
261,PP_3271_1,hydro,28108,n_28108,DUK,15.0,10000.0,0.0,0.0,0.0,0.0,0,0.0,0,0,5088.0,0.00294811320754717,hydro,n_28108,0.00294811320754717
262,PP_3271_2,hydro,28108,n_28108,DUK,15.0,10000.0,0.0,0.0,0.0,0.0,0,0.0,0,0,5088.0,0.00294811320754717,hydro,n_28108,0.00294811320754717
263,PP_3271_3,hydro,28108,n_28108,DUK,15.0,10000.0,0.0,0.0,0.0,0.0,0,0.0,0,0,5088.0,0.00294811320754717,hydro,n_28108,0.00294811320754717
264,PP_3271_4,hydro,28108,n_28108,DUK,15.0,10000.0,0.0,0.0,0.0,0.0,0,0.0,0,0,5088.0,0.00294811320754717,hydro,n_28108,0.00294811320754717
265,PP_3272_1,hydro,18262,n_18262,DUK,3.0,10000.0,0.0,0.0,0.0,0.0,0,0.0,0,0,5088.0,0.0005896226415094339,hydro,n_18262,0.0005896226415094339
266,PP_3272_2,hydro,18262,n_18262,DUK,3.0,10000.0,0.0,0.0,0.0,0.0,0,0.0,0,0,5088.0,0.0005896226415094339,hydro,n_18262,0.0005896226415094339
267,PP_3272_3,hydro,18262,n_18262,DUK,3.0,10000.0,0.0,0.0,0.0,0.0,0,0.0,0,0,5088.0,0.0005896226415094339,hydro,n_18262,0.0005896226415094339
268,PP_3272_4,hydro,18262,n_18262,DUK,3.0,10000.0,0.0,0.0,0.0,0.0,0,0.0,0,0,5088.0,0.0005896226415094339,hydro,n_18262,0.0005896226415094339
269,PP_3275_2,hydro,18262,n_18262,DUK,4.2,10000.0,0.0,0.0,0.0,0.0,0,0.0,0,0,5088.0,0.0008254716981132076,hydro,n_18262,0.0008254716981132076
270,PP_3275_HY1,hydro,18262,n_18262,DUK,4.2,10000.0,0.0,0.0,0.0,0.0,0,0.0,0,0,5088.0,0.0008254716981132076,hydro,n_18262,0.0008254716981132076
271,PP_3275_HY3,hydro,18262,n_18262,DUK,4.2,10000.0,0.0,0.0,0.0,0.0,0,0.0,0,0,5088.0,0.0008254716981132076,hydro,n_18262,0.0008254716981132076
272,PP_3275_HY4,hydro,18262,n_18262,DUK,4.2,10000.0,0.0,0.0,0.0,0.0,0,0.0,0,0,5088.0,0.0008254716981132076,hydro,n_18262,0.0008254716981132076
273,PP_3275_HY5,hydro,18262,n_18262,DUK,1.2,10000.0,0.0,0.0,0.0,0.0,0,0.0,0,0,5088.0,0.0002358490566037736,hydro,n_18262,0.0002358490566037736
274,PP_3289_1,hydro,18302,n_18302,DUK,1.1,10000.0,0.0,0.0,0.0,0.0,0,0.0,0,0,5088.0,0.00021619496855345913,hydro,n_18302,0.00021619496855345913
275,PP_3289_2,hydro,18302,n_18302,DUK,1.1,10000.0,0.0,0.0,0.0,0.0,0,0.0,0,0,5088.0,0.00021619496855345913,hydro,n_18302,0.00021619496855345913
276,PP_3289_3,hydro,18302,n_18302,DUK,1.1,10000.0,0.0,0.0,0.0,0.0,0,0.0,0,0,5088.0,0.00021619496855345913,hydro,n_18302,0.00021619496855345913
277,PP_3289_4,hydro,18302,n_18302,DUK,1.1,10000.0,0.0,0.0,0.0,0.0,0,0.0,0,0,5088.0,0.00021619496855345913,hydro,n_18302,0.00021619496855345913
278,PP_3290_1,hydro,9961,n_9961,DUK,2.5,10000.0,0.0,0.0,0.0,0.0,0,0.0,0,0,5088.0,0.0004913522012578616,hydro,n_9961,0.0004913522012578616
279,PP_3290_2,hydro,9961,n_9961,DUK,2.5,10000.0,0.0,0.0,0.0,0.0,0,0.0,0,0,5088.0,0.0004913522012578616,hydro,n_9961,0.0004913522012578616
280,PP_3290_4,hydro,9961,n_9961,DUK,2.5,10000.0,0.0,0.0,0.0,0.0,0,0.0,0,0,5088.0,0.0004913522012578616,hydro,n_9961,0.0004913522012578616
281,PP_3290_5,hydro,9961,n_9961,DUK,2.5,10000.0,0.0,0.0,0.0,0.0,0,0.0,0,0,5088.0,0.0004913522012578616,hydro,n_9961,0.0004913522012578616
282,PP_3290_6,hydro,9961,n_9961,DUK,2.5,10000.0,0.0,0.0,0.0,0.0,0,0.0,0,0,5088.0,0.0004913522012578616,hydro,n_9961,0.0004913522012578616
283,PP_3323_1,hydro,28803,n_28803,DUK,51.7,10000.0,0.0,0.0,0.0,0.0,0,0.0,0,0,5088.0,0.01016116352201258,hydro,n_28803,0.01016116352201258
284,PP_3323_2,hydro,28803,n_28803,DUK,51.7,10000.0,0.0,0.0,0.0,0.0,0,0.0,0,0,5088.0,0.01016116352201258,hydro,n_28803,0.01016116352201258
285,PP_3323_3,hydro,28803,n_28803,DUK,51.7,10000.0,0.0,0.0,0.0,0.0,0,0.0,0,0,5088.0,0.01016116352201258,hydro,n_28803,0.01016116352201258
286,PP_3323_4,hydro,28803,n_28803,DUK,51.7,10000.0,0.0,0.0,0.0,0.0,0,0.0,0,0,5088.0,0.01016116352201258,hydro,n_28803,0.01016116352201258
287,PP_3323_5,hydro,28803,n_28803,DUK,51.7,10000.0,0.0,0.0,0.0,0.0,0,0.0,0,0,5088.0,0.01016116352201258,hydro,n_28803,0.01016116352201258
288,PP_3323_6,hydro,28803,n_28803,DUK,51.7,10000.0,0.0,0.0,0.0,0.0,0,0.0,0,0,5088.0,0.01016116352201258,hydro,n_28803,0.01016116352201258
289,PP_3323_7,hydro,28803,n_28803,DUK,51.7,10000.0,0.0,0.0,0.0,0.0,0,0.0,0,0,5088.0,0.01016116352201258,hydro,n_28803,0.01016116352201258
290,PP_50890_GEN1,hydro,28601,n_28601,CPLW,0.2,10000.0,0.0,0.0,0.0,0.0,0,0.0,0,0,108.8,0.0018382352941176473,hydro,n_28601,0.0018382352941176473
291,PP_50890_GEN2,hydro,28601,n_28601,CPLW,0.2,10000.0,0.0,0.0,0.0,0.0,0,0.0,0,0,108.8,0.0018382352941176473,hydro,n_28601,0.0018382352941176473
292,PP_50890_GEN3,hydro,28601,n_28601,CPLW,0.2,10000.0,0.0,0.0,0.0,0.0,0,0.0,0,0,108.8,0.0018382352941176473,hydro,n_28601,0.0018382352941176473
293,PP_50890_GEN4,hydro,28601,n_28601,CPLW,0.2,10000.0,0.0,0.0,0.0,0.0,0,0.0,0,0,108.8,0.0018382352941176473,hydro,n_28601,0.0018382352941176473
294,PP_52049_1H,hydro,4536,n_4536,DUK,0.7,10000.0,0.0,0.0,0.0,0.0,0,0.0,0,0,5088.0,0.00013757861635220125,hydro,n_4536,0.00013757861635220125
295,PP_52049_2V,hydro,4536,n_4536,DUK,0.5,10000.0,0.0,0.0,0.0,0.0,0,0.0,0,0,5088.0,9.827044025157233e-05,hydro,n_4536,9.827044025157233e-05
296,PP_54675_DI2,oil,4536,n_4536,DUK,2.0,2.0,9.492011943,0.76,2.0,0.881726316,140,2.0,1,1,128.1,0.0156128024980484,oil,n_4536,0.0156128024980484
297,PP_54801_GEN1,hydro,7011,n_7011,DUK,0.8,10000.0,0.0,0.0,0.0,0.0,0,0.0,0,0,5088.0,0.00015723270440251574,hydro,n_7011,0.00015723270440251574
298,PP_54801_GEN2,hydro,7011,n_7011,DUK,0.3,10000.0,0.0,0.0,0.0,0.0,0,0.0,0,0,5088.0,5.89622641509434e-05,hydro,n_7011,5.89622641509434e-05
299,PP_54801_GEN3,hydro,7011,n_7011,DUK,0.1,10000.0,0.0,0.0,0.0,0.0,0,0.0,0,0,5088.0,1.9654088050314468e-05,hydro,n_7011,1.9654088050314468e-05
300,PP_54894_YN1,hydro,15692,n_15692,CPLE,24.7,10000.0,0.0,0.0,0.0,0.0,0,0.0,0,0,367.2,0.06726579520697168,hydro,n_15692,0.06726579520697168
301,PP_54894_YN2,hydro,15692,n_15692,CPLE,24.7,10000.0,0.0,0.0,0.0,0.0,0,0.0,0,0,367.2,0.06726579520697168,hydro,n_15692,0.06726579520697168
302,PP_54894_YN3,hydro,15692,n_15692,CPLE,29.0,10000.0,0.0,0.0,0.0,0.0,0,0.0,0,0,367.2,0.0789760348583878,hydro,n_15692,0.0789760348583878
303,PP_54894_YN4,hydro,15692,n_15692,CPLE,30.4,10000.0,0.0,0.0,0.0,0.0,0,0.0,0,0,367.2,0.08278867102396514,hydro,n_15692,0.08278867102396514
304,PP_54895_YF1,hydro,15692,n_15692,DUK,9.0,10000.0,0.0,0.0,0.0,0.0,0,0.0,0,0,5088.0,0.001768867924528302,hydro,n_15692,0.001768867924528302
305,PP_54895_YF2,hydro,15692,n_15692,DUK,11.2,10000.0,0.0,0.0,0.0,0.0,0,0.0,0,0,5088.0,0.00220125786163522,hydro,n_15692,0.00220125786163522
306,PP_54895_YF3,hydro,15692,n_15692,DUK,11.2,10000.0,0.0,0.0,0.0,0.0,0,0.0,0,0,5088.0,0.00220125786163522,hydro,n_15692,0.00220125786163522
307,PP_54896_HR1,hydro,15641,n_15641,DUK,11.0,10000.0,0.0,0.0,0.0,0.0,0,0.0,0,0,5088.0,0.002161949685534591,hydro,n_15641,0.002161949685534591
308,PP_54896_HR2,hydro,15641,n_15641,DUK,11.0,10000.0,0.0,0.0,0.0,0.0,0,0.0,0,0,5088.0,0.002161949685534591,hydro,n_15641,0.002161949685534591
309,PP_54896_HR3,hydro,15641,n_15641,DUK,11.0,10000.0,0.0,0.0,0.0,0.0,0,0.0,0,0,5088.0,0.002161949685534591,hydro,n_15641,0.002161949685534591
310,PP_54897_TT1,hydro,15692,n_15692,CPLE,14.0,10000.0,0.0,0.0,0.0,0.0,0,0.0,0,0,367.2,0.03812636165577342,hydro,n_15692,0.03812636165577342
311,PP_54897_TT2,hydro,15692,n_15692,CPLE,14.0,10000.0,0.0,0.0,0.0,0.0,0,0.0,0,0,367.2,0.03812636165577342,hydro,n_15692,0.03812636165577342
312,PP_54897_TT3,hydro,15692,n_15692,CPLE,14.0,10000.0,0.0,0.0,0.0,0.0,0,0.0,0,0,367.2,0.03812636165577342,hydro,n_15692,0.03812636165577342
313,PP_54898_1,hydro,1063,n_1063,DUK,22.5,10000.0,0.0,0.0,0.0,0.0,0,0.0,0,0,5088.0,0.004422169811320755,hydro,n_1063,0.004422169811320755
314,PP_54898_2,hydro,1063,n_1063,DUK,22.5,10000.0,0.0,0.0,0.0,0.0,0,0.0,0,0,5088.0,0.004422169811320755,hydro,n_1063,0.004422169811320755
315,PP_54899_1A,hydro,1063,n_1063,DUK,27.5,10000.0,0.0,0.0,0.0,0.0,0,0.0,0,0,5088.0,0.005404874213836478,hydro,n_1063,0.005404874213836478
316,PP_54899_2A,hydro,1063,n_1063,DUK,27.5,10000.0,0.0,0.0,0.0,0.0,0,0.0,0,0,5088.0,0.005404874213836478,hydro,n_1063,0.005404874213836478
317,PP_54899_3A,hydro,1063,n_1063,DUK,27.5,10000.0,0.0,0.0,0.0,0.0,0,0.0,0,0,5088.0,0.005404874213836478,hydro,n_1063,0.005404874213836478
318,PP_54899_4A,hydro,1063,n_1063,DUK,27.5,10000.0,0.0,0.0,0.0,0.0,0,0.0,0,0,5088.0,0.005404874213836478,hydro,n_1063,0.005404874213836478
319,PP_54899_5,hydro,1063,n_1063,DUK,30.0,10000.0,0.0,0.0,0.0,0.0,0,0.0,0,0,5088.0,0.00589622641509434,hydro,n_1063,0.00589622641509434
320,PP_58257_UP1,hydro,4478,n_4478,DUK,1.1,10000.0,0.0,0.0,0.0,0.0,0,0.0,0,0,5088.0,0.00021619496855345913,hydro,n_4478,0.00021619496855345913
321,PP_58390_EMOD,hydro,29973,n_29973,DUK,2.2,10000.0,0.0,0.0,0.0,0.0,0,0.0,0,0,5088.0,0.00043238993710691825,hydro,n_29973,0.00043238993710691825
322,PP_58390_WMOD,hydro,29973,n_29973,DUK,2.2,10000.0,0.0,0.0,0.0,0.0,0,0.0,0,0,5088.0,0.00043238993710691825,hydro,n_29973,0.00043238993710691825
323,PP_6126_1,hydro,29011,n_29011,DUK,73.4,10000.0,0.0,0.0,0.0,0.0,0,0.0,0,0,5088.0,0.014426100628930818,hydro,n_29011,0.014426100628930818
324,PP_6126_2,hydro,29011,n_29011,DUK,73.4,10000.0,0.0,0.0,0.0,0.0,0,0.0,0,0,5088.0,0.014426100628930818,hydro,n_29011,0.014426100628930818
325,PP_6126_3,hydro,29011,n_29011,DUK,73.4,10000.0,0.0,0.0,0.0,0.0,0,0.0,0,0,5088.0,0.014426100628930818,hydro,n_29011,0.014426100628930818
326,PP_6126_4,hydro,29011,n_29011,DUK,73.4,10000.0,0.0,0.0,0.0,0.0,0,0.0,0,0,5088.0,0.014426100628930818,hydro,n_29011,0.014426100628930818
327,PP_6126_5,hydro,29011,n_29011,DUK,73.4,10000.0,0.0,0.0,0.0,0.0,0,0.0,0,0,5088.0,0.014426100628930818,hydro,n_29011,0.014426100628930818
328,PP_6126_6,hydro,29011,n_29011,DUK,73.4,10000.0,0.0,0.0,0.0,0.0,0,0.0,0,0,5088.0,0.014426100628930818,hydro,n_29011,0.014426100628930818
329,PP_6126_7,hydro,29011,n_29011,DUK,73.4,10000.0,0.0,0.0,0.0,0.0,0,0.0,0,0,5088.0,0.014426100628930818,hydro,n_29011,0.014426100628930818
330,PP_6126_8,hydro,29011,n_29011,DUK,73.4,10000.0,0.0,0.0,0.0,0.0,0,0.0,0,0,5088.0,0.014426100628930818,hydro,n_29011,0.014426100628930818
331,PP_6438_1,hydro,1063,n_1063,DUK,1.4,10000.0,0.0,0.0,0.0,0.0,0,0.0,0,0,5088.0,0.0002751572327044025,hydro,n_1063,0.0002751572327044025
332,PP_6517_1,hydro,29228,n_29228,DUK,78.8,10000.0,0.0,0.0,0.0,0.0,0,0.0,0,0,5088.0,0.015487421383647799,hydro,n_29228,0.015487421383647799
333,PP_6517_2,hydro,29228,n_29228,DUK,78.8,10000.0,0.0,0.0,0.0,0.0,0,0.0,0,0,5088.0,0.015487421383647799,hydro,n_29228,0.015487421383647799
334,PP_7125_1,hydro,7797,n_7797,DUK,420.0,10000.0,0.0,0.0,0.0,0.0,0,0.0,0,0,5088.0,0.08254716981132075,hydro,n_7797,0.08254716981132075
335,PP_7125_2,hydro,7797,n_7797,DUK,420.0,10000.0,0.0,0.0,0.0,0.0,0,0.0,0,0,5088.0,0.08254716981132075,hydro,n_7797,0.08254716981132075
336,PP_7125_3,hydro,7797,n_7797,DUK,324.0,10000.0,0.0,0.0,0.0,0.0,0,0.0,0,0,5088.0,0.06367924528301887,hydro,n_7797,0.06367924528301887
337,PP_7125_4,hydro,7797,n_7797,DUK,324.0,10000.0,0.0,0.0,0.0,0.0,0,0.0,0,0,5088.0,0.06367924528301887,hydro,n_7797,0.06367924528301887
338,PP_3251_2,nuc,6705,n_6705,CPLE,768.6,10000.0,0.0,0.0,0.0,0.0,0,0.0,0,0,3722.7,0.20646305101136272,nuc,n_6705,0.20646305101136272
339,PP_3265_1,nuc,29228,n_29228,DUK,886.7,10000.0,0.0,0.0,0.0,0.0,0,0.0,0,0,8547.1,0.10374278995214752,nuc,n_29228,0.10374278995214752
340,PP_3265_2,nuc,29228,n_29228,DUK,886.7,10000.0,0.0,0.0,0.0,0.0,0,0.0,0,0,8547.1,0.10374278995214752,nuc,n_29228,0.10374278995214752
341,PP_3265_3,nuc,29228,n_29228,DUK,893.3,10000.0,0.0,0.0,0.0,0.0,0,0.0,0,0,8547.1,0.1045149816896959,nuc,n_29228,0.1045149816896959
342,PP_6014_1,nuc,18689,n_18689,CPLE,1001.6,10000.0,0.0,0.0,0.0,0.0,0,0.0,0,0,3722.7,0.2690520321272195,nuc,n_18689,0.2690520321272195
343,PP_6014_2,nuc,18689,n_18689,CPLE,1001.6,10000.0,0.0,0.0,0.0,0.0,0,0.0,0,0,3722.7,0.2690520321272195,nuc,n_18689,0.2690520321272195
344,PP_6015_1,nuc,319,n_319,CPLE,950.9,10000.0,0.0,0.0,0.0,0.0,0,0.0,0,0,3722.7,0.2554328847341983,nuc,n_319,0.2554328847341983
345,PP_6036_1,nuc,28505,n_28505,DUK,1205.1,10000.0,0.0,0.0,0.0,0.0,0,0.0,0,0,8547.1,0.14099519135145253,nuc,n_28505,0.14099519135145253
346,PP_6036_2,nuc,28505,n_28505,DUK,1205.1,10000.0,0.0,0.0,0.0,0.0,0,0.0,0,0,8547.1,0.14099519135145253,nuc,n_28505,0.14099519135145253
347,PP_6038_1,nuc,6652,n_6652,DUK,1220.3,10000.0,0.0,0.0,0.0,0.0,0,0.0,0,0,8547.1,0.14277357232277613,nuc,n_6652,0.14277357232277613
348,PP_6038_2,nuc,6652,n_6652,DUK,1220.3,10000.0,0.0,0.0,0.0,0.0,0,0.0,0,0,8547.1,0.14277357232277613,nuc,n_6652,0.14277357232277613
349,PP_6127_1,nuc,29011,n_29011,DUK,1029.6,10000.0,0.0,0.0,0.0,0.0,0,0.0,0,0,8547.1,0.12046191105755166,nuc,n_29011,0.12046191105755166
350,oil_10017,oil,10017,n_10017,DUK,4.0,4.0,18.0,1.52,2.0,3.344090542,280,4.0,1,1,128.1,0.0312256049960968,oil,n_10017,0.0312256049960968
351,oil_13843,oil,13843,n_13843,DUK,1.8,1.8,18.0,0.684,2.0,1.504840744,126,1.8,1,1,128.1,0.014051522248243561,oil,n_13843,0.014051522248243561
352,oil_14301,oil,14301,n_14301,DUK,1.3,1.3,149.0,0.494,2.0,8.996532471,91,1.3,1,1,128.1,0.01014832162373146,oil,n_14301,0.01014832162373146
353,oil_14508,oil,14508,n_14508,DUK,1.3,1.3,18.0,0.494,2.0,1.086829426,91,1.3,1,1,128.1,0.01014832162373146,oil,n_14508,0.01014832162373146
354,oil_14783,oil,14783,n_14783,DUK,1.8,1.8,23.69230769,0.684,2.0,1.980730551,126,1.8,1,1,128.1,0.014051522248243561,oil,n_14783,0.014051522248243561
355,oil_15511,oil,15511,n_15511,DUK,1.0,1.0,8.11,0.38,2.0,0.753349286,70,1.0,1,1,128.1,0.0078064012490242,oil,n_15511,0.0078064012490242
356,oil_15630,oil,15630,n_15630,DUK,3.6,3.6,18.22,1.368,2.0,3.046466483,252,3.6,1,1,128.1,0.028103044496487123,oil,n_15630,0.028103044496487123
357,oil_15641,oil,15641,n_15641,DUK,3.6,3.6,8.11,1.368,2.0,1.356028715,252,3.6,1,1,128.1,0.028103044496487123,oil,n_15641,0.028103044496487123
358,oil_15692,oil,15692,n_15692,DUK,5.4,5.4,16.882,2.052,2.0,4.234120239,378,5.4,1,1,128.1,0.042154566744730684,oil,n_15692,0.042154566744730684
359,oil_15782,oil,15782,n_15782,DUK,1.8,1.8,17.722,0.684,2.0,1.481599314,126,1.8,1,1,128.1,0.014051522248243561,oil,n_15782,0.014051522248243561
360,oil_17246,oil,17246,n_17246,DUK,2.9,2.9,10.32,1.102,2.0,1.390026968,203,2.9,1,1,128.1,0.02263856362217018,oil,n_17246,0.02263856362217018
361,oil_18302,oil,18302,n_18302,DUK,5.8,5.8,10.232,2.204,2.0,2.756348051,406,5.8,1,1,128.1,0.04527712724434036,oil,n_18302,0.04527712724434036
362,oil_18690,oil,18690,n_18690,DUK,2.2,2.2,20.745,0.836,2.0,2.119735392,154,2.2,1,1,128.1,0.01717408274785324,oil,n_18690,0.01717408274785324
363,oil_21285,oil,21285,n_21285,DUK,2.2,2.2,18.0,0.836,2.0,1.839249798,154,2.2,1,1,128.1,0.01717408274785324,oil,n_21285,0.01717408274785324
364,oil_23782,oil,23782,n_23782,CPLE,9.2,9.2,10.79482,3.496,2.0,4.612631531,644,9.2,1,1,533.7,0.017238148772718752,oil,n_23782,0.017238148772718752
365,oil_28471,oil,28471,n_28471,DUK,2.2,2.2,18.0,0.836,2.0,1.839249798,154,2.2,1,1,128.1,0.01717408274785324,oil,n_28471,0.01717408274785324
366,oil_28504,oil,28504,n_28504,DUK,5.8,5.8,10.2143,2.204,2.0,2.751579935,406,5.8,1,1,128.1,0.04527712724434036,oil,n_28504,0.04527712724434036
367,oil_29228,oil,29228,n_29228,DUK,10.0,10.9,9.524,4.142,2.0,5.706300365,763,10.9,1,1,128.1,0.078064012490242,oil,n_29228,0.078064012490242
368,oil_8325,oil,8325,n_8325,DUK,2.9,2.9,9.524,1.102,2.0,5.706300365,203,2.9,1,1,128.1,0.02263856362217018,oil,n_8325,0.02263856362217018
369,oil_29477,oil,29477,n_29477,DUK,2.2,2.2,8.11,0.836,2.0,0.828684214,154,2.2,1,1,128.1,0.01717408274785324,oil,n_29477,0.01717408274785324
370,oil_30212,oil,30212,n_30212,DUK,2.2,2.2,18.962,0.836,2.0,1.937547482,154,2.2,1,1,128.1,0.01717408274785324,oil,n_30212,0.01717408274785324
371,oil_31224,oil,31224,n_31224,DUK,1.8,1.8,8.11,0.684,2.0,0.678014357,126,1.8,1,1,128.1,0.014051522248243561,oil,n_31224,0.014051522248243561
372,oil_4459,oil,4459,n_4459,DUK,1.8,1.8,18.0,0.684,2.0,1.504840744,126,1.8,1,1,128.1,0.014051522248243561,oil,n_4459,0.014051522248243561
373,oil_4475,oil,4475,n_4475,DUK,1.8,1.8,10.3333,0.684,2.0,0.86388727,126,1.8,1,1,128.1,0.014051522248243561,oil,n_4475,0.014051522248243561
374,oil_4478,oil,4478,n_4478,DUK,12.6,12.6,12.731,4.788,2.0,7.45038292,882,12.6,1,1,128.1,0.09836065573770492,oil,n_4478,0.09836065573770492
375,oil_4496,oil,4496,n_4496,DUK,1.8,1.8,8.11,0.684,2.0,0.678014357,126,1.8,1,1,128.1,0.014051522248243561,oil,n_4496,0.014051522248243561
376,oil_4517,oil,4517,n_4517,DUK,24.1,24.1,15.7987,9.158,2.0,17.68413925,1687,24.1,1,1,128.1,0.18813427010148323,oil,n_4517,0.18813427010148323
377,oil_6954,oil,6954,n_6954,DUK,1.8,1.8,8.11,0.684,2.0,0.678014357,126,1.8,1,1,128.1,0.014051522248243561,oil,n_6954,0.014051522248243561
378,oil_7031,oil,7031,n_7031,DUK,5.4,5.4,9.546,2.052,2.0,4.788403247,378,5.4,1,1,128.1,0.042154566744730684,oil,n_7031,0.042154566744730684
379,oil_7041,oil,7041,n_7041,DUK,11.0,11.0,13.165,4.18,2.0,6.72603433,770,11.0,1,1,128.1,0.0858704137392662,oil,n_7041,0.0858704137392662
380,PP_2716_GT1,oil,28662,n_28662,CPLE,39.7,39.7,49.05,15.086,2.0,90.44301876,2779,39.7,1,1,533.7,0.07438635937792767,oil,n_28662,0.07438635937792767
381,PP_2716_GT2,oil,28662,n_28662,CPLE,39.7,39.7,51.191,15.086,2.0,94.3907966,2779,39.7,1,1,533.7,0.07438635937792767,oil,n_28662,0.07438635937792767
382,PP_2716_GT3,oil,28662,n_28662,CPLE,41.8,41.8,49.719,15.884,2.0,96.52597519,2926,41.8,1,1,533.7,0.07832115420648303,oil,n_28662,0.07832115420648303
383,PP_2716_GT4,oil,28662,n_28662,CPLE,41.8,41.8,54.803,15.884,2.0,106.396207,2926,41.8,1,1,533.7,0.07832115420648303,oil,n_28662,0.07832115420648303
384,PP_3320_1,oil,9900,n_9900,CPLE,11.5,11.5,18.3971,4.37,2.0,9.826361572,805,11.5,1,1,533.7,0.02154768596589844,oil,n_9900,0.02154768596589844
385,PP_3320_2,oil,9900,n_9900,CPLE,11.5,11.5,18.3971,4.37,2.0,9.826361572,805,11.5,1,1,533.7,0.02154768596589844,oil,n_9900,0.02154768596589844
386,PP_3320_3,oil,9900,n_9900,CPLE,26.6,26.6,56.959,10.108,2.0,70.37031964,1862,26.6,1,1,533.7,0.049840734495034664,oil,n_9900,0.049840734495034664
387,PP_3320_4,oil,9900,n_9900,CPLE,26.6,26.6,18.3971,10.108,2.0,22.72880155,1862,26.6,1,1,533.7,0.049840734495034664,oil,n_9900,0.049840734495034664
388,PP_3320_5,oil,9900,n_9900,CPLE,35.3,35.3,15.189,13.414,2.0,24.90287098,2471,35.3,1,1,533.7,0.06614202735619261,oil,n_9900,0.06614202735619261
389,PP_50555_GEN1,oil,10054,n_10054,CPLE,86.0,86.0,18.0,32.68,2.0,71.89794665,6020,86.0,1,1,533.7,0.1611392167884579,oil,n_10054,0.1611392167884579
390,PP_50555_GEN2,oil,10054,n_10054,CPLE,40.0,40.0,18.0,15.2,2.0,33.44090542,2800,40.0,1,1,533.7,0.07494847292486415,oil,n_10054,0.07494847292486415
391,PP_50555_GEN3,oil,10054,n_10054,CPLE,54.0,54.0,18.0,20.52,2.0,45.14522231,3780,54.0,1,1,533.7,0.1011804384485666,oil,n_10054,0.1011804384485666
392,n_10002_solar,solar,10002,n_10002,CPLE,5.0,10000.0,0.0,0.0,0.0,0.0,0,0.0,0,0,2635.8999999999996,0.0018968853143138968,solar,n_10002,0.0018968853143138968
393,n_10009_solar,solar,10009,n_10009,CPLE,10.0,10000.0,0.0,0.0,0.0,0.0,0,0.0,0,0,2635.8999999999996,0.0037937706286277936,solar,n_10009,0.0037937706286277936
394,n_10012_solar,solar,10012,n_10012,CPLE,5.0,10000.0,0.0,0.0,0.0,0.0,0,0.0,0,0,2635.8999999999996,0.0018968853143138968,solar,n_10012,0.0018968853143138968
395,n_10014_solar,solar,10014,n_10014,DUK,6.9,10000.0,0.0,0.0,0.0,0.0,0,0.0,0,0,2358.6,0.002925464258458408,solar,n_10014,0.002925464258458408
396,n_10015_solar,solar,10015,n_10015,CPLE,3.0,10000.0,0.0,0.0,0.0,0.0,0,0.0,0,0,2635.8999999999996,0.0011381311885883382,solar,n_10015,0.0011381311885883382
397,n_10017_solar,solar,10017,n_10017,DUK,11.1,10000.0,0.0,0.0,0.0,0.0,0,0.0,0,0,2358.6,0.004706181633172221,solar,n_10017,0.004706181633172221
398,n_10039_solar,solar,10039,n_10039,CPLE,17.0,10000.0,0.0,0.0,0.0,0.0,0,0.0,0,0,2635.8999999999996,0.006449410068667249,solar,n_10039,0.006449410068667249
399,n_10045_solar,solar,10045,n_10045,CPLE,2.0,10000.0,0.0,0.0,0.0,0.0,0,0.0,0,0,2635.8999999999996,0.0007587541257255587,solar,n_10045,0.0007587541257255587
400,n_10051_solar,solar,10051,n_10051,CPLE,2.2,10000.0,0.0,0.0,0.0,0.0,0,0.0,0,0,2635.8999999999996,0.0008346295382981147,solar,n_10051,0.0008346295382981147
401,n_10052_solar,solar,10052,n_10052,CPLE,20.0,10000.0,0.0,0.0,0.0,0.0,0,0.0,0,0,2635.8999999999996,0.007587541257255587,solar,n_10052,0.007587541257255587
402,n_10053_solar,solar,10053,n_10053,CPLE,94.9,10000.0,0.0,0.0,0.0,0.0,0,0.0,0,0,2635.8999999999996,0.036002883265677764,solar,n_10053,0.036002883265677764
403,n_10054_solar,solar,10054,n_10054,CPLE,22.0,10000.0,0.0,0.0,0.0,0.0,0,0.0,0,0,2635.8999999999996,0.008346295382981147,solar,n_10054,0.008346295382981147
404,n_10058_solar,solar,10058,n_10058,DUK,22.9,10000.0,0.0,0.0,0.0,0.0,0,0.0,0,0,2358.6,0.00970914949546341,solar,n_10058,0.00970914949546341
405,n_10584_solar,solar,10584,n_10584,CPLE,6.0,10000.0,0.0,0.0,0.0,0.0,0,0.0,0,0,2635.8999999999996,0.0022762623771766764,solar,n_10584,0.0022762623771766764
406,n_10707_solar,solar,10707,n_10707,DUK,20.2,10000.0,0.0,0.0,0.0,0.0,0,0.0,0,0,2358.6,0.008564402611718817,solar,n_10707,0.008564402611718817
407,n_11731_solar,solar,11731,n_11731,CPLE,4.0,10000.0,0.0,0.0,0.0,0.0,0,0.0,0,0,2635.8999999999996,0.0015175082514511174,solar,n_11731,0.0015175082514511174
408,n_11742_solar,solar,11742,n_11742,DUK,3.0,10000.0,0.0,0.0,0.0,0.0,0,0.0,0,0,2358.6,0.0012719409819384382,solar,n_11742,0.0012719409819384382
409,n_12414_solar,solar,12414,n_12414,DUK,84.3,10000.0,0.0,0.0,0.0,0.0,0,0.0,0,0,2358.6,0.03574154159247011,solar,n_12414,0.03574154159247011
410,n_12417_solar,solar,12417,n_12417,CPLE,5.0,10000.0,0.0,0.0,0.0,0.0,0,0.0,0,0,2635.8999999999996,0.0018968853143138968,solar,n_12417,0.0018968853143138968
411,n_13956_solar,solar,13956,n_13956,CPLE,25.9,10000.0,0.0,0.0,0.0,0.0,0,0.0,0,0,2635.8999999999996,0.009825865928145985,solar,n_13956,0.009825865928145985
412,n_14001_solar,solar,14001,n_14001,DUK,2.0,10000.0,0.0,0.0,0.0,0.0,0,0.0,0,0,2358.6,0.0008479606546256254,solar,n_14001,0.0008479606546256254
413,n_14031_solar,solar,14031,n_14031,DUK,6.0,10000.0,0.0,0.0,0.0,0.0,0,0.0,0,0,2358.6,0.0025438819638768763,solar,n_14031,0.0025438819638768763
414,n_14258_solar,solar,14258,n_14258,DUK,5.0,10000.0,0.0,0.0,0.0,0.0,0,0.0,0,0,2358.6,0.0021199016365640636,solar,n_14258,0.0021199016365640636
415,n_14577_solar,solar,14577,n_14577,DUK,2.0,10000.0,0.0,0.0,0.0,0.0,0,0.0,0,0,2358.6,0.0008479606546256254,solar,n_14577,0.0008479606546256254
416,n_14593_solar,solar,14593,n_14593,DUK,3.0,10000.0,0.0,0.0,0.0,0.0,0,0.0,0,0,2358.6,0.0012719409819384382,solar,n_14593,0.0012719409819384382
417,n_14626_solar,solar,14626,n_14626,DUK,51.5,10000.0,0.0,0.0,0.0,0.0,0,0.0,0,0,2358.6,0.021834986856609853,solar,n_14626,0.021834986856609853
418,n_1517_solar,solar,1517,n_1517,DUK,5.0,10000.0,0.0,0.0,0.0,0.0,0,0.0,0,0,2358.6,0.0021199016365640636,solar,n_1517,0.0021199016365640636
419,n_15226_solar,solar,15226,n_15226,DUK,54.6999999999999,10000.0,0.0,0.0,0.0,0.0,0,0.0,0,0,2358.6,0.023191723904010815,solar,n_15226,0.023191723904010815
420,n_15511_solar,solar,15511,n_15511,DUK,9.8,10000.0,0.0,0.0,0.0,0.0,0,0.0,0,0,2358.6,0.004155007207665565,solar,n_15511,0.004155007207665565
421,n_15512_solar,solar,15512,n_15512,DUK,109.4,10000.0,0.0,0.0,0.0,0.0,0,0.0,0,0,2358.6,0.04638344780802171,solar,n_15512,0.04638344780802171
422,n_15622_solar,solar,15622,n_15622,DUK,10.0,10000.0,0.0,0.0,0.0,0.0,0,0.0,0,0,2358.6,0.004239803273128127,solar,n_15622,0.004239803273128127
423,n_15630_solar,solar,15630,n_15630,DUK,31.0,10000.0,0.0,0.0,0.0,0.0,0,0.0,0,0,2358.6,0.013143390146697194,solar,n_15630,0.013143390146697194
424,n_15632_solar,solar,15632,n_15632,DUK,130.3,10000.0,0.0,0.0,0.0,0.0,0,0.0,0,0,2358.6,0.0552446366488595,solar,n_15632,0.0552446366488595
425,n_15664_solar,solar,15664,n_15664,DUK,5.0,10000.0,0.0,0.0,0.0,0.0,0,0.0,0,0,2358.6,0.0021199016365640636,solar,n_15664,0.0021199016365640636
426,n_15689_solar,solar,15689,n_15689,CPLE,5.0,10000.0,0.0,0.0,0.0,0.0,0,0.0,0,0,2635.8999999999996,0.0018968853143138968,solar,n_15689,0.0018968853143138968
427,n_15690_solar,solar,15690,n_15690,CPLE,2.0,10000.0,0.0,0.0,0.0,0.0,0,0.0,0,0,2635.8999999999996,0.0007587541257255587,solar,n_15690,0.0007587541257255587
428,n_15691_solar,solar,15691,n_15691,DUK,8.5,10000.0,0.0,0.0,0.0,0.0,0,0.0,0,0,2358.6,0.003603832782158908,solar,n_15691,0.003603832782158908
429,n_15692_solar,solar,15692,n_15692,DUK,5.0,10000.0,0.0,0.0,0.0,0.0,0,0.0,0,0,2358.6,0.0021199016365640636,solar,n_15692,0.0021199016365640636
430,n_1575_solar,solar,1575,n_1575,DUK,24.0,10000.0,0.0,0.0,0.0,0.0,0,0.0,0,0,2358.6,0.010175527855507505,solar,n_1575,0.010175527855507505
431,n_15775_solar,solar,15775,n_15775,DUK,27.5,10000.0,0.0,0.0,0.0,0.0,0,0.0,0,0,2358.6,0.01165945900110235,solar,n_15775,0.01165945900110235
432,n_15777_solar,solar,15777,n_15777,DUK,79.8,10000.0,0.0,0.0,0.0,0.0,0,0.0,0,0,2358.6,0.033833630119562454,solar,n_15777,0.033833630119562454
433,n_15782_solar,solar,15782,n_15782,DUK,20.3,10000.0,0.0,0.0,0.0,0.0,0,0.0,0,0,2358.6,0.008606800644450099,solar,n_15782,0.008606800644450099
434,n_16281_solar,solar,16281,n_16281,DUK,1.1,10000.0,0.0,0.0,0.0,0.0,0,0.0,0,0,2358.6,0.000466378360044094,solar,n_16281,0.000466378360044094
435,n_16404_solar,solar,16404,n_16404,CPLE,39.5,10000.0,0.0,0.0,0.0,0.0,0,0.0,0,0,2635.8999999999996,0.014985393983079786,solar,n_16404,0.014985393983079786
436,n_16911_solar,solar,16911,n_16911,CPLE,75.9,10000.0,0.0,0.0,0.0,0.0,0,0.0,0,0,2635.8999999999996,0.028794719071284957,solar,n_16911,0.028794719071284957
437,n_17072_solar,solar,17072,n_17072,DUK,4.9,10000.0,0.0,0.0,0.0,0.0,0,0.0,0,0,2358.6,0.0020775036038327825,solar,n_17072,0.0020775036038327825
438,n_17163_solar,solar,17163,n_17163,CPLE,43.1999999999999,10000.0,0.0,0.0,0.0,0.0,0,0.0,0,0,2635.8999999999996,0.016389089115672033,solar,n_17163,0.016389089115672033
439,n_18277_solar,solar,18277,n_18277,CPLE,75.0,10000.0,0.0,0.0,0.0,0.0,0,0.0,0,0,2635.8999999999996,0.028453279714708454,solar,n_18277,0.028453279714708454
440,n_18283_solar,solar,18283,n_18283,CPLE,2.0,10000.0,0.0,0.0,0.0,0.0,0,0.0,0,0,2635.8999999999996,0.0007587541257255587,solar,n_18283,0.0007587541257255587
441,n_18296_solar,solar,18296,n_18296,DUK,3.0,10000.0,0.0,0.0,0.0,0.0,0,0.0,0,0,2358.6,0.0012719409819384382,solar,n_18296,0.0012719409819384382
442,n_18302_solar,solar,18302,n_18302,DUK,12.8,10000.0,0.0,0.0,0.0,0.0,0,0.0,0,0,2358.6,0.005426948189604003,solar,n_18302,0.005426948189604003
443,n_1850_solar,solar,1850,n_1850,DUK,13.0,10000.0,0.0,0.0,0.0,0.0,0,0.0,0,0,2358.6,0.005511744255066565,solar,n_1850,0.005511744255066565
444,n_1851_solar,solar,1851,n_1851,DUK,5.0,10000.0,0.0,0.0,0.0,0.0,0,0.0,0,0,2358.6,0.0021199016365640636,solar,n_1851,0.0021199016365640636
445,n_18688_solar,solar,18688,n_18688,CPLE,5.0,10000.0,0.0,0.0,0.0,0.0,0,0.0,0,0,2635.8999999999996,0.0018968853143138968,solar,n_18688,0.0018968853143138968
446,n_18693_solar,solar,18693,n_18693,CPLE,2.0,10000.0,0.0,0.0,0.0,0.0,0,0.0,0,0,2635.8999999999996,0.0007587541257255587,solar,n_18693,0.0007587541257255587
447,n_18696_solar,solar,18696,n_18696,CPLE,5.0,10000.0,0.0,0.0,0.0,0.0,0,0.0,0,0,2635.8999999999996,0.0018968853143138968,solar,n_18696,0.0018968853143138968
448,n_18698_solar,solar,18698,n_18698,DUK,5.0,10000.0,0.0,0.0,0.0,0.0,0,0.0,0,0,2358.6,0.0021199016365640636,solar,n_18698,0.0021199016365640636
449,n_18710_solar,solar,18710,n_18710,CPLE,9.6,10000.0,0.0,0.0,0.0,0.0,0,0.0,0,0,2635.8999999999996,0.0036420198034826817,solar,n_18710,0.0036420198034826817
450,n_18866_solar,solar,18866,n_18866,CPLE,10.0,10000.0,0.0,0.0,0.0,0.0,0,0.0,0,0,2635.8999999999996,0.0037937706286277936,solar,n_18866,0.0037937706286277936
451,n_18868_solar,solar,18868,n_18868,CPLE,18.8,10000.0,0.0,0.0,0.0,0.0,0,0.0,0,0,2635.8999999999996,0.007132288781820252,solar,n_18868,0.007132288781820252
452,n_18870_solar,solar,18870,n_18870,DUK,8.4,10000.0,0.0,0.0,0.0,0.0,0,0.0,0,0,2358.6,0.0035614347494276268,solar,n_18870,0.0035614347494276268
453,n_1924_solar,solar,1924,n_1924,CPLE,149.3,10000.0,0.0,0.0,0.0,0.0,0,0.0,0,0,2635.8999999999996,0.056640995485412966,solar,n_1924,0.056640995485412966
454,n_22541_solar,solar,22541,n_22541,CPLE,7.0,10000.0,0.0,0.0,0.0,0.0,0,0.0,0,0,2635.8999999999996,0.0026556394400394554,solar,n_22541,0.0026556394400394554
455,n_22589_solar,solar,22589,n_22589,CPLE,5.0,10000.0,0.0,0.0,0.0,0.0,0,0.0,0,0,2635.8999999999996,0.0018968853143138968,solar,n_22589,0.0018968853143138968
456,n_22591_solar,solar,22591,n_22591,DUK,12.8,10000.0,0.0,0.0,0.0,0.0,0,0.0,0,0,2358.6,0.005426948189604003,solar,n_22591,0.005426948189604003
457,n_22592_solar,solar,22592,n_22592,CPLE,10.0,10000.0,0.0,0.0,0.0,0.0,0,0.0,0,0,2635.8999999999996,0.0037937706286277936,solar,n_22592,0.0037937706286277936
458,n_22602_solar,solar,22602,n_22602,DUK,3.5,10000.0,0.0,0.0,0.0,0.0,0,0.0,0,0,2358.6,0.0014839311455948445,solar,n_22602,0.0014839311455948445
459,n_22612_solar,solar,22612,n_22612,CPLE,19.2,10000.0,0.0,0.0,0.0,0.0,0,0.0,0,0,2635.8999999999996,0.007284039606965363,solar,n_22612,0.007284039606965363
460,n_22818_solar,solar,22818,n_22818,CPLE,6.5,10000.0,0.0,0.0,0.0,0.0,0,0.0,0,0,2635.8999999999996,0.0024659509086080657,solar,n_22818,0.0024659509086080657
461,n_23599_solar,solar,23599,n_23599,CPLE,10.0,10000.0,0.0,0.0,0.0,0.0,0,0.0,0,0,2635.8999999999996,0.0037937706286277936,solar,n_23599,0.0037937706286277936
462,n_23600_solar,solar,23600,n_23600,CPLE,24.0,10000.0,0.0,0.0,0.0,0.0,0,0.0,0,0,2635.8999999999996,0.009105049508706706,solar,n_23600,0.009105049508706706
463,n_23772_solar,solar,23772,n_23772,CPLE,1.9,10000.0,0.0,0.0,0.0,0.0,0,0.0,0,0,2635.8999999999996,0.0007208164194392807,solar,n_23772,0.0007208164194392807
464,n_23776_solar,solar,23776,n_23776,DUK,24.4,10000.0,0.0,0.0,0.0,0.0,0,0.0,0,0,2358.6,0.01034511998643263,solar,n_23776,0.01034511998643263
465,n_23777_solar,solar,23777,n_23777,CPLE,29.4,10000.0,0.0,0.0,0.0,0.0,0,0.0,0,0,2635.8999999999996,0.011153685648165712,solar,n_23777,0.011153685648165712
466,n_23779_solar,solar,23779,n_23779,CPLW,5.0,10000.0,0.0,0.0,0.0,0.0,0,0.0,0,0,21.4,0.23364485981308414,solar,n_23779,0.23364485981308414
467,n_23782_solar,solar,23782,n_23782,CPLE,31.9,10000.0,0.0,0.0,0.0,0.0,0,0.0,0,0,2635.8999999999996,0.012102128305322661,solar,n_23782,0.012102128305322661
468,n_23786_solar,solar,23786,n_23786,CPLE,5.0,10000.0,0.0,0.0,0.0,0.0,0,0.0,0,0,2635.8999999999996,0.0018968853143138968,solar,n_23786,0.0018968853143138968
469,n_23789_solar,solar,23789,n_23789,DUK,70.0,10000.0,0.0,0.0,0.0,0.0,0,0.0,0,0,2358.6,0.02967862291189689,solar,n_23789,0.02967862291189689
470,n_23790_solar,solar,23790,n_23790,CPLE,5.0,10000.0,0.0,0.0,0.0,0.0,0,0.0,0,0,2635.8999999999996,0.0018968853143138968,solar,n_23790,0.0018968853143138968
471,n_23792_solar,solar,23792,n_23792,CPLE,4.9,10000.0,0.0,0.0,0.0,0.0,0,0.0,0,0,2635.8999999999996,0.001858947608027619,solar,n_23792,0.001858947608027619
472,n_23793_solar,solar,23793,n_23793,DUK,80.5,10000.0,0.0,0.0,0.0,0.0,0,0.0,0,0,2358.6,0.03413041634868142,solar,n_23793,0.03413041634868142
473,n_23819_solar,solar,23819,n_23819,CPLE,4.0,10000.0,0.0,0.0,0.0,0.0,0,0.0,0,0,2635.8999999999996,0.0015175082514511174,solar,n_23819,0.0015175082514511174
474,n_23847_solar,solar,23847,n_23847,CPLW,9.8,10000.0,0.0,0.0,0.0,0.0,0,0.0,0,0,21.4,0.4579439252336449,solar,n_23847,0.4579439252336449
475,n_23848_solar,solar,23848,n_23848,DUK,13.2,10000.0,0.0,0.0,0.0,0.0,0,0.0,0,0,2358.6,0.005596540320529127,solar,n_23848,0.005596540320529127
476,n_23849_solar,solar,23849,n_23849,DUK,5.0,10000.0,0.0,0.0,0.0,0.0,0,0.0,0,0,2358.6,0.0021199016365640636,solar,n_23849,0.0021199016365640636
477,n_28211_solar,solar,28211,n_28211,CPLE,12.0,10000.0,0.0,0.0,0.0,0.0,0,0.0,0,0,2635.8999999999996,0.004552524754353353,solar,n_28211,0.004552524754353353
478,n_28295_solar,solar,28295,n_28295,DUK,2.0,10000.0,0.0,0.0,0.0,0.0,0,0.0,0,0,2358.6,0.0008479606546256254,solar,n_28295,0.0008479606546256254
479,n_28296_solar,solar,28296,n_28296,DUK,1.0,10000.0,0.0,0.0,0.0,0.0,0,0.0,0,0,2358.6,0.0004239803273128127,solar,n_28296,0.0004239803273128127
480,n_28298_solar,solar,28298,n_28298,DUK,2.0,10000.0,0.0,0.0,0.0,0.0,0,0.0,0,0,2358.6,0.0008479606546256254,solar,n_28298,0.0008479606546256254
481,n_28303_solar,solar,28303,n_28303,DUK,3.0,10000.0,0.0,0.0,0.0,0.0,0,0.0,0,0,2358.6,0.0012719409819384382,solar,n_28303,0.0012719409819384382
482,n_28601_solar,solar,28601,n_28601,CPLW,6.6,10000.0,0.0,0.0,0.0,0.0,0,0.0,0,0,21.4,0.308411214953271,solar,n_28601,0.308411214953271
483,n_28635_solar,solar,28635,n_28635,DUK,3.0,10000.0,0.0,0.0,0.0,0.0,0,0.0,0,0,2358.6,0.0012719409819384382,solar,n_28635,0.0012719409819384382
484,n_28662_solar,solar,28662,n_28662,CPLE,2.0,10000.0,0.0,0.0,0.0,0.0,0,0.0,0,0,2635.8999999999996,0.0007587541257255587,solar,n_28662,0.0007587541257255587
485,n_28666_solar,solar,28666,n_28666,CPLE,2.8,10000.0,0.0,0.0,0.0,0.0,0,0.0,0,0,2635.8999999999996,0.0010622557760157822,solar,n_28666,0.0010622557760157822
486,n_28671_solar,solar,28671,n_28671,CPLE,2.0,10000.0,0.0,0.0,0.0,0.0,0,0.0,0,0,2635.8999999999996,0.0007587541257255587,solar,n_28671,0.0007587541257255587
487,n_28698_solar,solar,28698,n_28698,DUK,4.5,10000.0,0.0,0.0,0.0,0.0,0,0.0,0,0,2358.6,0.0019079114729076572,solar,n_28698,0.0019079114729076572
488,n_28700_solar,solar,28700,n_28700,DUK,17.5,10000.0,0.0,0.0,0.0,0.0,0,0.0,0,0,2358.6,0.007419655727974222,solar,n_28700,0.007419655727974222
489,n_28710_solar,solar,28710,n_28710,DUK,24.9,10000.0,0.0,0.0,0.0,0.0,0,0.0,0,0,2358.6,0.010557110150089036,solar,n_28710,0.010557110150089036
490,n_28719_solar,solar,28719,n_28719,CPLE,82.1,10000.0,0.0,0.0,0.0,0.0,0,0.0,0,0,2635.8999999999996,0.031146856861034185,solar,n_28719,0.031146856861034185
491,n_28766_solar,solar,28766,n_28766,CPLE,15.0,10000.0,0.0,0.0,0.0,0.0,0,0.0,0,0,2635.8999999999996,0.00569065594294169,solar,n_28766,0.00569065594294169
492,n_28842_solar,solar,28842,n_28842,DUK,5.5,10000.0,0.0,0.0,0.0,0.0,0,0.0,0,0,2358.6,0.0023318918002204697,solar,n_28842,0.0023318918002204697
493,n_28946_solar,solar,28946,n_28946,DUK,12.8,10000.0,0.0,0.0,0.0,0.0,0,0.0,0,0,2358.6,0.005426948189604003,solar,n_28946,0.005426948189604003
494,n_28953_solar,solar,28953,n_28953,DUK,11.9,10000.0,0.0,0.0,0.0,0.0,0,0.0,0,0,2358.6,0.0050453658950224715,solar,n_28953,0.0050453658950224715
495,n_28954_solar,solar,28954,n_28954,CPLE,88.4,10000.0,0.0,0.0,0.0,0.0,0,0.0,0,0,2635.8999999999996,0.0335369323570697,solar,n_28954,0.0335369323570697
496,n_28990_solar,solar,28990,n_28990,CPLE,5.0,10000.0,0.0,0.0,0.0,0.0,0,0.0,0,0,2635.8999999999996,0.0018968853143138968,solar,n_28990,0.0018968853143138968
497,n_28995_solar,solar,28995,n_28995,DUK,65.0,10000.0,0.0,0.0,0.0,0.0,0,0.0,0,0,2358.6,0.027558721275332827,solar,n_28995,0.027558721275332827
498,n_28996_solar,solar,28996,n_28996,DUK,1.0,10000.0,0.0,0.0,0.0,0.0,0,0.0,0,0,2358.6,0.0004239803273128127,solar,n_28996,0.0004239803273128127
499,n_28998_solar,solar,28998,n_28998,DUK,5.0,10000.0,0.0,0.0,0.0,0.0,0,0.0,0,0,2358.6,0.0021199016365640636,solar,n_28998,0.0021199016365640636
500,n_28999_solar,solar,28999,n_28999,CPLE,6.9,10000.0,0.0,0.0,0.0,0.0,0,0.0,0,0,2635.8999999999996,0.0026177017337531776,solar,n_28999,0.0026177017337531776
501,n_29001_solar,solar,29001,n_29001,CPLE,19.9,10000.0,0.0,0.0,0.0,0.0,0,0.0,0,0,2635.8999999999996,0.007549603550969309,solar,n_29001,0.007549603550969309
502,n_29016_solar,solar,29016,n_29016,DUK,64.7,10000.0,0.0,0.0,0.0,0.0,0,0.0,0,0,2358.6,0.027431527177138985,solar,n_29016,0.027431527177138985
503,n_29017_solar,solar,29017,n_29017,DUK,9.9,10000.0,0.0,0.0,0.0,0.0,0,0.0,0,0,2358.6,0.004197405240396846,solar,n_29017,0.004197405240396846
504,n_29018_solar,solar,29018,n_29018,CPLE,5.0,10000.0,0.0,0.0,0.0,0.0,0,0.0,0,0,2635.8999999999996,0.0018968853143138968,solar,n_29018,0.0018968853143138968
505,n_29019_solar,solar,29019,n_29019,DUK,2.0,10000.0,0.0,0.0,0.0,0.0,0,0.0,0,0,2358.6,0.0008479606546256254,solar,n_29019,0.0008479606546256254
506,n_29024_solar,solar,29024,n_29024,DUK,100.0,10000.0,0.0,0.0,0.0,0.0,0,0.0,0,0,2358.6,0.04239803273128127,solar,n_29024,0.04239803273128127
507,n_29262_solar,solar,29262,n_29262,DUK,12.5,10000.0,0.0,0.0,0.0,0.0,0,0.0,0,0,2358.6,0.005299754091410158,solar,n_29262,0.005299754091410158
508,n_29477_solar,solar,29477,n_29477,DUK,2.0,10000.0,0.0,0.0,0.0,0.0,0,0.0,0,0,2358.6,0.0008479606546256254,solar,n_29477,0.0008479606546256254
509,n_29661_solar,solar,29661,n_29661,DUK,3.0,10000.0,0.0,0.0,0.0,0.0,0,0.0,0,0,2358.6,0.0012719409819384382,solar,n_29661,0.0012719409819384382
510,n_29803_solar,solar,29803,n_29803,CPLE,15.4,10000.0,0.0,0.0,0.0,0.0,0,0.0,0,0,2635.8999999999996,0.005842406768086802,solar,n_29803,0.005842406768086802
511,n_29979_solar,solar,29979,n_29979,CPLE,4.9,10000.0,0.0,0.0,0.0,0.0,0,0.0,0,0,2635.8999999999996,0.001858947608027619,solar,n_29979,0.001858947608027619
512,n_29983_solar,solar,29983,n_29983,CPLE,9.9,10000.0,0.0,0.0,0.0,0.0,0,0.0,0,0,2635.8999999999996,0.003755832922341516,solar,n_29983,0.003755832922341516
513,n_30412_solar,solar,30412,n_30412,DUK,10.0,10000.0,0.0,0.0,0.0,0.0,0,0.0,0,0,2358.6,0.004239803273128127,solar,n_30412,0.004239803273128127
514,n_30413_solar,solar,30413,n_30413,CPLE,14.5,10000.0,0.0,0.0,0.0,0.0,0,0.0,0,0,2635.8999999999996,0.0055009674115103005,solar,n_30413,0.0055009674115103005
515,n_30415_solar,solar,30415,n_30415,DUK,1.0,10000.0,0.0,0.0,0.0,0.0,0,0.0,0,0,2358.6,0.0004239803273128127,solar,n_30415,0.0004239803273128127
516,n_30421_solar,solar,30421,n_30421,CPLE,5.0,10000.0,0.0,0.0,0.0,0.0,0,0.0,0,0,2635.8999999999996,0.0018968853143138968,solar,n_30421,0.0018968853143138968
517,n_30852_solar,solar,30852,n_30852,DUK,5.0,10000.0,0.0,0.0,0.0,0.0,0,0.0,0,0,2358.6,0.0021199016365640636,solar,n_30852,0.0021199016365640636
518,n_31010_solar,solar,31010,n_31010,DUK,5.0,10000.0,0.0,0.0,0.0,0.0,0,0.0,0,0,2358.6,0.0021199016365640636,solar,n_31010,0.0021199016365640636
519,n_31027_solar,solar,31027,n_31027,DUK,54.6,10000.0,0.0,0.0,0.0,0.0,0,0.0,0,0,2358.6,0.023149325871279575,solar,n_31027,0.023149325871279575
520,n_324_solar,solar,324,n_324,CPLE,2.0,10000.0,0.0,0.0,0.0,0.0,0,0.0,0,0,2635.8999999999996,0.0007587541257255587,solar,n_324,0.0007587541257255587
521,n_333_solar,solar,333,n_333,CPLE,1.0,10000.0,0.0,0.0,0.0,0.0,0,0.0,0,0,2635.8999999999996,0.00037937706286277935,solar,n_333,0.00037937706286277935
522,n_340_solar,solar,340,n_340,DUK,27.0,10000.0,0.0,0.0,0.0,0.0,0,0.0,0,0,2358.6,0.011447468837445943,solar,n_340,0.011447468837445943
523,n_3484_solar,solar,3484,n_3484,DUK,3.5,10000.0,0.0,0.0,0.0,0.0,0,0.0,0,0,2358.6,0.0014839311455948445,solar,n_3484,0.0014839311455948445
524,n_4099_solar,solar,4099,n_4099,DUK,10.0,10000.0,0.0,0.0,0.0,0.0,0,0.0,0,0,2358.6,0.004239803273128127,solar,n_4099,0.004239803273128127
525,n_4473_solar,solar,4473,n_4473,DUK,43.4,10000.0,0.0,0.0,0.0,0.0,0,0.0,0,0,2358.6,0.01840074620537607,solar,n_4473,0.01840074620537607
526,n_4475_solar,solar,4475,n_4475,DUK,9.3,10000.0,0.0,0.0,0.0,0.0,0,0.0,0,0,2358.6,0.003943017044009158,solar,n_4475,0.003943017044009158
527,n_4484_solar,solar,4484,n_4484,DUK,50.0,10000.0,0.0,0.0,0.0,0.0,0,0.0,0,0,2358.6,0.021199016365640633,solar,n_4484,0.021199016365640633
528,n_4496_solar,solar,4496,n_4496,DUK,56.4,10000.0,0.0,0.0,0.0,0.0,0,0.0,0,0,2358.6,0.023912490460442637,solar,n_4496,0.023912490460442637
529,n_4517_solar,solar,4517,n_4517,DUK,25.0,10000.0,0.0,0.0,0.0,0.0,0,0.0,0,0,2358.6,0.010599508182820317,solar,n_4517,0.010599508182820317
530,n_4521_solar,solar,4521,n_4521,DUK,5.0,10000.0,0.0,0.0,0.0,0.0,0,0.0,0,0,2358.6,0.0021199016365640636,solar,n_4521,0.0021199016365640636
531,n_4536_solar,solar,4536,n_4536,DUK,4.0,10000.0,0.0,0.0,0.0,0.0,0,0.0,0,0,2358.6,0.0016959213092512509,solar,n_4536,0.0016959213092512509
532,n_6400_solar,solar,6400,n_6400,CPLE,85.0,10000.0,0.0,0.0,0.0,0.0,0,0.0,0,0,2635.8999999999996,0.03224705034333625,solar,n_6400,0.03224705034333625
533,n_6402_solar,solar,6402,n_6402,CPLE,26.0,10000.0,0.0,0.0,0.0,0.0,0,0.0,0,0,2635.8999999999996,0.009863803634432263,solar,n_6402,0.009863803634432263
534,n_6403_solar,solar,6403,n_6403,CPLE,20.0,10000.0,0.0,0.0,0.0,0.0,0,0.0,0,0,2635.8999999999996,0.007587541257255587,solar,n_6403,0.007587541257255587
535,n_6404_solar,solar,6404,n_6404,CPLE,35.4,10000.0,0.0,0.0,0.0,0.0,0,0.0,0,0,2635.8999999999996,0.013429948025342388,solar,n_6404,0.013429948025342388
536,n_10123_solar,solar,10123,n_10123,CPLE,80.6,10000.0,0.0,0.0,0.0,0.0,0,0.0,0,0,2635.8999999999996,0.030577791266740015,solar,n_10123,0.030577791266740015
537,n_6650_solar,solar,6650,n_6650,CPLE,8.0,10000.0,0.0,0.0,0.0,0.0,0,0.0,0,0,2635.8999999999996,0.003035016502902235,solar,n_6650,0.003035016502902235
538,n_6651_solar,solar,6651,n_6651,CPLE,105.0,10000.0,0.0,0.0,0.0,0.0,0,0.0,0,0,2635.8999999999996,0.039834591600591836,solar,n_6651,0.039834591600591836
539,n_6655_solar,solar,6655,n_6655,CPLE,16.2,10000.0,0.0,0.0,0.0,0.0,0,0.0,0,0,2635.8999999999996,0.006145908418377025,solar,n_6655,0.006145908418377025
540,n_6658_solar,solar,6658,n_6658,CPLE,9.9,10000.0,0.0,0.0,0.0,0.0,0,0.0,0,0,2635.8999999999996,0.003755832922341516,solar,n_6658,0.003755832922341516
541,n_6661_solar,solar,6661,n_6661,CPLE,29.7999999999999,10000.0,0.0,0.0,0.0,0.0,0,0.0,0,0,2635.8999999999996,0.011305436473310788,solar,n_6661,0.011305436473310788
542,n_6663_solar,solar,6663,n_6663,CPLE,86.9,10000.0,0.0,0.0,0.0,0.0,0,0.0,0,0,2635.8999999999996,0.03296786676277553,solar,n_6663,0.03296786676277553
543,n_6665_solar,solar,6665,n_6665,CPLE,5.0,10000.0,0.0,0.0,0.0,0.0,0,0.0,0,0,2635.8999999999996,0.0018968853143138968,solar,n_6665,0.0018968853143138968
544,n_6670_solar,solar,6670,n_6670,CPLE,2.0,10000.0,0.0,0.0,0.0,0.0,0,0.0,0,0,2635.8999999999996,0.0007587541257255587,solar,n_6670,0.0007587541257255587
545,n_6677_solar,solar,6677,n_6677,CPLE,85.0,10000.0,0.0,0.0,0.0,0.0,0,0.0,0,0,2635.8999999999996,0.03224705034333625,solar,n_6677,0.03224705034333625
546,n_6679_solar,solar,6679,n_6679,CPLE,77.0,10000.0,0.0,0.0,0.0,0.0,0,0.0,0,0,2635.8999999999996,0.029212033840434012,solar,n_6679,0.029212033840434012
547,n_6680_solar,solar,6680,n_6680,DUK,1.9,10000.0,0.0,0.0,0.0,0.0,0,0.0,0,0,2358.6,0.0008055626218943441,solar,n_6680,0.0008055626218943441
548,n_6682_solar,solar,6682,n_6682,DUK,4.0,10000.0,0.0,0.0,0.0,0.0,0,0.0,0,0,2358.6,0.0016959213092512509,solar,n_6682,0.0016959213092512509
549,n_6684_solar,solar,6684,n_6684,DUK,8.5,10000.0,0.0,0.0,0.0,0.0,0,0.0,0,0,2358.6,0.003603832782158908,solar,n_6684,0.003603832782158908
550,n_6685_solar,solar,6685,n_6685,DUK,8.8,10000.0,0.0,0.0,0.0,0.0,0,0.0,0,0,2358.6,0.003731026880352752,solar,n_6685,0.003731026880352752
551,n_6692_solar,solar,6692,n_6692,CPLE,15.6,10000.0,0.0,0.0,0.0,0.0,0,0.0,0,0,2635.8999999999996,0.005918282180659358,solar,n_6692,0.005918282180659358
552,n_6696_solar,solar,6696,n_6696,CPLE,9.9,10000.0,0.0,0.0,0.0,0.0,0,0.0,0,0,2635.8999999999996,0.003755832922341516,solar,n_6696,0.003755832922341516
553,n_6700_solar,solar,6700,n_6700,DUK,5.0,10000.0,0.0,0.0,0.0,0.0,0,0.0,0,0,2358.6,0.0021199016365640636,solar,n_6700,0.0021199016365640636
554,n_6888_solar,solar,6888,n_6888,CPLE,1.2,10000.0,0.0,0.0,0.0,0.0,0,0.0,0,0,2635.8999999999996,0.0004552524754353352,solar,n_6888,0.0004552524754353352
555,n_6890_solar,solar,6890,n_6890,CPLE,35.0,10000.0,0.0,0.0,0.0,0.0,0,0.0,0,0,2635.8999999999996,0.013278197200197277,solar,n_6890,0.013278197200197277
556,n_6892_solar,solar,6892,n_6892,CPLE,25.0,10000.0,0.0,0.0,0.0,0.0,0,0.0,0,0,2635.8999999999996,0.009484426571569483,solar,n_6892,0.009484426571569483
557,n_6893_solar,solar,6893,n_6893,CPLE,9.0,10000.0,0.0,0.0,0.0,0.0,0,0.0,0,0,2635.8999999999996,0.003414393565765014,solar,n_6893,0.003414393565765014
558,n_6895_solar,solar,6895,n_6895,CPLE,10.0,10000.0,0.0,0.0,0.0,0.0,0,0.0,0,0,2635.8999999999996,0.0037937706286277936,solar,n_6895,0.0037937706286277936
559,n_6897_solar,solar,6897,n_6897,DUK,10.0,10000.0,0.0,0.0,0.0,0.0,0,0.0,0,0,2358.6,0.004239803273128127,solar,n_6897,0.004239803273128127
560,n_6900_solar,solar,6900,n_6900,CPLE,5.0,10000.0,0.0,0.0,0.0,0.0,0,0.0,0,0,2635.8999999999996,0.0018968853143138968,solar,n_6900,0.0018968853143138968
561,n_6901_solar,solar,6901,n_6901,CPLE,15.2,10000.0,0.0,0.0,0.0,0.0,0,0.0,0,0,2635.8999999999996,0.005766531355514246,solar,n_6901,0.005766531355514246
562,n_6902_solar,solar,6902,n_6902,CPLE,18.3,10000.0,0.0,0.0,0.0,0.0,0,0.0,0,0,2635.8999999999996,0.006942600250388863,solar,n_6902,0.006942600250388863
563,n_6903_solar,solar,6903,n_6903,CPLE,4.0,10000.0,0.0,0.0,0.0,0.0,0,0.0,0,0,2635.8999999999996,0.0015175082514511174,solar,n_6903,0.0015175082514511174
564,n_6904_solar,solar,6904,n_6904,CPLE,4.0,10000.0,0.0,0.0,0.0,0.0,0,0.0,0,0,2635.8999999999996,0.0015175082514511174,solar,n_6904,0.0015175082514511174
565,n_6906_solar,solar,6906,n_6906,CPLE,23.8,10000.0,0.0,0.0,0.0,0.0,0,0.0,0,0,2635.8999999999996,0.009029174096134148,solar,n_6906,0.009029174096134148
566,n_6907_solar,solar,6907,n_6907,CPLE,19.4,10000.0,0.0,0.0,0.0,0.0,0,0.0,0,0,2635.8999999999996,0.007359915019537919,solar,n_6907,0.007359915019537919
567,n_6964_solar,solar,6964,n_6964,DUK,5.2,10000.0,0.0,0.0,0.0,0.0,0,0.0,0,0,2358.6,0.0022046977020266263,solar,n_6964,0.0022046977020266263
568,n_6965_solar,solar,6965,n_6965,DUK,4.9,10000.0,0.0,0.0,0.0,0.0,0,0.0,0,0,2358.6,0.0020775036038327825,solar,n_6965,0.0020775036038327825
569,n_6969_solar,solar,6969,n_6969,DUK,1.2,10000.0,0.0,0.0,0.0,0.0,0,0.0,0,0,2358.6,0.0005087763927753752,solar,n_6969,0.0005087763927753752
570,n_6972_solar,solar,6972,n_6972,DUK,1.5,10000.0,0.0,0.0,0.0,0.0,0,0.0,0,0,2358.6,0.0006359704909692191,solar,n_6972,0.0006359704909692191
571,n_6974_solar,solar,6974,n_6974,DUK,64.9,10000.0,0.0,0.0,0.0,0.0,0,0.0,0,0,2358.6,0.027516323242601545,solar,n_6974,0.027516323242601545
572,n_6977_solar,solar,6977,n_6977,DUK,15.0,10000.0,0.0,0.0,0.0,0.0,0,0.0,0,0,2358.6,0.00635970490969219,solar,n_6977,0.00635970490969219
573,n_6978_solar,solar,6978,n_6978,DUK,3.0,10000.0,0.0,0.0,0.0,0.0,0,0.0,0,0,2358.6,0.0012719409819384382,solar,n_6978,0.0012719409819384382
574,n_7014_solar,solar,7014,n_7014,DUK,5.0,10000.0,0.0,0.0,0.0,0.0,0,0.0,0,0,2358.6,0.0021199016365640636,solar,n_7014,0.0021199016365640636
575,n_7026_solar,solar,7026,n_7026,DUK,4.0,10000.0,0.0,0.0,0.0,0.0,0,0.0,0,0,2358.6,0.0016959213092512509,solar,n_7026,0.0016959213092512509
576,n_7031_solar,solar,7031,n_7031,DUK,5.0,10000.0,0.0,0.0,0.0,0.0,0,0.0,0,0,2358.6,0.0021199016365640636,solar,n_7031,0.0021199016365640636
577,n_7041_solar,solar,7041,n_7041,DUK,1.3,10000.0,0.0,0.0,0.0,0.0,0,0.0,0,0,2358.6,0.0005511744255066566,solar,n_7041,0.0005511744255066566
578,n_7049_solar,solar,7049,n_7049,DUK,10.0,10000.0,0.0,0.0,0.0,0.0,0,0.0,0,0,2358.6,0.004239803273128127,solar,n_7049,0.004239803273128127
579,n_7062_solar,solar,7062,n_7062,DUK,50.8,10000.0,0.0,0.0,0.0,0.0,0,0.0,0,0,2358.6,0.021538200627490883,solar,n_7062,0.021538200627490883
580,n_7069_solar,solar,7069,n_7069,CPLE,10.0,10000.0,0.0,0.0,0.0,0.0,0,0.0,0,0,2635.8999999999996,0.0037937706286277936,solar,n_7069,0.0037937706286277936
581,n_7089_solar,solar,7089,n_7089,CPLE,14.9,10000.0,0.0,0.0,0.0,0.0,0,0.0,0,0,2635.8999999999996,0.005652718236655412,solar,n_7089,0.005652718236655412
582,n_7557_solar,solar,7557,n_7557,CPLE,8.5,10000.0,0.0,0.0,0.0,0.0,0,0.0,0,0,2635.8999999999996,0.0032247050343336245,solar,n_7557,0.0032247050343336245
583,n_7559_solar,solar,7559,n_7559,CPLE,10.0,10000.0,0.0,0.0,0.0,0.0,0,0.0,0,0,2635.8999999999996,0.0037937706286277936,solar,n_7559,0.0037937706286277936
584,n_7597_solar,solar,7597,n_7597,DUK,1.1,10000.0,0.0,0.0,0.0,0.0,0,0.0,0,0,2358.6,0.000466378360044094,solar,n_7597,0.000466378360044094
585,n_7618_solar,solar,7618,n_7618,CPLE,8.5,10000.0,0.0,0.0,0.0,0.0,0,0.0,0,0,2635.8999999999996,0.0032247050343336245,solar,n_7618,0.0032247050343336245
586,n_7619_solar,solar,7619,n_7619,CPLE,10.0,10000.0,0.0,0.0,0.0,0.0,0,0.0,0,0,2635.8999999999996,0.0037937706286277936,solar,n_7619,0.0037937706286277936
587,n_7700_solar,solar,7700,n_7700,DUK,16.0,10000.0,0.0,0.0,0.0,0.0,0,0.0,0,0,2358.6,0.0067836852370050035,solar,n_7700,0.0067836852370050035
588,n_1063_solar,solar,1063,n_1063,DUK,3.0,10000.0,0.0,0.0,0.0,0.0,0,0.0,0,0,2358.6,0.0012719409819384382,solar,n_1063,0.0012719409819384382
589,n_9412_solar,solar,9412,n_9412,DUK,5.0,10000.0,0.0,0.0,0.0,0.0,0,0.0,0,0,2358.6,0.0021199016365640636,solar,n_9412,0.0021199016365640636
590,n_9418_solar,solar,9418,n_9418,DUK,85.3,10000.0,0.0,0.0,0.0,0.0,0,0.0,0,0,2358.6,0.03616552191978292,solar,n_9418,0.03616552191978292
591,n_9419_solar,solar,9419,n_9419,DUK,2.0,10000.0,0.0,0.0,0.0,0.0,0,0.0,0,0,2358.6,0.0008479606546256254,solar,n_9419,0.0008479606546256254
592,n_9426_solar,solar,9426,n_9426,CPLE,4.0,10000.0,0.0,0.0,0.0,0.0,0,0.0,0,0,2635.8999999999996,0.0015175082514511174,solar,n_9426,0.0015175082514511174
593,n_9441_solar,solar,9441,n_9441,CPLE,9.5,10000.0,0.0,0.0,0.0,0.0,0,0.0,0,0,2635.8999999999996,0.003604082097196404,solar,n_9441,0.003604082097196404
594,n_9454_solar,solar,9454,n_9454,DUK,14.5,10000.0,0.0,0.0,0.0,0.0,0,0.0,0,0,2358.6,0.006147714746035784,solar,n_9454,0.006147714746035784
595,n_9479_solar,solar,9479,n_9479,DUK,88.7,10000.0,0.0,0.0,0.0,0.0,0,0.0,0,0,2358.6,0.03760705503264649,solar,n_9479,0.03760705503264649
596,n_9480_solar,solar,9480,n_9480,DUK,4.0,10000.0,0.0,0.0,0.0,0.0,0,0.0,0,0,2358.6,0.0016959213092512509,solar,n_9480,0.0016959213092512509
597,n_9488_solar,solar,9488,n_9488,CPLE,7.0,10000.0,0.0,0.0,0.0,0.0,0,0.0,0,0,2635.8999999999996,0.0026556394400394554,solar,n_9488,0.0026556394400394554
598,n_9508_solar,solar,9508,n_9508,CPLE,5.0,10000.0,0.0,0.0,0.0,0.0,0,0.0,0,0,2635.8999999999996,0.0018968853143138968,solar,n_9508,0.0018968853143138968
599,n_9820_solar,solar,9820,n_9820,CPLE,56.3,10000.0,0.0,0.0,0.0,0.0,0,0.0,0,0,2635.8999999999996,0.021358928639174476,solar,n_9820,0.021358928639174476
600,n_9821_solar,solar,9821,n_9821,DUK,25.8,10000.0,0.0,0.0,0.0,0.0,0,0.0,0,0,2358.6,0.010938692444670568,solar,n_9821,0.010938692444670568
601,n_9822_solar,solar,9822,n_9822,CPLE,11.0,10000.0,0.0,0.0,0.0,0.0,0,0.0,0,0,2635.8999999999996,0.0041731476914905734,solar,n_9822,0.0041731476914905734
602,n_9836_solar,solar,9836,n_9836,CPLE,1.9,10000.0,0.0,0.0,0.0,0.0,0,0.0,0,0,2635.8999999999996,0.0007208164194392807,solar,n_9836,0.0007208164194392807
603,n_9837_solar,solar,9837,n_9837,CPLE,4.5,10000.0,0.0,0.0,0.0,0.0,0,0.0,0,0,2635.8999999999996,0.001707196782882507,solar,n_9837,0.001707196782882507
604,n_9838_solar,solar,9838,n_9838,CPLE,4.9,10000.0,0.0,0.0,0.0,0.0,0,0.0,0,0,2635.8999999999996,0.001858947608027619,solar,n_9838,0.001858947608027619
605,n_9839_solar,solar,9839,n_9839,CPLE,8.9,10000.0,0.0,0.0,0.0,0.0,0,0.0,0,0,2635.8999999999996,0.0033764558594787364,solar,n_9839,0.0033764558594787364
606,n_9840_solar,solar,9840,n_9840,DUK,5.0,10000.0,0.0,0.0,0.0,0.0,0,0.0,0,0,2358.6,0.0021199016365640636,solar,n_9840,0.0021199016365640636
607,n_9841_solar,solar,9841,n_9841,CPLE,9.7,10000.0,0.0,0.0,0.0,0.0,0,0.0,0,0,2635.8999999999996,0.0036799575097689594,solar,n_9841,0.0036799575097689594
608,n_9846_solar,solar,9846,n_9846,DUK,12.0,10000.0,0.0,0.0,0.0,0.0,0,0.0,0,0,2358.6,0.005087763927753753,solar,n_9846,0.005087763927753753
609,n_9848_solar,solar,9848,n_9848,CPLE,2.0,10000.0,0.0,0.0,0.0,0.0,0,0.0,0,0,2635.8999999999996,0.0007587541257255587,solar,n_9848,0.0007587541257255587
610,n_9849_solar,solar,9849,n_9849,CPLE,10.0,10000.0,0.0,0.0,0.0,0.0,0,0.0,0,0,2635.8999999999996,0.0037937706286277936,solar,n_9849,0.0037937706286277936
611,n_9850_solar,solar,9850,n_9850,CPLE,4.0,10000.0,0.0,0.0,0.0,0.0,0,0.0,0,0,2635.8999999999996,0.0015175082514511174,solar,n_9850,0.0015175082514511174
612,n_9851_solar,solar,9851,n_9851,CPLE,20.0,10000.0,0.0,0.0,0.0,0.0,0,0.0,0,0,2635.8999999999996,0.007587541257255587,solar,n_9851,0.007587541257255587
613,n_9852_solar,solar,9852,n_9852,CPLE,62.3,10000.0,0.0,0.0,0.0,0.0,0,0.0,0,0,2635.8999999999996,0.023635191016351153,solar,n_9852,0.023635191016351153
614,n_9854_solar,solar,9854,n_9854,CPLE,10.0,10000.0,0.0,0.0,0.0,0.0,0,0.0,0,0,2635.8999999999996,0.0037937706286277936,solar,n_9854,0.0037937706286277936
615,n_9858_solar,solar,9858,n_9858,DUK,44.8,10000.0,0.0,0.0,0.0,0.0,0,0.0,0,0,2358.6,0.018994318663614007,solar,n_9858,0.018994318663614007
616,n_9859_solar,solar,9859,n_9859,CPLE,95.2,10000.0,0.0,0.0,0.0,0.0,0,0.0,0,0,2635.8999999999996,0.036116696384536594,solar,n_9859,0.036116696384536594
617,n_9862_solar,solar,9862,n_9862,CPLE,22.4,10000.0,0.0,0.0,0.0,0.0,0,0.0,0,0,2635.8999999999996,0.008498046208126258,solar,n_9862,0.008498046208126258
618,n_9864_solar,solar,9864,n_9864,CPLE,5.0,10000.0,0.0,0.0,0.0,0.0,0,0.0,0,0,2635.8999999999996,0.0018968853143138968,solar,n_9864,0.0018968853143138968
619,n_9867_solar,solar,9867,n_9867,DUK,24.5,10000.0,0.0,0.0,0.0,0.0,0,0.0,0,0,2358.6,0.010387518019163912,solar,n_9867,0.010387518019163912
620,n_9868_solar,solar,9868,n_9868,CPLE,39.5,10000.0,0.0,0.0,0.0,0.0,0,0.0,0,0,2635.8999999999996,0.014985393983079786,solar,n_9868,0.014985393983079786
621,n_9869_solar,solar,9869,n_9869,CPLE,8.5,10000.0,0.0,0.0,0.0,0.0,0,0.0,0,0,2635.8999999999996,0.0032247050343336245,solar,n_9869,0.0032247050343336245
622,n_9870_solar,solar,9870,n_9870,DUK,17.9,10000.0,0.0,0.0,0.0,0.0,0,0.0,0,0,2358.6,0.007589247858899347,solar,n_9870,0.007589247858899347
623,n_9871_solar,solar,9871,n_9871,DUK,11.5,10000.0,0.0,0.0,0.0,0.0,0,0.0,0,0,2358.6,0.004875773764097346,solar,n_9871,0.004875773764097346
624,n_9872_solar,solar,9872,n_9872,DUK,10.0,10000.0,0.0,0.0,0.0,0.0,0,0.0,0,0,2358.6,0.004239803273128127,solar,n_9872,0.004239803273128127
625,n_9873_solar,solar,9873,n_9873,DUK,80.9,10000.0,0.0,0.0,0.0,0.0,0,0.0,0,0,2358.6,0.03430000847960655,solar,n_9873,0.03430000847960655
626,n_9874_solar,solar,9874,n_9874,CPLE,1.5,10000.0,0.0,0.0,0.0,0.0,0,0.0,0,0,2635.8999999999996,0.0005690655942941691,solar,n_9874,0.0005690655942941691
627,n_9876_solar,solar,9876,n_9876,CPLE,20.3,10000.0,0.0,0.0,0.0,0.0,0,0.0,0,0,2635.8999999999996,0.007701354376114421,solar,n_9876,0.007701354376114421
628,n_9877_solar,solar,9877,n_9877,CPLE,2.0,10000.0,0.0,0.0,0.0,0.0,0,0.0,0,0,2635.8999999999996,0.0007587541257255587,solar,n_9877,0.0007587541257255587
629,n_9881_solar,solar,9881,n_9881,DUK,19.9,10000.0,0.0,0.0,0.0,0.0,0,0.0,0,0,2358.6,0.008437208513524972,solar,n_9881,0.008437208513524972
630,n_9883_solar,solar,9883,n_9883,CPLE,10.0,10000.0,0.0,0.0,0.0,0.0,0,0.0,0,0,2635.8999999999996,0.0037937706286277936,solar,n_9883,0.0037937706286277936
631,n_9886_solar,solar,9886,n_9886,CPLE,15.0,10000.0,0.0,0.0,0.0,0.0,0,0.0,0,0,2635.8999999999996,0.00569065594294169,solar,n_9886,0.00569065594294169
632,n_9887_solar,solar,9887,n_9887,CPLE,9.8,10000.0,0.0,0.0,0.0,0.0,0,0.0,0,0,2635.8999999999996,0.003717895216055238,solar,n_9887,0.003717895216055238
633,n_9929_solar,solar,9929,n_9929,CPLE,2.0,10000.0,0.0,0.0,0.0,0.0,0,0.0,0,0,2635.8999999999996,0.0007587541257255587,solar,n_9929,0.0007587541257255587
634,n_9930_solar,solar,9930,n_9930,CPLE,4.0,10000.0,0.0,0.0,0.0,0.0,0,0.0,0,0,2635.8999999999996,0.0015175082514511174,solar,n_9930,0.0015175082514511174
635,n_9941_solar,solar,9941,n_9941,CPLE,14.0,10000.0,0.0,0.0,0.0,0.0,0,0.0,0,0,2635.8999999999996,0.005311278880078911,solar,n_9941,0.005311278880078911
636,n_9945_solar,solar,9945,n_9945,CPLE,6.0,10000.0,0.0,0.0,0.0,0.0,0,0.0,0,0,2635.8999999999996,0.0022762623771766764,solar,n_9945,0.0022762623771766764
637,n_9948_solar,solar,9948,n_9948,CPLE,4.0,10000.0,0.0,0.0,0.0,0.0,0,0.0,0,0,2635.8999999999996,0.0015175082514511174,solar,n_9948,0.0015175082514511174
638,n_9967_solar,solar,9967,n_9967,DUK,3.3,10000.0,0.0,0.0,0.0,0.0,0,0.0,0,0,2358.6,0.0013991350801322818,solar,n_9967,0.0013991350801322818
639,n_9968_solar,solar,9968,n_9968,DUK,3.4,10000.0,0.0,0.0,0.0,0.0,0,0.0,0,0,2358.6,0.0014415331128635632,solar,n_9968,0.0014415331128635632
640,n_998_solar,solar,998,n_998,CPLE,3.6,10000.0,0.0,0.0,0.0,0.0,0,0.0,0,0,2635.8999999999996,0.0013657574263060057,solar,n_998,0.0013657574263060057
641,n_9994_solar,solar,9994,n_9994,CPLE,10.2,10000.0,0.0,0.0,0.0,0.0,0,0.0,0,0,2635.8999999999996,0.003869646041200349,solar,n_9994,0.003869646041200349
642,n_9995_solar,solar,9995,n_9995,CPLE,16.9,10000.0,0.0,0.0,0.0,0.0,0,0.0,0,0,2635.8999999999996,0.00641147236238097,solar,n_9995,0.00641147236238097
643,n_6699_solar,solar,6699,n_6699,CPLE,5.0,10000.0,0.0,0.0,0.0,0.0,0,0.0,0,0,2635.8999999999996,0.0018968853143138968,solar,n_6699,0.0018968853143138968
644,n_18697_solar,solar,18697,n_18697,CPLE,23.0,10000.0,0.0,0.0,0.0,0.0,0,0.0,0,0,2635.8999999999996,0.008725672445843926,solar,n_18697,0.008725672445843926
645,n_22427_solar,solar,22427,n_22427,CPLE,16.0,10000.0,0.0,0.0,0.0,0.0,0,0.0,0,0,2635.8999999999996,0.00607003300580447,solar,n_22427,0.00607003300580447
646,n_29953_solar,solar,29953,n_29953,CPLE,20.0,10000.0,0.0,0.0,0.0,0.0,0,0.0,0,0,2635.8999999999996,0.007587541257255587,solar,n_29953,0.007587541257255587
647,n_9986_solar,solar,9986,n_9986,DUK,6.8,10000.0,0.0,0.0,0.0,0.0,0,0.0,0,0,2358.6,0.0028830662257271263,solar,n_9986,0.0028830662257271263
