,source,sink,reactance,limit
0,n_2415,n_6402,135.0324713,2566.304004
1,n_6382,n_6384,541.5500476,1266.699488
2,n_9876,n_18868,251.1222521,768.0688125
3,n_30301,n_20153,331.018106,919.3869949
4,n_18303,n_18301,786.7846934,1615.388771
5,n_14283,n_29239,20692.69969,13572.87456
6,n_18285,n_23854,15.82582613,635.594811
7,n_9887,n_15226,91.72818757,398.7164907
8,n_9913,n_9918,134.8736572,512.4570019
9,n_28703,n_28702,77.5027222,357.2894612
10,n_18301,n_18304,435.2945126,1098.81031
11,n_23822,n_23824,80.92417437,1838.873192
12,n_10013,n_23846,68.21952267,1645.384384
13,n_23782,n_9480,13.6439151,577.0827828
14,n_9874,n_17072,180.1825005,618.7906975
15,n_1918,n_18992,1263.030134,2198.341679
16,n_30398,n_30399,33.66178836,207.606609
17,n_10123,n_10126,83.33506355,1874.354365
18,n_6131,n_2416,50.78491865,1357.769824
19,n_29016,n_23792,14.96135004,612.771846
20,n_9842,n_9845,12.79444929,553.4315106
21,n_21559,n_21560,1076.815772,1981.522116
22,n_9851,n_23776,107.1018924,2206.941209
23,n_4477,n_28505,17.9219957,689.2033012
24,n_9956,n_30062,229.8967885,725.1582433
25,n_6902,n_7700,39.39355546,229.9834896
26,n_15826,n_31016,59.19234287,299.7917846
27,n_319,n_29015,59.49983615,1505.229042
28,n_28504,n_18302,9.589493608,458.7138011
29,n_9851,n_30518,120.2458066,2379.678867
30,n_6676,n_22544,1029.923664,9632.275636
31,n_23598,n_28945,25.80086857,873.7089197
32,n_18283,n_30400,245.6835696,757.1984517
33,n_7067,n_9824,248.507149,3817.318864
34,n_9419,n_6664,15.36002096,623.352765
35,n_9487,n_18868,118.0867893,469.9784266
36,n_322,n_7566,94.36617271,2032.348874
37,n_319,n_6894,57.61015353,1473.932833
38,n_14001,n_14015,174.5817433,606.2002386
39,n_23775,n_9848,504.2255443,6050.643928
40,n_20895,n_29873,91.78856955,1996.035232
41,n_15511,n_15512,98.69926973,418.1896132
42,n_9904,n_9910,94.54497205,2034.854898
43,n_6709,n_6711,79.46169322,363.1429397
44,n_14496,n_26258,1479.574825,2436.879255
45,n_9839,n_9840,29.94217605,962.6164745
46,n_26271,n_26273,5299.571569,5591.851159
47,n_28663,n_28673,56.69337536,1458.620657
48,n_26269,n_28302,297.2550032,857.1995986
49,n_7590,n_19223,2105.361606,15341.87726
50,n_14522,n_28305,5121.062051,5468.50045
51,n_26273,n_26276,10060.77694,8487.660251
52,n_6700,n_6703,93.2102982,2016.108126
53,n_29973,n_6897,14.81552884,608.8771735
54,n_20562,n_23861,367.5481057,4925.06946
55,n_29017,n_30068,307.6904082,4386.872473
56,n_2106,n_21118,4656.964656,5140.55349
57,n_23857,n_29979,63.01328145,1562.511123
58,n_10013,n_10012,60.4601095,1520.999587
59,n_6684,n_28470,6.342102008,3118.705813
60,n_23847,n_29015,45.07323301,1256.301572
61,n_1572,n_7041,26.97505214,899.3925288
62,n_1953,n_2053,216.539685,697.4447031
63,n_6701,n_28771,88.86197484,1954.370566
64,n_1924,n_23766,51.26668339,1366.141086
65,n_8330,n_8337,14.82959863,609.2535385
66,n_6134,n_6177,17.27735455,672.9619507
67,n_9941,n_23814,364.8594434,4901.585503
68,n_1060,n_1061,52.36357466,1385.099232
69,n_6402,n_10053,30.2639636,969.3386346
70,n_9942,n_18290,323.36153,905.4865086
71,n_6713,n_8341,36.32872695,1091.731119
72,n_1960,n_6422,12.36214199,541.1851108
73,n_1990,n_6409,134.3613543,511.1889813
74,n_23802,n_30494,96.32678525,2059.738863
75,n_1834,n_6891,115.4309303,20620.17426
76,n_19634,n_28669,28.64164236,935.1870134
77,n_9865,n_23787,114.3858312,2303.526147
78,n_28470,n_4473,10.38208371,4298.548272
79,n_6423,n_18697,32.60448081,1017.504499
80,n_23783,n_9867,27.23689594,905.0663703
81,n_9847,n_23775,46.99681054,1290.949762
82,n_10025,n_14045,161.9629887,577.3039667
83,n_26270,n_28300,618.2836044,1380.823214
84,n_23848,n_28671,78.91872912,1809.07702
85,n_26274,n_28309,856.8690796,1707.663077
86,n_26570,n_31224,96948.02284,37094.68846
87,n_28711,n_30943,105.587696,2186.578583
88,n_7703,n_9823,105.1495526,2180.667542
89,n_29004,n_9898,11.51570886,516.7649544
90,n_9483,n_23781,238.4817891,3716.346265
91,n_9864,n_9866,235.2948608,3683.939781
92,n_6691,n_25047,132.3289327,2532.737053
93,n_7089,n_9821,63.98077595,1578.087389
94,n_4532,n_4534,20.35603351,748.7762627
95,n_18692,n_28635,40.74321369,1176.356107
96,n_26276,n_28308,1338.679228,2283.185958
97,n_3494,n_30304,575.0470786,1317.169852
98,n_322,n_20897,49.56308356,1336.413605
99,n_2042,n_18704,4109.624968,4738.709589
100,n_9956,n_29011,21.79928498,782.922415
101,n_4093,n_7049,34.81192527,1061.836815
102,n_1918,n_6393,73.94356195,346.5205591
103,n_6987,n_22602,179.9574491,618.2874421
104,n_9480,n_23781,214.3097795,3466.57945
105,n_9958,n_31016,22.5068448,799.3732998
106,n_30412,n_6669,20.69292255,756.8204102
107,n_9849,n_23777,63.66670436,1573.040034
108,n_18706,n_18707,287.693283,839.1471357
109,n_15691,n_15692,48.23115152,262.3742167
110,n_6660,n_6682,24.34917834,841.3837289
111,n_18708,n_28211,451.3688312,1125.058012
112,n_4517,n_28664,27.5665139,912.1818067
113,n_9886,n_23792,266.9846868,3999.773867
114,n_6413,n_23899,264.5869244,794.6335208
115,n_10014,n_14322,110364.3902,40360.49885
116,n_18292,n_18294,79.13255657,362.1630179
117,n_14283,n_14301,1597.685439,2561.814555
118,n_6660,n_6678,117.2242184,2340.577981
119,n_18268,n_18269,1832.795796,2801.316204
120,n_6404,n_10053,125.0403547,487.8143205
121,n_9477,n_23596,44.19672731,1240.342959
122,n_13841,n_29284,407.5449046,1052.686605
123,n_18280,n_30525,24.29394615,840.1407748
124,n_6650,n_29015,767.938956,7956.837781
125,n_8338,n_29228,6.260993796,3092.682612
126,n_9869,n_23788,5057.215339,27141.83304
127,n_9855,n_28996,186.3461703,3164.983498
128,n_6647,n_30416,581.7302651,1327.115334
129,n_9884,n_31012,882.2782335,1740.460175
130,n_7608,n_7607,204.6208174,3363.730187
131,n_13301,n_31027,20.49774173,6693.313988
132,n_16281,n_29255,305.2505928,872.140108
133,n_6978,n_28707,86.1526274,382.7671674
134,n_6930,n_28700,84.01440587,376.5556475
135,n_9859,n_9858,16.92263814,663.9349566
136,n_29873,n_29874,143.9515875,2675.418572
137,n_4481,n_10025,56.72101356,1459.083532
138,n_28502,n_28505,40.78768634,1177.191854
139,n_1514,n_6177,396.8155735,5176.95121
140,n_2106,n_30943,3292.687796,4102.043655
141,n_1837,n_1924,4.609936342,2533.879628
142,n_28108,n_28506,375.0021347,997.1737375
143,n_4045,n_20136,16.12939679,5726.377592
144,n_23805,n_9911,26.2245394,883.0222478
145,n_9946,n_9950,224.2500268,3570.423094
146,n_23795,n_23796,4409.355593,24824.52965
147,n_18310,n_9883,337.6867678,931.4027363
148,n_15782,n_31027,104.8401831,434.9491097
149,n_15628,n_15632,256.4815875,778.7004918
150,n_4095,n_21284,879.3605899,8690.515504
151,n_6658,n_6674,1090.318571,1997.662591
152,n_3,n_19163,121.0652043,477.661741
153,n_9440,n_9479,19.22705788,721.4729914
154,n_6687,n_30413,3272.223615,20443.51642
155,n_28664,n_30882,62428.13257,139375.1754
156,n_8330,n_28842,418.1598137,5356.568414
157,n_16289,n_29240,142.7526288,531.7519924
158,n_7061,n_7064,57.89935788,1478.745488
159,n_11742,n_15662,56.76721379,291.7375902
160,n_27917,n_27921,8421.44557,37828.53561
161,n_17246,n_26258,89.96254659,393.7033049
162,n_26274,n_28310,586.2448944,1333.811152
163,n_275,n_4531,1534.692757,111127.2433
164,n_4484,n_4496,31.07749315,986.2230656
165,n_18865,n_28766,450.5044869,5622.778177
166,n_14503,n_28300,2120.978013,3080.703569
167,n_12430,n_25047,156.7254964,2827.670088
168,n_9913,n_9921,91.26882036,1988.670034
169,n_9877,n_23790,27.8899989,919.1360383
170,n_9963,n_9966,94.05003198,2027.913834
171,n_7049,n_26833,128.9263888,497.6309588
172,n_29008,n_31015,42.37355021,1206.789636
173,n_6384,n_28635,1594.34488,2558.326245
174,n_1953,n_1987,23.07655359,7230.10941
175,n_15512,n_11742,117.3862612,468.1615156
176,n_4477,n_29803,404.7201103,5243.853955
177,n_9970,n_9983,29.15796515,946.1277234
178,n_14322,n_15629,298.9918918,860.4569445
179,n_9951,n_9952,1422.612374,11886.45054
180,n_6974,n_6980,2179.186947,3135.483933
181,n_9413,n_28669,12.26594977,538.4399712
182,n_23812,n_30400,39.99800821,1162.304178
183,n_14577,n_21560,93.86526081,404.7394633
184,n_1754,n_22541,10.43635322,484.6944778
185,n_6955,n_28704,96.57439691,2063.184128
186,n_9418,n_9419,799.415217,1632.223802
187,n_6706,n_23814,27.679412,914.6120919
188,n_9440,n_23586,263.9339929,3969.961376
189,n_14015,n_14021,562.0516184,1297.714554
190,n_6922,n_10051,32.54352068,1016.265623
191,n_9893,n_23802,8894.814015,39199.53601
192,n_10029,n_30949,25.70806924,871.6618568
193,n_6692,n_18710,569.9078583,1309.494539
194,n_18688,n_30525,3345.372352,20739.87663
195,n_3,n_28310,122.6326494,481.678704
196,n_18286,n_31015,703.4416949,1501.82858
197,n_9952,n_23827,23.39392014,819.7451916
198,n_6671,n_22544,1811.761631,13912.8663
199,n_6891,n_22779,242.4211614,3756.195918
200,n_9831,n_28668,164.1269955,2913.902497
201,n_18865,n_22779,15.686278,631.9406358
202,n_11744,n_11747,89.3544113,391.968694
203,n_9830,n_28993,84.01550909,1884.303408
204,n_13964,n_14006,348.5749003,950.8448009
205,n_26271,n_26272,815.2445747,1653.192025
206,n_9859,n_28766,154.9364867,2806.615273
207,n_9942,n_30065,117.7343487,2347.203785
208,n_20136,n_1960,81.49919401,1847.368909
209,n_30520,n_30521,173.1477732,3017.187028
210,n_1517,n_20897,650.1358609,7139.347255
211,n_8320,n_8324,15.35798395,623.298947
212,n_7557,n_29872,70.81334521,1685.845458
213,n_1834,n_6177,31.50542973,8854.610909
214,n_7065,n_29002,51.70468838,1373.72817
215,n_23845,n_30523,235.8010961,3689.097653
216,n_322,n_20895,49.5854085,1336.805454
217,n_9949,n_31015,23.27763857,817.0903103
218,n_16404,n_18693,75.0866782,349.9986022
219,n_6966,n_29661,113.5559131,458.1592055
220,n_10025,n_14003,244.3733531,754.5671986
221,n_2415,n_23859,337.7027073,4660.889534
222,n_18303,n_28842,16.39212154,129.9578028
223,n_15775,n_15776,4507.248971,5032.355175
224,n_998,n_9900,162.9578174,2900.372494
225,n_23795,n_9890,108.0543124,2219.697703
226,n_4507,n_28470,13.21929344,5030.685272
227,n_14030,n_26041,171.6151346,599.4742781
228,n_15664,n_28707,173.2322096,603.1455323
229,n_28669,n_22612,5.59066787,322.8432323
230,n_4540,n_11744,1370.52001,2318.394032
231,n_28310,n_3,122.7200092,481.9020559
232,n_1258,n_28625,174.7718779,606.6299499
233,n_18706,n_18709,202.7263998,668.1492384
234,n_7719,n_9967,65.71597391,1605.819068
235,n_14496,n_14497,719.6642932,1524.286026
236,n_15226,n_28662,35.47285852,214.8113799
237,n_4496,n_30852,45.39438503,1262.121643
238,n_9830,n_9832,136.5319893,2584.820736
239,n_9941,n_23813,357.1883165,4834.248035
240,n_23767,n_9823,217.0873579,3495.762377
241,n_4481,n_14593,471.8666792,1158.060473
242,n_30065,n_9928,49.7422852,1339.557238
243,n_10019,n_10018,1738.099365,13541.95568
244,n_31012,n_30494,60.1776141,303.0309794
245,n_1851,n_13431,285.5290343,835.0321511
246,n_6705,n_6707,279.9657981,4125.32496
247,n_29024,n_30525,2941.917333,19075.29468
248,n_7601,n_22817,515.0537448,6134.918991
249,n_14502,n_28300,198.4900098,3297.772455
250,n_7601,n_22814,179.5713471,3089.592032
251,n_7045,n_15666,63.63855503,314.2655595
252,n_14522,n_28306,1602.615468,2566.95799
253,n_26276,n_28305,1441.172592,2395.515468
254,n_6669,n_9412,62.50028488,1554.218245
255,n_4532,n_10023,143.9299448,2675.156707
256,n_10051,n_23858,58.96812223,1496.458523
257,n_30897,n_30898,6.886212207,3290.378231
258,n_9841,n_23774,27893.8325,16485.44589
259,n_10014,n_18690,288.4465719,840.5768612
260,n_6913,n_31027,15.10840617,5487.719743
261,n_9933,n_30066,68.4140767,1648.437646
262,n_10017,n_29021,1020.573711,9575.258617
263,n_6177,n_22542,1048.157342,9742.949736
264,n_4093,n_7046,926.773591,1797.110217
265,n_29011,n_23825,150.335633,2752.074205
266,n_29239,n_30640,7091.664554,6759.458959
267,n_23600,n_6661,46.66527635,1285.013867
268,n_1258,n_28107,95.9767415,410.6434823
269,n_9881,n_28663,31.21007455,988.9600352
270,n_26302,n_26303,611.8993784,1371.524453
271,n_6967,n_6972,3147.658421,3983.49974
272,n_16281,n_18691,118.4365527,470.8841754
273,n_18293,n_18290,52.92339188,278.7208776
274,n_6687,n_7062,57.41180051,1470.627161
275,n_18689,n_22611,14.0515487,588.2491017
276,n_29018,n_29019,31.31592266,991.1422191
277,n_10024,n_11731,38.01220026,224.7008659
278,n_26268,n_28300,22623.29635,14384.36677
279,n_6697,n_22546,220.1135822,3527.409798
280,n_17633,n_29477,125.9771855,490.1905055
281,n_6955,n_28703,184.9268831,3149.269705
282,n_20881,n_30304,788.5737995,1617.779146
283,n_2416,n_2417,52.55499049,1388.393309
284,n_9902,n_9909,80.38902143,365.8962398
285,n_26302,n_29293,131.9220909,505.128156
286,n_9426,n_23802,39.16560328,1146.499477
287,n_9454,n_23779,24702.62052,76219.92787
288,n_9488,n_23600,167.0758309,2947.878611
289,n_28471,n_28502,22.67461448,803.2473576
290,n_23804,n_30061,23.60594343,824.5741765
291,n_14502,n_26265,278.9395783,822.4357279
292,n_3,n_28779,102.9004036,429.6931053
293,n_28311,n_28779,400.6808691,1041.110342
294,n_22537,n_30518,750.6172746,1566.651312
295,n_6661,n_31010,77.55769395,1788.704604
296,n_23771,n_23772,15.33854268,622.7851831
297,n_9945,n_23819,209.516233,3415.903008
298,n_6647,n_28664,1313.750543,2255.416591
299,n_14522,n_28307,4631.602363,5122.310753
300,n_26272,n_28303,181.0685593,620.7699567
301,n_9440,n_23773,129.8912078,2502.264667
302,n_1517,n_28509,27.93718098,920.1479932
303,n_9901,n_9905,63.85315881,1576.037536
304,n_18869,n_23842,472.3897256,5799.124218
305,n_13964,n_28275,544.5656965,1271.286983
306,n_13843,n_29240,1251.794684,10936.71445
307,n_319,n_19222,249.9077739,3831.311389
308,n_7049,n_28707,105.1833504,2181.123817
309,n_14576,n_26302,2233.133747,15941.76179
310,n_6707,n_6711,238.111491,3712.588659
311,n_1918,n_22421,103.8456753,432.2586825
312,n_6913,n_28504,41.01667639,1181.490099
313,n_1572,n_1575,125.7101362,489.5137899
314,n_23856,n_30493,206.1713033,3380.301139
315,n_23772,n_28994,227.8115749,3607.236859
316,n_26303,n_14569,1599.44163,2563.6474
317,n_28505,n_30343,1022.501616,9587.030058
318,n_6191,n_18291,83.72243275,375.7032092
319,n_4479,n_30205,445.5361693,1115.572188
320,n_28699,n_17633,181.5365363,621.8139494
321,n_6968,n_26833,34.60683745,211.3826182
322,n_4478,n_30957,27.17645988,903.7584894
323,n_9874,n_9876,29.2431417,947.9260661
324,n_22428,n_1998,512.9985777,6118.971689
325,n_20880,n_20881,534.1486424,1255.402281
326,n_2042,n_23859,424.3616371,1080.76452
327,n_6132,n_6135,72.81431297,1716.706024
328,n_6969,n_22602,379.3737639,1004.72608
329,n_9929,n_23812,394.3935411,5156.358671
330,n_4477,n_4521,45.26832303,1259.838806
331,n_9903,n_9908,52.88590307,1394.078129
332,n_9949,n_23815,34.31361613,1051.91708
333,n_9865,n_28955,816.7043224,8282.22535
334,n_2050,n_3087,25.21340438,860.7061823
335,n_6942,n_28471,93.05010653,402.4477955
336,n_10038,n_10037,305.5847171,4367.304915
337,n_23846,n_30068,353.6439906,4802.965565
338,n_29021,n_6669,34.04677888,1046.584548
339,n_9984,n_9986,132.945884,2540.417995
340,n_9856,n_30061,227.6612288,720.5598438
341,n_10043,n_23813,71.49965493,1696.46417
342,n_30415,n_30416,805.0826766,1639.747664
343,n_6656,n_22539,2195.64644,15767.03205
344,n_1837,n_22589,89.07212182,1957.378138
345,n_6646,n_6652,4773.005832,26138.84492
346,n_11709,n_28665,363.5753584,977.2863848
347,n_6651,n_6663,36.29122652,1090.997347
348,n_6888,n_22590,138.1250867,520.4659307
349,n_6135,n_6134,65.06257403,318.8258346
350,n_9822,n_22867,85.70813099,1908.930694
351,n_7045,n_22609,824.8844637,1665.891802
352,n_10040,n_23855,420.2144736,5373.688013
353,n_23796,n_23798,28.07306896,923.0591741
354,n_6400,n_28636,187.9051325,635.9294295
355,n_9853,n_9855,20.79360054,759.2154815
356,n_8318,n_8320,157.3374609,2834.853004
357,n_6938,n_28698,88.78489847,390.340508
358,n_14000,n_14015,486.1964608,1180.835347
359,n_10014,n_4099,14.11923005,590.0920904
360,n_28470,n_30882,72.40973648,1710.490429
361,n_9918,n_29004,159.6756975,2862.20869
362,n_29803,n_4517,33.41661411,1033.932945
363,n_15626,n_15629,501.1564475,1204.363264
364,n_10024,n_10022,2145.562159,15531.95343
365,n_6709,n_18277,33.637228,207.5079867
366,n_18289,n_19629,152.7933535,555.8106609
367,n_9439,n_9440,92.88404295,2011.511343
368,n_18283,n_18282,212.2798086,688.4817344
369,n_27920,n_27921,7640.245838,35505.50522
370,n_6689,n_6688,25.67645242,870.9638317
371,n_29015,n_29973,9402.74317,8122.011403
372,n_26269,n_26268,2689.180275,3595.484603
373,n_7597,n_22818,9052.709701,39651.14086
374,n_30942,n_30944,435.6865443,5501.678308
375,n_340,n_6903,650.8022422,1427.677755
376,n_29240,n_29275,187.0361433,634.0133359
377,n_207,n_29228,50.25307561,1348.496135
378,n_9906,n_9908,111.1527715,2260.929059
379,n_6888,n_28954,77.10814434,1781.948247
380,n_340,n_6661,27.21450674,904.5819697
381,n_10025,n_14001,173.7530978,604.3255577
382,n_6688,n_28669,199.8669265,3312.647089
383,n_9868,n_23786,25.89573434,875.7989121
384,n_7050,n_23857,2366.916854,16557.16426
385,n_1837,n_6893,55.0265032,1430.556911
386,n_1960,n_2411,33.8175211,208.2313714
387,n_26303,n_26304,1456.832195,2412.428618
388,n_7720,n_30957,61.64438997,1540.329135
389,n_9927,n_23810,35.69868017,1079.367604
390,n_18278,n_18284,46.33177351,255.6007049
391,n_17983,n_21770,1972.943698,2938.965796
392,n_1572,n_23849,30.93914024,983.3626023
393,n_23856,n_10044,31483.32762,89257.21097
394,n_9952,n_23826,20.12723964,743.2866772
395,n_1575,n_28509,11.69200044,521.9013819
396,n_28770,n_28771,267.5798844,4005.576465
397,n_7587,n_19221,554.9040206,6439.893086
398,n_6669,n_6939,75.29972855,1754.629122
399,n_13964,n_14027,372.5681152,992.9554597
400,n_6664,n_23768,246.0871542,3793.077581
401,n_23785,n_28652,184.0239202,3139.250543
402,n_6897,n_6902,5854.124931,29854.55321
403,n_7699,n_22867,492.0494123,5955.119736
404,n_6709,n_6710,15402.15796,11199.2895
405,n_28332,n_18271,234.4236817,734.4222612
406,n_28719,n_7062,18.03343319,691.990084
407,n_1508,n_3484,284.0146961,832.1463958
408,n_4534,n_14031,1162.145128,2082.377034
409,n_9961,n_31016,193.9275637,3248.225447
410,n_6705,n_18281,2315.299743,3261.626071
411,n_28504,n_29228,2.867123289,1860.02237
412,n_1990,n_2086,101.5647416,2131.976901
413,n_23901,n_23902,4236.334679,24185.96857
414,n_9969,n_9971,28.66171042,935.6135278
415,n_2044,n_29559,27.99087023,8198.384044
416,n_15661,n_18700,76.09768449,353.0593166
417,n_1506,n_29226,179.4469621,617.145086
418,n_18303,n_30976,32.23815398,201.8477185
419,n_29000,n_31012,37.05927769,1105.973542
420,n_340,n_18493,107.3007403,2209.607791
421,n_20896,n_23861,709.5176717,7557.355936
422,n_23582,n_28946,1183.483522,2107.188898
423,n_21284,n_28664,53.6574045,1407.283943
424,n_23815,n_23816,32.33293223,1011.979647
425,n_9961,n_9962,220.1496055,3527.785602
426,n_14549,n_26292,1020.555933,9575.150026
427,n_7557,n_29874,70.69655374,1684.034869
428,n_9943,n_23816,60.60697229,1523.403778
429,n_2044,n_1998,8.088624182,3653.818611
430,n_6977,n_18870,41.13843107,236.5648068
431,n_4481,n_18308,25.98027588,877.6592002
432,n_7067,n_23767,62.45459464,1553.478487
433,n_6687,n_22611,5657.057771,29196.40051
434,n_25970,n_30630,1205.287428,2132.3813
435,n_15628,n_15626,138.2569179,520.7892613
436,n_18282,n_18283,1310.875451,2252.202097
437,n_23812,n_29005,41.92795138,1198.51285
438,n_9994,n_10012,97.81338431,2080.377303
439,n_18267,n_18269,1333.055824,2276.93763
440,n_6984,n_18870,838.931326,1684.30509
441,n_6981,n_6982,197.3908227,656.6481371
442,n_6707,n_30400,36.85502991,1102.001584
443,n_7702,n_7703,362.6917589,4882.607992
444,n_319,n_6650,75.33629554,1755.18378
445,n_14503,n_26267,4075.054197,4712.720718
446,n_26268,n_26269,2635.535572,3548.628284
447,n_6968,n_6981,177.9935604,613.8864681
448,n_9955,n_29006,95.00730007,2041.327163
449,n_4093,n_28617,5.816415315,2947.889859
450,n_1572,n_7031,130.7579689,502.2218961
451,n_9871,n_23789,34.50783763,1055.789347
452,n_20562,n_20896,242.5810801,3757.80882
453,n_17892,n_28106,460.0527464,1139.102049
454,n_6913,n_6641,19.16774009,720.023194
455,n_2042,n_22521,225.2503002,3580.782846
456,n_4540,n_21559,463.2741995,1144.288359
457,n_997,n_19629,521.6929384,1236.266227
458,n_9963,n_29011,22.98564233,810.4031091
459,n_7045,n_30086,92.16066214,2001.299098
460,n_18867,n_28636,182.9754038,625.0179992
461,n_13300,n_18297,199.0181106,660.1672096
462,n_6177,n_22543,215.2375469,3476.34174
463,n_7044,n_30087,6199.78322,6193.155316
464,n_3485,n_20883,693.1037548,7443.076535
465,n_10023,n_10024,23.75551728,827.9717269
466,n_6650,n_29973,1478.890091,2436.14502
467,n_18699,n_29017,201.6402182,3331.751127
468,n_9967,n_18301,26248.50066,15845.71708
469,n_18696,n_18705,18.86134768,712.5095082
470,n_23822,n_23823,148.9645823,2735.708822
471,n_4479,n_15609,151.910129,553.7169654
472,n_9882,n_29000,38.86027872,1140.673025
473,n_6666,n_6678,247043.7793,68197.8512
474,n_12432,n_25047,6439.191471,31764.50009
475,n_4096,n_21285,248.6456107,3818.703348
476,n_6400,n_22425,72.36950745,341.7004682
477,n_333,n_334,149.2713039,2739.374518
478,n_9870,n_23789,147.1249735,2713.667715
479,n_18708,n_10875,51.73843303,274.6422238
480,n_23813,n_23814,31867.52207,89964.78847
481,n_18280,n_18279,54.51768791,284.1585538
482,n_23803,n_9856,2911.403195,18946.25837
483,n_28707,n_29661,45.81042887,253.7246512
484,n_28108,n_28504,94.67700802,407.0146609
485,n_18271,n_28332,3069.350237,3918.700793
486,n_9506,n_18869,107.3356307,441.6611046
487,n_1924,n_28663,5.477901109,2835.034954
488,n_9508,n_23786,251.3491747,3845.682728
489,n_6652,n_28470,915.7702627,8923.10202
490,n_29559,n_29953,12.10255319,4749.780154
491,n_14494,n_30260,957.4738279,1835.644117
492,n_23793,n_9887,37.83628984,1121.014641
493,n_9839,n_7069,51.18771868,272.7355728
494,n_16490,n_31089,896.3029347,1758.421374
495,n_9938,n_18295,50.71173738,271.0818833
496,n_22540,n_6665,542.6077545,6346.630382
497,n_2907,n_30301,1353.028789,2299.088815
498,n_9994,n_29016,76.47655723,1772.432746
499,n_1960,n_1990,183.0865581,3128.831524
500,n_9932,n_29003,105.743066,2188.67264
501,n_9961,n_29011,217.2261757,3497.217451
502,n_4531,n_7797,82.58353732,372.368147
503,n_328,n_12439,456.4834394,1133.340894
504,n_6660,n_7026,120.2951251,2380.31421
505,n_10029,n_10037,39.62644734,1155.263754
506,n_23782,n_9484,8003.116101,36594.38967
507,n_9479,n_23781,77.51282846,1788.030928
508,n_18692,n_20562,73.61766928,1729.012553
509,n_23850,n_29020,785.0563367,8071.853276
510,n_18493,n_22818,30.86992508,981.9298955
511,n_2414,n_22427,19.45668758,727.0707618
512,n_9456,n_23780,1194.148178,10606.14901
513,n_30522,n_23843,136.7118973,2587.037543
514,n_17892,n_17983,1117.616187,2030.081176
515,n_23850,n_28673,87.15454765,1929.841527
516,n_23817,n_30519,285.5193455,4178.414877
517,n_1517,n_20880,125.5945532,2448.064281
518,n_1572,n_7026,25.44676865,865.8839158
519,n_29015,n_30069,898.5002429,8813.190759
520,n_9833,n_28993,151.6809242,2768.081558
521,n_30401,n_29024,43.27579882,1223.456066
522,n_22611,n_30413,7641.578727,35509.53749
523,n_4452,n_13267,48.04703725,261.72176
524,n_18271,n_18296,57.48318335,294.1277056
525,n_30067,n_9930,124.9854667,2440.328928
526,n_9898,n_9903,80.23932642,1828.727259
527,n_7566,n_28767,85.25749886,1902.390803
528,n_23809,n_23810,663.3375804,7233.392792
529,n_9835,n_23770,1089.034623,9988.653804
530,n_18268,n_18262,71.10161968,337.7912674
531,n_6894,n_22592,103.4741369,2157.98456
532,n_9440,n_23772,75.53204277,1758.151332
533,n_9883,n_9856,7797.36572,7190.067261
534,n_6409,n_29924,6.462421522,3157.096889
535,n_6954,n_31267,94.11387185,405.4370072
536,n_6707,n_6708,473.9214196,5811.358247
537,n_9898,n_23805,72.16041979,1706.654087
538,n_17984,n_21770,4272.673899,4860.270078
539,n_218,n_29226,550.5443238,1280.355725
540,n_23842,n_10002,5625.257421,29089.45108
541,n_10043,n_28996,122.814817,2412.654151
542,n_23784,n_28652,518.904005,6164.735882
543,n_15689,n_29983,85948.19523,34297.5422
544,n_9480,n_9867,503.8856811,6047.988632
545,n_6688,n_6690,494.1017606,1193.299187
546,n_28504,n_28505,90.76983539,1981.585294
547,n_30523,n_28998,108.9294832,2231.384986
548,n_1998,n_6130,313.0754508,39480.99508
549,n_23900,n_23902,2992.604358,19288.60946
550,n_4534,n_11735,41.22575713,1185.407329
551,n_6965,n_6968,126.1429013,490.6101855
552,n_9458,n_23584,961.2039736,9208.857463
553,n_9933,n_23795,224.1588697,3569.478185
554,n_13988,n_17889,971.5905871,1853.217936
555,n_28714,n_30086,32.14678293,1008.182946
556,n_9820,n_7091,34.02092321,1046.06707
557,n_28471,n_29962,168.8145913,593.0874926
558,n_1754,n_22817,692.7737837,7440.769537
559,n_2417,n_18867,119.1584995,472.7507855
560,n_4534,n_30912,1144.836369,2062.13376
561,n_9831,n_23770,61.6771238,1540.861559
562,n_6664,n_6674,249.8582287,3830.81689
563,n_323,n_19224,18462.54039,63059.21533
564,n_4098,n_21285,29837.60907,86191.45254
565,n_23857,n_7061,68.73432262,1653.456881
566,n_9851,n_28662,186.1107743,631.9695076
567,n_4473,n_30940,19.01686991,6374.411469
568,n_1258,n_10026,38.85711416,1140.612552
569,n_6895,n_22591,59.42512742,1503.998393
570,n_6691,n_7607,134.7124087,2562.34245
571,n_2418,n_2416,24.30631198,840.4191431
572,n_29016,n_29019,25.6946895,871.3665001
573,n_6904,n_18493,29076.63031,84753.96322
574,n_18707,n_18710,179.7857863,617.9034252
575,n_27913,n_6939,458.3385061,1136.337078
576,n_29000,n_23800,818.6158283,8294.839605
577,n_15691,n_29983,48.85798649,264.5890824
578,n_6971,n_6974,856.0181895,1706.558954
579,n_6684,n_4484,482.8827646,1175.589821
580,n_6129,n_6130,66.09145939,322.0990803
581,n_18262,n_18267,223.2172084,711.3716969
582,n_30212,n_27690,850.1563294,1698.942111
583,n_7064,n_7066,365.2311177,4904.835458
584,n_1960,n_29559,8.357632171,3732.473901
585,n_1506,n_28509,126.4840092,491.4734459
586,n_9871,n_23788,95.61670616,2049.841649
587,n_22815,n_22816,111.7506004,2268.837989
588,n_29018,n_28673,156.9255934,2830.019797
589,n_23803,n_9907,15.12995494,617.2585626
590,n_9414,n_28704,69.73727643,1669.12371
591,n_6024,n_7798,228.6595668,722.6152978
592,n_23823,n_23824,79.02635182,1810.682698
593,n_18698,n_28663,12.90227764,556.4634428
594,n_6710,n_18282,204.6033859,672.1699776
595,n_9874,n_23789,34.65952097,1058.808227
596,n_7046,n_7047,333.2913425,923.4923721
597,n_9870,n_18693,54.76799466,1426.178206
598,n_9833,n_23769,201.3252079,3328.361752
599,n_15641,n_30941,28.39978167,8276.155605
600,n_18278,n_18279,1415.157331,2367.275174
601,n_13988,n_15609,160.0085657,572.7592497
602,n_9850,n_23776,726.8412709,7676.972572
603,n_9934,n_9890,13.94558932,585.3575529
604,n_7699,n_23766,85.03790745,1899.199567
605,n_9891,n_23794,54.61933418,1423.656877
606,n_6129,n_22428,40.54267423,1172.58353
607,n_9927,n_30064,623.060605,6944.357066
608,n_7031,n_30941,17.09408651,5947.072883
609,n_9854,n_23778,99.88939409,2109.016311
610,n_6706,n_30398,49.25552399,1331.008997
611,n_9480,n_12417,886.0742173,1745.331401
612,n_6667,n_22538,270.1412263,805.4535904
613,n_12439,n_25052,388.0146055,5101.911475
614,n_14508,n_28300,156.6872158,564.9912439
615,n_9845,n_9847,324.2589985,4539.244113
616,n_15690,n_15691,61.36780495,306.9192943
617,n_9834,n_23769,879.3048648,8690.156982
618,n_6930,n_28698,159.7759756,2863.378734
619,n_14027,n_14029,492.9156407,1191.433561
620,n_30212,n_29284,510.5902579,1219.074033
621,n_27914,n_27913,6001.408446,30341.40213
622,n_7589,n_28767,110.6083762,2253.7141
623,n_328,n_19233,302.2891205,4336.585183
624,n_9823,n_28718,20855.61539,68266.40014
625,n_15628,n_30412,249.1172523,764.0710492
626,n_30399,n_9943,43.28116009,1223.554736
627,n_4481,n_28107,698.2201286,1494.561865
628,n_1918,n_16911,63.44521315,313.6436691
629,n_18707,n_30524,3206.635781,20175.81722
630,n_1953,n_6417,1034.858774,9662.297608
631,n_29262,n_30421,263.1977574,791.9150005
632,n_6685,n_28700,34.10593262,1047.767944
633,n_9939,n_9940,123.3486125,2419.475518
634,n_11856,n_28998,558.5855087,6467.675092
635,n_325,n_19223,497.6683038,5999.302366
636,n_9961,n_18302,40.11582861,1164.531894
637,n_11709,n_28601,142.4331738,530.9770214
638,n_26569,n_31089,382.8877316,1010.774744
639,n_23854,n_23855,189.8220229,3203.291474
640,n_1953,n_20136,36.75809133,9789.609167
641,n_6673,n_6938,215.7385241,695.763757
642,n_1586,n_16162,5309.34426,5598.561898
643,n_3484,n_20882,358.4156055,968.23493
644,n_15690,n_29983,115.8696128,464.2148703
645,n_18291,n_18292,134.9489101,512.6431215
646,n_13478,n_29012,91.08321992,1986.036406
647,n_7091,n_7092,3625.903606,21856.10682
648,n_17985,n_28106,2474.431598,3405.864667
649,n_1960,n_6423,14.27457876,594.3106761
650,n_6685,n_31267,3324.754196,4128.006093
651,n_23844,n_29630,14571.16864,54053.97883
652,n_2417,n_28636,72.11135784,340.9064817
653,n_14496,n_26270,145.6299675,538.7051251
654,n_998,n_9907,375.8345964,998.6142409
655,n_1069,n_8325,16.45288646,651.8781593
656,n_14574,n_14575,290.159217,4222.494575
657,n_6692,n_30524,146.4299162,2705.314945
658,n_6971,n_18870,918.4533521,1786.590588
659,n_1960,n_6409,23.59194352,7334.825113
660,n_1754,n_7608,80.23065244,1828.598562
661,n_13267,n_9905,113.1508167,457.0945312
662,n_27918,n_27920,2888.644552,3766.922887
663,n_29630,n_30523,223.4231986,3561.847518
664,n_18688,n_23858,50.97751893,1361.119805
665,n_1500,n_28711,137.6706764,519.3506134
666,n_9847,n_29005,538.7118407,6316.927876
667,n_18990,n_18704,63.70433223,314.4769837
668,n_9984,n_9968,20.10709212,742.8022254
669,n_9902,n_18289,964.4727993,1844.36829
670,n_6711,n_9937,61.55519795,1538.877903
671,n_9968,n_23825,11.44764601,514.7745451
672,n_23819,n_30399,42.28842819,1205.210891
673,n_2907,n_28509,231.7567182,728.9721148
674,n_14035,n_26041,28672.13875,16783.45567
675,n_326,n_5117,158.2555421,568.666349
676,n_4538,n_11735,107.7452267,442.7575657
677,n_18297,n_18299,197.0170505,655.8384123
678,n_9868,n_23784,22.90593559,808.5725506
679,n_17983,n_17889,463.8329881,1145.186686
680,n_23849,n_30524,336.4383824,4649.522215
681,n_1500,n_3861,242.6302031,751.0588576
682,n_9846,n_29001,224.7522553,3575.626645
683,n_9938,n_9939,162.3960643,578.3084229
684,n_1258,n_4532,50.16067,1346.881383
685,n_1837,n_6703,31.62926353,997.5870755
686,n_18293,n_18295,127.6925602,494.5254756
687,n_6684,n_30898,488.1385226,52718.38874
688,n_28698,n_30950,28.3279195,928.5057111
689,n_6687,n_28990,25.50386249,173.2907359
690,n_6712,n_6713,52.7063374,12378.08011
691,n_9890,n_31013,29.29739048,949.070474
692,n_30212,n_14521,110.5601785,450.2540638
693,n_30519,n_30520,1847.006336,14088.46709
694,n_30640,n_29239,3842.294098,4535.689855
695,n_18277,n_18298,32.09787436,201.2755031
696,n_7699,n_9885,106.3518229,2196.867063
697,n_3087,n_3088,122.7179105,2411.414676
698,n_10014,n_18691,114.2112613,459.8787892
699,n_14000,n_14492,506.1099481,1212.099523
700,n_7045,n_24341,693.9721414,1488.636054
701,n_322,n_1837,11.14133069,4500.664198
702,n_9975,n_9978,90.97640443,1984.519869
703,n_4539,n_21560,249.955459,765.7437079
704,n_23853,n_28996,24.99800076,855.9120847
705,n_27917,n_27922,2654.694473,3565.400627
706,n_6662,n_28667,107.0871313,2206.743191
707,n_6922,n_26871,129.5330922,499.1541941
708,n_10707,n_30421,92.16292124,2001.331034
709,n_7619,n_22867,44.56792121,1247.114678
710,n_4531,n_29228,14.92246329,5443.657084
711,n_12414,n_6888,21.37720659,773.0202917
712,n_28673,n_23792,156.9906241,2830.783216
713,n_28662,n_30518,3001.583786,19326.26719
714,n_29924,n_1837,2.845842068,1851.022975
715,n_6965,n_6967,178.6655145,615.394181
716,n_1517,n_7592,77.6716588,1790.415227
717,n_4532,n_275,19.39930209,725.6740248
718,n_1048,n_28300,39.41761165,1151.296574
719,n_18992,n_22425,125.1919457,488.1992375
720,n_18293,n_9937,115.317466,462.7735954
721,n_23584,n_9453,493.3748041,5965.557395
722,n_6696,n_23848,972.5236786,9279.3134
723,n_1508,n_5117,385.1091602,1014.588541
724,n_29239,n_13841,491.8787936,1189.801439
725,n_14194,n_14258,1040.858393,1938.192152
726,n_28803,n_9986,30.74398655,979.3201742
727,n_7600,n_22816,3991.228644,23265.54469
728,n_4099,n_28470,85.43668569,1904.99273
729,n_207,n_19163,3775.545013,4484.237654
730,n_28662,n_9822,15.89531829,637.4103203
731,n_23794,n_29003,37838.90518,100607.6088
732,n_6964,n_18694,15268.81412,11136.07438
733,n_9455,n_23584,188.2601855,3186.108747
734,n_7089,n_6689,14.79843226,608.4196746
735,n_10018,n_10014,13.79015301,581.1019023
736,n_6660,n_6683,2922.06928,3795.241256
737,n_9455,n_23583,286.3764021,4186.5758
738,n_28954,n_10002,243.0956756,3762.996391
739,n_9885,n_23793,439.2837252,5531.206747
740,n_7014,n_6666,41.47675527,237.8295287
741,n_6178,n_6654,280.8241173,826.0487214
742,n_19230,n_25052,2074.456034,15194.88718
743,n_6129,n_23899,85.61658763,381.2150779
744,n_9440,n_9484,12.98912334,558.8989573
745,n_9505,n_9506,10402.21785,8674.088669
746,n_6692,n_18706,140.2909305,2630.928768
747,n_29006,n_31014,111.8232966,2269.798709
748,n_1514,n_6178,907.7280429,8872.009902
749,n_28666,n_30413,29.23738473,947.804576
750,n_18699,n_30068,705.8154685,1505.12587
751,n_207,n_18308,433.4534419,5483.304473
752,n_15777,n_26871,304.9754419,871.6282493
753,n_18267,n_18268,1164.872347,2085.557
754,n_3492,n_20880,747.0432292,1561.791087
755,n_9413,n_9441,60.98623994,1529.603126
756,n_6699,n_22549,77.39341196,1786.237171
757,n_31014,n_29010,334.171343,4629.10226
758,n_28501,n_30882,67.54074858,326.6797756
759,n_10058,n_18692,42.02457816,1200.310243
760,n_10239,n_17246,119.6180678,473.936954
761,n_8330,n_30976,22.88543359,808.1013391
762,n_15512,n_30898,73.73083008,345.8712366
763,n_6393,n_6394,88.39413655,389.2212459
764,n_6953,n_6954,83.17540681,374.1033258
765,n_7557,n_1514,22.20890764,792.4685374
766,n_14033,n_26042,17263.03955,12062.52446
767,n_6902,n_9877,116.2929943,2328.456805
768,n_4536,n_4521,22.66227707,802.9628094
769,n_22426,n_22521,124.0244944,2428.097841
770,n_14029,n_14488,265.2936446,796.0146198
771,n_6422,n_10126,44.3889879,1243.852851
772,n_9883,n_9882,44.13184209,1239.157218
773,n_28704,n_9412,9.546892488,457.3861458
774,n_6705,n_6706,313.5837581,4441.390823
775,n_207,n_14502,20.76362638,758.5028376
776,n_23790,n_28999,208.3179078,3403.171558
777,n_28470,n_28664,80.23562071,1828.672277
778,n_6901,n_6902,58.48757349,1488.508192
779,n_7702,n_22868,247.5426897,3807.667715
780,n_9942,n_29007,67.74468331,1637.919635
781,n_28295,n_28296,203.7310993,670.3030389
782,n_29004,n_29003,20.25414471,746.3342588
783,n_23784,n_9863,765.0113911,7937.077613
784,n_6700,n_22548,181.9992429,3116.722387
785,n_14573,n_10025,145.5913708,2695.219384
786,n_9890,n_23796,106.4607167,2198.331146
787,n_324,n_19224,71.18268226,1691.564351
788,n_321,n_28770,102.2522791,2141.361272
789,n_12414,n_22589,70.33449025,1678.415243
790,n_23582,n_23583,415.4438853,5333.89395
791,n_18270,n_29803,940.1763538,1813.986862
792,n_6890,n_22590,119426.3837,42488.08437
793,n_23779,n_23780,116.4772554,2330.8579
794,n_29017,n_30069,43.54122032,1228.335805
795,n_13956,n_17072,814.5194394,1652.234604
796,n_26267,n_26270,965.395739,1845.517077
797,n_27919,n_27920,3810.022071,22572.3419
798,n_30944,n_21135,472.5948052,5800.763043
799,n_23776,n_23777,40.37462242,1169.417098
800,n_18310,n_10584,89.11298006,391.2789074
801,n_23843,n_23844,3719.233752,22220.71529
802,n_15628,n_15630,221.8833574,708.6014975
803,n_23793,n_9886,10.01125105,471.7487305
804,n_23843,n_23845,1977.271647,14727.60099
805,n_6692,n_10016,16.90311106,663.4361144
806,n_319,n_22546,33.48450913,1035.300028
807,n_6678,n_6682,20.22450113,745.6229763
808,n_1514,n_22543,6562.720002,32159.88047
809,n_1258,n_4538,962.4515572,1841.8511
810,n_4095,n_4098,193.2822191,3241.184489
811,n_18699,n_18709,20.90274161,152.2394423
812,n_6940,n_18703,68.34943022,329.2208154
813,n_9866,n_23783,8604.176073,38360.88078
814,n_9872,n_23788,1962.911859,14657.88274
815,n_6705,n_18284,72.46371274,341.9899676
816,n_6641,n_6922,13.42427278,571.0178877
817,n_28295,n_28310,481.6463724,1173.629417
818,n_20896,n_1514,44939.79084,112526.7134
819,n_10836,n_30087,3787.259465,4493.290331
820,n_23797,n_23798,58.85557171,1494.598491
821,n_26264,n_28298,391.1333329,1024.892537
822,n_6922,n_15782,34.77901486,212.0666686
823,n_8338,n_8341,44.57525502,1247.248271
824,n_4491,n_30890,680.0731785,1469.158302
825,n_9950,n_23817,204.8757376,3366.45767
826,n_23844,n_23845,4199.567532,24049.10938
827,n_9943,n_30521,383.7601037,5065.423579
828,n_9958,n_9978,182.8638706,3126.353561
829,n_6177,n_18705,326.5564338,4560.155374
830,n_12162,n_18700,14591.66832,10812.02868
831,n_22548,n_6691,347.551503,4748.935852
832,n_23585,n_23586,415.9410805,5338.048741
833,n_31089,n_29239,7273.453285,6871.760789
834,n_4475,n_28505,29.72563444,958.0787116
835,n_26569,n_26570,338372.3212,83697.19474
836,n_6942,n_28698,85.17141695,1901.140151
837,n_9928,n_30064,118.6606434,471.4639909
838,n_2418,n_6129,26.07920518,879.8334021
839,n_9419,n_9836,22.17907834,791.7754617
840,n_18296,n_18297,200.3011332,662.9347197
841,n_19221,n_28770,233.2128275,3662.685741
842,n_7065,n_7699,49.35301944,1332.723513
843,n_26569,n_31224,96661.88236,37023.37739
844,n_207,n_229,350.3329749,953.9640516
845,n_6893,n_6903,37.69269469,1118.243163
846,n_6673,n_21285,131.3659047,503.7407445
847,n_28697,n_28470,54.89917697,1428.401115
848,n_9900,n_9905,33.03123796,1026.154847
849,n_14032,n_26042,997.4845585,1885.223268
850,n_26274,n_26275,202.5217993,667.710175
851,n_29872,n_20897,55.84085822,1444.304053
852,n_28664,n_29962,162.4160461,578.3547451
853,n_23801,n_29000,653.0761241,7160.350162
854,n_7045,n_7046,129.1890027,2493.449939
855,n_23780,n_28945,25.33777972,863.4678126
856,n_6657,n_22544,5461.942691,5702.796243
857,n_10026,n_29228,24.60290834,847.0811178
858,n_6659,n_28502,395.8013882,1032.838928
859,n_7618,n_6897,25.29644596,862.5505637
860,n_17246,n_28842,34.14418756,209.5386267
861,n_9907,n_998,235.4101711,3685.114982
862,n_6655,n_22540,538.1587184,6312.704795
863,n_9457,n_28947,83.27817751,1873.521331
864,n_22539,n_22540,1178.661779,10516.40233
865,n_18694,n_28706,158.9020167,570.1775488
866,n_10022,n_28665,24.522349,845.2744268
867,n_29001,n_9881,106.3467879,2196.799356
868,n_340,n_6906,106.3777959,2197.21632
869,n_9946,n_23818,160.7432063,2874.651243
870,n_28114,n_28625,636.4914763,1407.161178
871,n_9833,n_23770,201.3007226,3328.098223
872,n_1517,n_20895,670.7031074,7285.578808
873,n_14029,n_26041,1415.600619,2367.757885
874,n_6707,n_28996,11.69186705,521.8975057
875,n_14510,n_26273,235.1289212,735.8598485
876,n_9874,n_23790,29.63392525,956.1534135
877,n_30061,n_9856,144.3470126,2680.200604
878,n_9952,n_29022,16.08392015,642.323713
879,n_9969,n_30975,790.2192158,8106.371478
880,n_9951,n_23816,25.30479326,862.7358431
881,n_28666,n_23768,221.1805956,3538.532062
882,n_6891,n_7559,406.7220532,5260.725478
883,n_31027,n_28663,6.196854862,3072.020531
884,n_2415,n_10054,1213.226029,10716.15242
885,n_10015,n_23847,47.11162738,1293.00207
886,n_9962,n_29011,1279.92377,11096.08245
887,n_15641,n_30940,202.2217247,29703.9692
888,n_30260,n_14492,910.375306,1776.345306
889,n_21118,n_21135,1553.580363,2515.550968
890,n_7599,n_22815,22807.22783,72359.91051
891,n_6982,n_6966,321.7545677,902.5545516
892,n_9914,n_29004,263.7724349,3968.379229
893,n_26271,n_28308,1007.884897,1897.996414
894,n_6651,n_22539,213.0998409,3453.825866
895,n_1069,n_8338,48.50154094,1317.709501
896,n_23824,n_29011,25.27072695,861.9795621
897,n_10041,n_23855,147.1297186,2713.724692
898,n_4472,n_6922,20.31232426,747.7291918
899,n_26272,n_28304,16267.97784,11605.21051
900,n_9852,n_28995,965.6585042,9236.617658
901,n_28704,n_7041,36.82342251,1101.386237
902,n_18277,n_18278,160.846134,574.7092478
903,n_1508,n_29226,558.1983998,1291.915883
904,n_26264,n_26265,477.9901057,1167.821794
905,n_18291,n_31014,312.7941868,886.1112769
906,n_8318,n_8330,14.98289097,613.3460478
907,n_6900,n_22591,34446.14103,94639.26038
908,n_29873,n_30304,278.2650357,4108.992965
909,n_22612,n_28662,2180.004723,15693.81804
910,n_4474,n_28504,62.23433093,13792.21847
911,n_17632,n_18703,929.4415729,1800.476472
912,n_6665,n_28998,56.90187426,1462.110585
913,n_9858,n_28998,31.19638216,988.6775619
914,n_4474,n_4507,86.29108803,17062.17578
915,n_7014,n_28710,88.88532387,390.6278793
916,n_6685,n_30940,179.1241665,616.4221562
917,n_7044,n_22609,584.2505765,1330.855531
918,n_9839,n_9853,52.9085856,1394.467342
919,n_22591,n_6897,70.44045822,1680.061026
920,n_9457,n_23582,393.3327352,5147.325625
921,n_6661,n_6907,106.6945928,2201.473855
922,n_6129,n_6133,122.8841268,482.3215042
923,n_9426,n_10045,54.04405893,1413.877373
924,n_27914,n_27915,401.6205636,5217.674719
925,n_9892,n_23801,5384.334816,28272.21226
926,n_6662,n_9414,150.6367043,2755.66092
927,n_7065,n_28663,8.854911006,435.5216388
928,n_23767,n_28991,21614.05867,69872.48212
929,n_1754,n_28766,25.48011373,173.18567
930,n_9873,n_31010,19.5192924,728.592896
931,n_23799,n_23801,452.2581776,5637.017562
932,n_28470,n_4472,22.95483572,809.6958624
933,n_15692,n_30941,22.3170016,158.8681368
934,n_275,n_6024,16.4082288,650.7257487
935,n_6701,n_19222,221.7868446,3544.843098
936,n_1924,n_28719,19.4112454,725.9648382
937,n_9913,n_9923,76.52874786,1773.220088
938,n_4452,n_9900,84.55203756,378.1226057
939,n_7602,n_22814,345.3447415,4729.284347
940,n_7066,n_28718,150.0237583,2748.356143
941,n_14488,n_29293,213.5145011,691.0859905
942,n_10029,n_23786,21.28486668,770.844896
943,n_322,n_6891,7.277020255,3410.769452
944,n_28670,n_28671,32.45689179,1014.503694
945,n_24341,n_30087,773.2252135,1597.210211
946,n_30950,n_6940,1135.039476,2050.628582
947,n_9846,n_28995,188.8787142,3192.919487
948,n_9969,n_23825,29.49878344,953.3125177
949,n_14006,n_28625,173.3261767,603.3584978
950,n_6953,n_18694,96.05455076,410.8601777
951,n_9951,n_13478,14.82073105,609.0163465
952,n_22542,n_22543,247.7868839,3810.112556
953,n_2042,n_20311,1660.12517,2626.555308
954,n_326,n_30944,136.4536492,2583.85512
955,n_6178,n_23861,5785.568068,29626.48129
956,n_20311,n_23859,231.058849,3640.627449
957,n_18285,n_6705,294.2604797,4261.252951
958,n_23842,n_30522,370.3883011,4949.811949
959,n_18269,n_18270,238.5673926,742.8475289
960,n_28502,n_28664,35.34260236,1072.346559
961,n_10048,n_22426,41.01051256,1181.374511
962,n_6673,n_28699,208.4303051,680.3280698
963,n_14001,n_14722,247.2165451,760.2708534
964,n_10014,n_29255,45.40603947,252.2643239
965,n_3861,n_21135,3491.07474,4261.291775
966,n_30640,n_14366,294.11634,851.2964766
967,n_9505,n_28953,32.29979046,1011.304247
968,n_4459,n_28502,52.66886034,1390.350911
969,n_9487,n_31010,6381.678865,31579.51624
970,n_3088,n_10123,42.72421735,1213.28177
971,n_6673,n_6940,129.3895715,498.7940855
972,n_9484,n_9873,190.2082316,3207.532772
973,n_28303,n_28779,880.1763826,1737.759812
974,n_1850,n_1851,200.8940248,664.21151
975,n_13300,n_18294,49.76424035,267.7737996
976,n_9484,n_23600,21.75825161,781.9627106
977,n_9955,n_30062,34.82619626,1062.120172
978,n_14528,n_28779,211.806735,687.4825113
979,n_15824,n_15825,237.5003179,740.6827979
980,n_218,n_1586,863.4299269,1716.163685
981,n_6663,n_6677,220.9637198,3536.272925
982,n_6713,n_8338,23.3304633,7281.79907
983,n_9901,n_9904,92.6364525,2008.019149
984,n_322,n_22816,132.4041366,2533.673998
985,n_17891,n_13988,703.6382575,1502.101762
986,n_7065,n_7067,182.4251422,3121.468513
987,n_9821,n_9840,20.04482158,741.3038436
988,n_28673,n_30401,7106.746829,33871.19683
989,n_7559,n_18705,63.88051007,1576.476986
990,n_28470,n_28471,57.88959977,1478.58324
991,n_2418,n_23899,81.67038642,369.6825309
992,n_18296,n_18299,67.27541655,325.8437392
993,n_14194,n_18690,229.2855791,723.9025817
994,n_9937,n_29007,30.40984954,972.3779758
995,n_30942,n_30943,784.2148029,8066.219413
996,n_18693,n_18868,61.6300521,307.7724966
997,n_1517,n_20882,317.5998788,4478.338493
998,n_3498,n_20883,29181.20227,84952.27111
999,n_9441,n_9439,15.73064608,633.1036737
1000,n_14029,n_14034,850.0297369,1698.777416
1001,n_10052,n_23858,133.194978,2543.515647
1002,n_16289,n_18700,121.502688,478.784717
1003,n_322,n_19224,61.89192597,1544.352926
1004,n_23819,n_30398,41.98479317,1199.570361
1005,n_6687,n_28669,13.86989577,583.2872381
1006,n_9907,n_9909,46.52417187,1282.483024
1007,n_9825,n_23768,799.0432178,8165.185741
1008,n_18708,n_18709,209.0920857,681.7335094
1009,n_19163,n_30205,531.2054038,1250.894678
1010,n_6941,n_6939,187.7860884,3180.883084
1011,n_6398,n_22421,5313.061094,5601.113053
1012,n_9418,n_17163,57.84368713,1477.819723
1013,n_10047,n_30493,60.64589651,1524.040639
1014,n_10016,n_23850,13.67126906,577.8357023
1015,n_18282,n_18284,110.4877353,450.0619817
1016,n_328,n_19230,2450.572275,16935.81012
1017,n_26264,n_28297,1288.754512,2227.386929
1018,n_9913,n_9920,138.5921069,2610.144701
1019,n_1998,n_20106,55.98299066,1446.696201
1020,n_6407,n_30949,27.90739065,919.5091238
1021,n_326,n_1517,43.72288682,1231.669736
1022,n_9930,n_23809,27.42314402,909.0905623
1023,n_9835,n_23769,1049.280295,9749.743734
1024,n_9970,n_9971,43.69395732,1231.139148
1025,n_14575,n_14576,95.27223788,2045.03115
1026,n_30976,n_30975,16.84161321,661.8637635
1027,n_6889,n_22589,15029.60143,55155.09308
1028,n_9952,n_29009,9.547022365,457.3901965
1029,n_23822,n_9958,122.1356606,2403.960244
1030,n_19358,n_22602,931.1647993,1802.648915
1031,n_14002,n_28275,281.1268332,826.6282913
1032,n_7588,n_22813,7832.049414,36083.25609
1033,n_4478,n_4484,19.1110244,718.6355302
1034,n_9937,n_9938,29.09627368,944.8240791
1035,n_1081,n_8341,158.7237784,569.7611133
1036,n_6966,n_6969,159.2915454,571.0870757
1037,n_14045,n_28625,170.85681,597.7484938
1038,n_23799,n_23800,4230.954783,24165.96883
1039,n_28953,n_28955,45.927367,1271.748988
1040,n_9911,n_9912,34.80789603,1061.756805
1041,n_322,n_334,71.10847175,1690.416093
1042,n_6695,n_19222,4547.756779,25329.04524
1043,n_14034,n_26042,473.8047497,1161.154697
1044,n_22541,n_22542,69.22745392,1661.16983
1045,n_6707,n_23818,10.58673764,489.2298901
1046,n_13843,n_25970,606.2513498,1363.269715
1047,n_9995,n_23846,135.4419,2571.366907
1048,n_9457,n_23583,203.1141048,3347.58503
1049,n_6892,n_22590,367.7759973,984.6222577
1050,n_28711,n_1572,6.258396554,3091.847361
1051,n_7720,n_30912,102.9165772,2150.407546
1052,n_3493,n_20881,1530.190755,2490.83085
1053,n_6971,n_6978,132.2199483,505.8703243
1054,n_15622,n_18690,148.6404915,545.9289697
1055,n_10875,n_23849,452.2770633,1126.531236
1056,n_23803,n_23805,16.92803955,664.0729065
1057,n_28667,n_6682,41.11505093,1183.33406
1058,n_9505,n_9507,170.5384479,597.0231735
1059,n_17890,n_21770,34003.93057,18754.27694
1060,n_9981,n_9983,66.5115773,1618.448673
1061,n_4474,n_30343,716.4219028,7605.149356
1062,n_28501,n_28664,41.63544978,1193.063078
1063,n_6675,n_22537,365.6329348,980.8833509
1064,n_23598,n_23599,3458.520392,21193.87823
1065,n_4474,n_4478,10.87026601,497.7200946
1066,n_6991,n_19358,931.5842838,1803.177539
1067,n_18865,n_18866,136.1083346,2579.59648
1068,n_14000,n_14002,761.3406025,1581.185382
1069,n_28945,n_9477,90.0702918,1971.630033
1070,n_2411,n_2412,329.1355964,915.9798025
1071,n_14570,n_26304,5371.794284,5641.343947
1072,n_30066,n_30067,129.6265396,499.3885887
1073,n_9506,n_28954,66.19930942,1613.497975
1074,n_6685,n_28702,58.47247516,1488.258032
1075,n_29006,n_29007,44.24056331,1241.143694
1076,n_10038,n_10039,115.2602222,2314.974154
1077,n_9829,n_9831,110.3140289,2249.807907
1078,n_23596,n_28951,1130.648207,10235.4991
1079,n_4472,n_28471,46.76290783,1286.763417
1080,n_27922,n_27919,710.0715116,7561.195772
1081,n_18298,n_18299,78.68622581,360.8319046
1082,n_18691,n_14194,324.6542398,907.8414121
1083,n_14626,n_15689,108.1891416,443.9442546
1084,n_30897,n_275,12.42472996,4831.715916
1085,n_9902,n_23804,4799.99633,5242.792828
1086,n_9913,n_9916,41.38527308,1188.391277
1087,n_6679,n_23782,22.96918174,810.0252541
1088,n_29559,n_20980,14.74801866,607.0695472
1089,n_23854,n_30401,21.41079571,773.8107892
1090,n_9887,n_18698,350.448812,4774.670787
1091,n_23848,n_6692,21.55731282,777.2539237
1092,n_6670,n_22541,821.502462,8313.869379
1093,n_1258,n_4481,54.11998479,1415.170163
1094,n_333,n_19233,308.199075,4391.592345
1095,n_14510,n_26275,344.1973381,943.053985
1096,n_324,n_19233,370.5288235,4951.034394
1097,n_22426,n_22427,2636.049688,17759.61765
1098,n_22421,n_22422,425.9654416,1083.421825
1099,n_18990,n_28220,112.5678984,455.5601683
1100,n_6905,n_22592,1075.076592,9905.123076
1101,n_14502,n_28299,3709.757611,4433.215166
1102,n_28502,n_30890,211.4495855,686.7276263
1103,n_20153,n_30301,1702.551065,2670.060259
1104,n_23847,n_28670,591.090011,6710.259718
1105,n_23785,n_9862,83.11443123,1871.122338
1106,n_9458,n_23585,3405.90042,20983.39809
1107,n_2042,n_2416,341.4711071,4694.682784
1108,n_6400,n_18992,46.35774826,255.6939816
1109,n_3497,n_20882,333.4544742,923.7866052
1110,n_26292,n_2106,5357.655565,5631.673335
1111,n_4491,n_28506,123.1858698,483.0921823
1112,n_7591,n_19221,6777.556351,32841.38282
1113,n_14573,n_14574,1102.595025,10069.44786
1114,n_28697,n_6669,78.06724561,1796.346238
1115,n_207,n_30205,456.735391,1133.748079
1116,n_23773,n_9836,56.81149865,1460.598395
1117,n_9842,n_9856,11.2886687,510.1092968
1118,n_29630,n_30522,131.0935159,2517.318639
1119,n_18270,n_30852,875.1754512,1731.325777
1120,n_7798,n_13721,58.50481946,297.5203164
1121,n_9837,n_23771,290.3474576,4224.277684
1122,n_18303,n_30975,154.9471529,560.8986457
1123,n_18285,n_23853,22.70546346,803.9586173
1124,n_6406,n_18990,169.4371819,594.5105198
1125,n_7555,n_22779,1898.003978,14340.49845
1126,n_1063,n_1069,61.5352295,307.4641446
1127,n_18689,n_28669,37910.84921,100732.0958
1128,n_10047,n_10045,58.84409119,1494.408691
1129,n_7701,n_22868,834.297017,1678.242199
1130,n_9909,n_9906,34.18050229,1049.258721
1131,n_6897,n_7619,18.91642599,713.8633205
1132,n_23779,n_28947,179.3143975,3086.713298
1133,n_17955,n_18292,3508.638267,4275.235997
1134,n_7590,n_22813,145.8047226,2697.789927
1135,n_9838,n_23773,14243.35075,53259.16399
1136,n_9508,n_23787,1244.826592,10897.04361
1137,n_23797,n_23799,56.11465011,1448.910193
1138,n_1048,n_1061,474.6246057,5816.970151
1139,n_25970,n_14783,769.8507853,1592.669033
1140,n_6916,n_6969,394.3208691,1030.322212
1141,n_6901,n_6906,32.83699774,1022.222473
1142,n_3,n_18308,144.3843006,535.7008926
1143,n_6698,n_22546,4091.078331,23642.81737
1144,n_6697,n_6703,49.65242791,1337.981417
1145,n_13964,n_14034,214.042007,692.1970209
1146,n_18710,n_6692,100.3116378,2114.815735
1147,n_23777,n_9852,40.6370758,1174.360235
1148,n_1517,n_20883,139.0209015,522.660901
1149,n_6403,n_18867,218.122106,700.7584775
1150,n_9891,n_23800,18.52463393,704.2029418
1151,n_23771,n_28993,40.48465335,1171.49082
1152,n_10014,n_14521,105.4199174,436.5133462
1153,n_340,n_6907,34.89101757,1063.406718
1154,n_8330,n_28300,17.78011997,685.6465643
1155,n_22548,n_22818,98.56492452,2090.769236
1156,n_23823,n_9959,290.664042,4227.275619
1157,n_14503,n_14505,30994.502,17656.36031
1158,n_4477,n_30852,2413.001273,16766.32146
1159,n_9834,n_28666,55.53105987,1439.082641
1160,n_1837,n_22549,6476.661868,31884.70989
1161,n_23783,n_28652,40.72810544,1176.072114
1162,n_29872,n_29874,16214.29648,57947.73861
1163,n_19358,n_29661,501.1142405,1204.297232
1164,n_26833,n_28707,1097.26947,2005.944084
1165,n_4169,n_13431,907.58935,1772.804563
1166,n_7092,n_1924,43.39648827,1225.676217
1167,n_4534,n_14030,273.8349143,812.6061212
1168,n_9948,n_23815,165.5793696,2930.662959
1169,n_15847,n_10239,16.90078705,132.569091
1170,n_8337,n_28300,46.16514444,1276.031414
1171,n_6941,n_30950,1004.919203,9479.38579
1172,n_6967,n_28707,16.22884389,646.0855669
1173,n_19634,n_28668,426.4926927,5425.818613
1174,n_6404,n_6655,93.96044429,2026.65609
1175,n_9821,n_23774,60.35753828,303.6204963
1176,n_18869,n_30522,1538.564206,12508.49601
1177,n_6967,n_6986,218.5821638,701.7203166
1178,n_10017,n_28707,12.12504589,534.4052431
1179,n_1069,n_18137,48.47781155,263.2469598
1180,n_18293,n_18294,67.24332312,325.7425378
1181,n_7719,n_18302,39.51234014,1153.097006
1182,n_6681,n_22521,213.9683172,3462.982753
1183,n_4097,n_21284,13450.08952,10253.56659
1184,n_7619,n_22868,168.7397599,2966.95779
1185,n_89,n_19629,13025.99565,10041.92057
1186,n_9480,n_23599,109.6970547,447.9626355
1187,n_29979,n_30069,82.23380715,1858.192195
1188,n_6956,n_28703,265.3131955,796.0528087
1189,n_9829,n_9832,162.7604533,2898.085212
1190,n_18310,n_9882,89.43600208,392.2016578
1191,n_7011,n_28710,34.99983551,1065.564617
1192,n_15847,n_30957,74.09671701,346.9876314
1193,n_18866,n_18696,46.11894166,1275.199895
1194,n_6677,n_10039,36.56886902,1096.423735
1195,n_29962,n_18703,148.3880714,545.3252538
1196,n_28296,n_10239,128.3118105,496.0853995
1197,n_6912,n_6922,188.0090359,3183.341061
1198,n_28766,n_18866,122.0749046,2403.181683
1199,n_9912,n_23794,72.96676933,1719.045116
1200,n_9910,n_23804,113.4956444,2291.839915
1201,n_9840,n_23774,77.76615628,358.0795919
1202,n_1998,n_29924,16965.58948,531092.2583
1203,n_14571,n_26304,35320.34508,19223.79391
1204,n_1514,n_28509,14.22979536,593.0962075
1205,n_1953,n_1960,23.94381216,7405.858635
1206,n_30630,n_29240,278.3326512,821.2703296
1207,n_6703,n_7618,40.87193757,1178.774264
1208,n_30412,n_10014,55.01129424,1430.299496
1209,n_6691,n_22549,65.31295888,1599.401157
1210,n_15776,n_26871,109.3776365,447.1130473
1211,n_9894,n_29003,77.71031551,1790.995269
1212,n_10240,n_18289,626.2255215,1392.344149
1213,n_6401,n_22425,153.2702075,556.9392935
1214,n_207,n_244,4612.537153,5108.574456
1215,n_1850,n_20153,282.0681637,828.4291418
1216,n_28669,n_9419,7.943938749,405.8038709
1217,n_22592,n_6895,101.3047527,2128.422475
1218,n_23775,n_9846,53.99249288,1412.998996
1219,n_9926,n_9928,223.5918771,3563.597891
1220,n_29970,n_30949,169.0357828,2970.345198
1221,n_10042,n_23853,65.09569446,1595.935544
1222,n_321,n_19230,109.6669578,2241.208012
1223,n_7602,n_22815,235.0993104,3681.946343
1224,n_9940,n_18298,647.105824,1422.393612
1225,n_9966,n_9976,169.0790392,2970.84001
1226,n_10835,n_24341,9348.579338,8091.522847
1227,n_9839,n_9842,331.9378746,4608.937359
1228,n_22612,n_23778,15.66983636,631.509353
1229,n_6668,n_22537,1070.505646,1973.955153
1230,n_14523,n_26275,828.2271401,1670.283398
1231,n_6967,n_6682,23.880116,830.7962742
1232,n_4093,n_28470,5.720467009,2916.140729
1233,n_6682,n_7011,32.09905183,1007.208188
1234,n_9856,n_9883,3743.451671,22314.80238
1235,n_9913,n_29004,89.74219001,1966.951498
1236,n_9947,n_23818,1707.540828,13386.48041
1237,n_30421,n_18696,278.7040948,4113.212467
1238,n_13841,n_30630,543.6489447,1269.893332
1239,n_10043,n_23856,113.5614136,2292.704415
1240,n_10009,n_29015,43.90734841,1235.05002
1241,n_2106,n_26292,6022.1222,6077.036341
1242,n_18290,n_29007,162.6074256,578.7983053
1243,n_14504,n_26267,4635.594033,5125.184212
1244,n_9892,n_30494,399.0502565,5195.911997
1245,n_27913,n_27914,15874.93138,57155.26487
1246,n_9853,n_23778,99.69356585,2106.32375
1247,n_14492,n_30260,2067.79766,3030.195166
1248,n_6646,n_28470,172.5949771,3010.912608
1249,n_18688,n_29024,1287.498646,11138.78901
1250,n_18689,n_22544,249.9648821,3831.88133
1251,n_6048,n_28509,91.2820957,397.4531053
1252,n_9419,n_9872,67.83789302,1639.386382
1253,n_14576,n_14577,137.9206847,519.9643995
1254,n_9937,n_18295,680.6707655,1469.99859
1255,n_22813,n_28767,232.2678172,3653.016947
1256,n_7089,n_9820,24.82378067,852.0240277
1257,n_28300,n_28301,408.0107969,1053.469861
1258,n_18026,n_28300,142.8271666,531.9327277
1259,n_4534,n_14032,151.3472738,552.3804934
1260,n_9480,n_9484,12.87048464,555.5704054
1261,n_6680,n_22538,1647.946204,2613.995166
1262,n_6659,n_22538,361.4142443,973.5007602
1263,n_1850,n_28509,110.8032211,450.8981677
1264,n_4534,n_4536,27.97360068,920.9287105
1265,n_3088,n_23902,41.00441636,1181.260185
1266,n_26265,n_28305,145.1807349,537.6227278
1267,n_15825,n_15826,4692.111777,5165.777101
1268,n_9926,n_30064,115.7486276,2321.355429
1269,n_28106,n_28107,637.0873289,1408.01861
1270,n_6974,n_6976,2484.114014,3414.534696
1271,n_7046,n_22609,216.9115112,698.224108
1272,n_13431,n_4166,1161.831585,2082.011274
1273,n_319,n_29979,42.0941337,1201.60318
1274,n_18704,n_22427,90.60642899,1979.262248
1275,n_7587,n_19223,148.927786,2735.268886
1276,n_27917,n_27913,311.3570578,4420.834393
1277,n_9846,n_18698,22.30097562,794.6056663
1278,n_4534,n_7720,137.6052708,519.1899743
1279,n_2416,n_20311,574.928652,6590.244177
1280,n_29000,n_9882,62.67712689,311.1665313
